time(UTC),Year,Month,Day,Hour(UTC),Hour Taxila,G(h),Gd(h),T2m,RH,Gb(n),IR(h),WS10m,WD10m,SP,,,,,,
20050101:0000,2005,01,01,00,5,0,0,8,78.14,0,379.11,2.37,83,94150,,,,,Latitude (decimal degrees): 33.747,
20050101:0100,2005,01,01,01,6,0,0,8,77.99,0,386.86,2.36,96,94180,,,,,Longitude (decimal degrees): 72.807,
20050101:0200,2005,01,01,02,7,0,0,8.01,77.83,0,394.62,2.34,108,94250,,,,,Elevation (m): 513.0,
20050101:0300,2005,01,01,03,8,20.8,20.8,8.02,77.68,0,402.37,2.33,120,94370,,,,,Irradiance Time Offset (h): 0.5,
20050101:0400,2005,01,01,04,9,31.55,31.55,8.03,77.52,0,410.13,2.32,131,94500,,,,,month,year
20050101:0500,2005,01,01,05,10,45.65,45.65,8.04,77.37,0,417.89,2.31,126,94620,,,,,1,2005
20050101:0600,2005,01,01,06,11,62.15,62.15,8.05,77.21,0,425.64,2.29,2,94720,,,,,2,2017
20050101:0700,2005,01,01,07,12,57.85,57.85,8.06,77.05,0,433.4,2.28,11,94670,,,,,3,2009
20050101:0800,2005,01,01,08,13,113.2,113.1,8.64,82.85,0.19,341.95,2.62,23,94640,,,,,4,2015
20050101:0900,2005,01,01,09,14,124.3,116.05,8.85,82.85,17.74,341.55,3.1,31,94580,,,,,5,2021
20050101:1000,2005,01,01,10,15,88.9,58.85,9.01,76.95,85.36,335.95,3.1,27,94560,,,,,6,2014
20050101:1100,2005,01,01,11,16,34.3,22.8,9.39,71.5,57.44,335.55,2.83,18,94570,,,,,7,2016
20050101:1200,2005,01,01,12,17,0.3,0.3,9.09,74.15,0,330.55,2.55,6,94560,,,,,8,2005
20050101:1300,2005,01,01,13,18,0,0,8.01,79.7,0,297.45,2.55,359,94560,,,,,9,2005
20050101:1400,2005,01,01,14,19,0,0,8.01,79.7,0,323.55,2.28,353,94570,,,,,10,2021
20050101:1500,2005,01,01,15,20,0,0,8.08,79.7,0,333.25,2.14,348,94600,,,,,11,2007
20050101:1600,2005,01,01,16,21,0,0,8.02,79.7,0,330.15,2.14,344,94620,,,,,12,2023
20050101:1700,2005,01,01,17,22,0,0,7.99,79.7,0,331.9,2.14,343,94600,,,,,,
20050101:1800,2005,01,01,18,23,0,0,7.86,79.7,0,327.85,2,345,94580,,,,,,
20050101:1900,2005,01,01,19,0,0,0,7.67,82.7,0,321.05,1.93,335,94560,,,,,,
20050101:2000,2005,01,01,20,1,0,0,7.56,85.8,0,320.65,1.79,331,94530,,,,,,
20050101:2100,2005,01,01,21,2,0,0,7.41,85.8,0,320.3,1.59,336,94490,,,,,,
20050101:2200,2005,01,01,22,3,0,0,7.28,85.8,0,320.85,1.31,341,94510,,,,,,
20050101:2300,2005,01,01,23,4,0,0,7.04,89,0,315.25,1.31,348,94480,,,,,,
20050102:0000,2005,01,02,00,5,0,0,7.14,85.8,0,324.55,1.31,360,94450,,,,,,
20050102:0100,2005,01,02,01,6,0,0,7.19,85.8,0,326,1.17,1,94460,,,,,,
20050102:0200,2005,01,02,02,7,0,0,7.01,89,0,320.85,1.03,2,94500,,,,,,
20050102:0300,2005,01,02,03,8,91,71.3,7.17,89,152.21,323.4,0.76,11,94550,,,,,,
20050102:0400,2005,01,02,04,9,168.8,127.35,8.92,79.85,140.75,311.75,0.48,358,94630,,,,,,
20050102:0500,2005,01,02,05,10,188.35,131.15,10.3,69.1,134.67,321.85,0.41,338,94660,,,,,,
20050102:0600,2005,01,02,06,11,284.2,168.7,10.92,66.65,225.89,330.35,0.55,321,94680,,,,,,
20050102:0700,2005,01,02,07,12,354.8,167.55,11.67,62.1,341.51,328.4,0.62,281,94590,,,,,,
20050102:0800,2005,01,02,08,13,372.35,111.7,12.36,62.2,488.88,324.75,0.69,307,94520,,,,,,
20050102:0900,2005,01,02,09,14,330.5,90.3,12.69,62.2,514.41,315.85,0.97,330,94430,,,,,,
20050102:1000,2005,01,02,10,15,175.05,78.35,12.93,64.55,273.04,310.2,1.31,335,94390,,,,,,
20050102:1100,2005,01,02,11,16,60.8,35.35,12.33,62.2,125.68,308.3,1.31,334,94370,,,,,,
20050102:1200,2005,01,02,12,17,0.5,0.5,11.26,69.25,0,310.05,1.38,340,94360,,,,,,
20050102:1300,2005,01,02,13,18,0,0,9.88,77.1,0,304.8,1.79,354,94380,,,,,,
20050102:1400,2005,01,02,14,19,0,0,8.77,82.85,0,300.55,1.86,8,94420,,,,,,
20050102:1500,2005,01,02,15,20,0,0,8.19,85.9,0,307.7,1.86,17,94450,,,,,,
20050102:1600,2005,01,02,16,21,0,0,7.21,92.35,0,299,1.79,21,94500,,,,,,
20050102:1700,2005,01,02,17,22,0,0,6.42,92.3,0,286.8,1.86,23,94520,,,,,,
20050102:1800,2005,01,02,18,23,0,0,6.16,92.3,0,295.1,1.93,37,94510,,,,,,
20050102:1900,2005,01,02,19,0,0,0,5.94,95.75,0,290.85,1.86,45,94480,,,,,,
20050102:2000,2005,01,02,20,1,0,0,6.1,95.75,0,304.2,1.72,45,94480,,,,,,
20050102:2100,2005,01,02,21,2,0,0,6.01,92.3,0,297.45,1.52,34,94460,,,,,,
20050102:2200,2005,01,02,22,3,0,0,5.74,92.3,0,285.45,1.38,20,94500,,,,,,
20050102:2300,2005,01,02,23,4,0,0,5.06,99.4,0,286.8,1.52,360,94480,,,,,,
20050103:0000,2005,01,03,00,5,0,0,4.7,95.75,0,294.55,1.66,357,94490,,,,,,
20050103:0100,2005,01,03,01,6,0,0,4.42,99.4,0,286.7,1.86,2,94530,,,,,,
20050103:0200,2005,01,03,02,7,0,0,4.43,99.4,0,289.9,1.79,7,94610,,,,,,
20050103:0300,2005,01,03,03,8,120.95,59.5,5.05,99.4,475.7,293.6,1.45,10,94690,,,,,,
20050103:0400,2005,01,03,04,9,285.25,85,8.2,85.9,679.77,295.5,1.17,4,94800,,,,,,
20050103:0500,2005,01,03,05,10,437.4,105.4,10.58,74.4,780.77,288.55,1.31,350,94870,,,,,,
20050103:0600,2005,01,03,06,11,437.15,102.7,12.03,69.35,652.97,291.25,1.24,354,94900,,,,,,
20050103:0700,2005,01,03,07,12,485.4,161.5,12.7,64.55,589.37,296.85,1.24,357,94810,,,,,,
20050103:0800,2005,01,03,08,13,464.85,102.7,13.54,60.05,677.16,304.8,1.03,17,94760,,,,,,
20050103:0900,2005,01,03,09,14,351.05,81.95,14.04,55.9,573.88,299.4,0.76,23,94720,,,,,,
20050103:1000,2005,01,03,10,15,214.35,75.6,14.18,55.9,389.34,301.9,0.69,359,94700,,,,,,
20050103:1100,2005,01,03,11,16,78.1,29.25,14,55.9,238.46,305.55,0.83,324,94720,,,,,,
20050103:1200,2005,01,03,12,17,0.6,0.6,13.06,62.2,0,296.65,1.31,301,94750,,,,,,
20050103:1300,2005,01,03,13,18,0,0,11.22,69.25,0,277.1,1.72,324,94810,,,,,,
20050103:1400,2005,01,03,14,19,0,0,9.55,79.9,0,276.55,2,344,94850,,,,,,
20050103:1500,2005,01,03,15,20,0,0,8.36,82.75,0,275,2.07,357,94900,,,,,,
20050103:1600,2005,01,03,16,21,0,0,7.51,85.8,0,272.85,2.21,7,94930,,,,,,
20050103:1700,2005,01,03,17,22,0,0,6.84,85.75,0,271.7,2.21,10,94970,,,,,,
20050103:1800,2005,01,03,18,23,0,0,6.36,88.95,0,270.75,2.21,15,94980,,,,,,
20050103:1900,2005,01,03,19,0,0,0,6.23,88.95,0,280.6,2.14,25,94980,,,,,,
20050103:2000,2005,01,03,20,1,0,0,6.27,88.95,0,289.9,2.07,23,94940,,,,,,
20050103:2100,2005,01,03,21,2,0,0,6.26,88.95,0,295.1,1.93,18,94920,,,,,,
20050103:2200,2005,01,03,22,3,0,0,6.02,92.3,0,289.9,1.93,12,94890,,,,,,
20050103:2300,2005,01,03,23,4,0,0,5.81,92.3,0,290.3,1.79,7,94860,,,,,,
20050104:0000,2005,01,04,00,5,0,0,5.46,95.75,0,282.75,1.86,8,94850,,,,,,
20050104:0100,2005,01,04,01,6,0,0,5.29,92.25,0,287.7,1.79,9,94870,,,,,,
20050104:0200,2005,01,04,02,7,0,0,5.12,92.25,0,288.95,1.72,12,94910,,,,,,
20050104:0300,2005,01,04,03,8,137.35,95.2,5.29,92.25,326.66,286.2,1.52,17,94950,,,,,,
20050104:0400,2005,01,04,04,9,277.2,155.9,8.48,82.75,411.5,292.8,0.9,6,95010,,,,,,
20050104:0500,2005,01,04,05,10,351.25,232.45,11.97,62.1,279.01,288.95,0.76,332,95050,,,,,,
20050104:0600,2005,01,04,06,11,420.25,250.2,13.37,55.75,331.37,297.45,1.17,303,95040,,,,,,
20050104:0700,2005,01,04,07,12,447.5,261.6,13.63,55.75,337.41,300.75,1.24,304,95030,,,,,,
20050104:0800,2005,01,04,08,13,403.25,224.5,14.33,52,333.14,305.4,1.45,293,94950,,,,,,
20050104:0900,2005,01,04,09,14,309.1,200.55,14.53,52,230.48,305,1.52,296,94860,,,,,,
20050104:1000,2005,01,04,10,15,201.5,122.8,14.47,52,219.42,305.75,1.31,298,94810,,,,,,
20050104:1100,2005,01,04,11,16,77.2,39.2,13.92,55.9,183.32,291.65,1.17,291,94770,,,,,,
20050104:1200,2005,01,04,12,17,0.8,0.8,12.69,62.2,0,280.8,1.45,294,94750,,,,,,
20050104:1300,2005,01,04,13,18,0,0,10.53,74.4,0,269.4,1.59,322,94760,,,,,,
20050104:1400,2005,01,04,14,19,0,0,8.73,79.85,0,266.5,1.79,350,94760,,,,,,
20050104:1500,2005,01,04,15,20,0,0,7.52,82.65,0,269,1.86,7,94790,,,,,,
20050104:1600,2005,01,04,16,21,0,0,6.54,88.95,0,265.1,1.86,15,94770,,,,,,
20050104:1700,2005,01,04,17,22,0,0,5.91,88.9,0,270.55,1.79,18,94760,,,,,,
20050104:1800,2005,01,04,18,23,0,0,5.2,88.85,0,260.1,1.86,16,94730,,,,,,
20050104:1900,2005,01,04,19,0,0,0,4.58,92.2,0,262.6,1.72,13,94690,,,,,,
20050104:2000,2005,01,04,20,1,0,0,4.33,92.2,0,256.6,1.66,12,94650,,,,,,
20050104:2100,2005,01,04,21,2,0,0,4.03,92.15,0,255.25,1.72,14,94630,,,,,,
20050104:2200,2005,01,04,22,3,0,0,3.56,92.15,0,254.65,1.79,19,94590,,,,,,
20050104:2300,2005,01,04,23,4,0,0,3.11,88.7,0,254.65,1.79,20,94560,,,,,,
20050105:0000,2005,01,05,00,5,0,0,2.8,92.15,0,253.15,1.86,21,94520,,,,,,
20050105:0100,2005,01,05,01,6,0,0,2.56,92.1,0,252.25,1.86,21,94530,,,,,,
20050105:0200,2005,01,05,02,7,0,0,2.33,92.1,0,251.75,1.86,19,94530,,,,,,
20050105:0300,2005,01,05,03,8,188.25,50.55,2.9,88.65,1067.58,251.2,1.52,20,94570,,,,,,
20050105:0400,2005,01,05,04,9,359.7,68.8,7.07,85.75,985.88,254.5,0.83,11,94630,,,,,,
20050105:0500,2005,01,05,05,10,491.05,77.35,11.61,59.7,970.04,261.05,0.83,315,94670,,,,,,
20050105:0600,2005,01,05,06,11,567.6,83.8,13.34,53.7,940.76,267.45,1.31,292,94670,,,,,,
20050105:0700,2005,01,05,07,12,581.9,85.4,14.25,52,898.73,274.05,1.52,285,94650,,,,,,
20050105:0800,2005,01,05,08,13,531.85,82.3,14.92,50.25,834.94,277.5,1.38,289,94580,,,,,,
20050105:0900,2005,01,05,09,14,421.95,74.8,15.26,48.55,733.72,279.85,1.17,286,94530,,,,,,
20050105:1000,2005,01,05,10,15,265.35,61.55,15.2,48.55,564.46,280.6,0.9,280,94490,,,,,,
20050105:1100,2005,01,05,11,16,90.85,32.55,14.8,50.25,277.89,279.85,0.62,277,94510,,,,,,
20050105:1200,2005,01,05,12,17,0.95,0.95,13.75,55.9,0,277.5,0.76,290,94500,,,,,,
20050105:1300,2005,01,05,13,18,0,0,11.8,64.45,0,272.3,0.83,346,94560,,,,,,
20050105:1400,2005,01,05,14,19,0,0,9.58,74.2,0,269.95,1.45,24,94590,,,,,,
20050105:1500,2005,01,05,15,20,0,0,7.95,79.7,0,268.6,1.93,36,94640,,,,,,
20050105:1600,2005,01,05,16,21,0,0,7.01,85.75,0,267.45,2.07,41,94650,,,,,,
20050105:1700,2005,01,05,17,22,0,0,6.26,85.7,0,266.65,2.07,39,94670,,,,,,
20050105:1800,2005,01,05,18,23,0,0,5.64,88.9,0,265.1,2,35,94670,,,,,,
20050105:1900,2005,01,05,19,0,0,0,5.14,88.85,0,265.7,1.93,30,94660,,,,,,
20050105:2000,2005,01,05,20,1,0,0,4.87,92.25,0,264.55,1.86,23,94650,,,,,,
20050105:2100,2005,01,05,21,2,0,0,4.6,88.85,0,262.6,1.86,16,94640,,,,,,
20050105:2200,2005,01,05,22,3,0,0,4.2,92.2,0,261.65,1.93,9,94620,,,,,,
20050105:2300,2005,01,05,23,4,0,0,3.89,92.15,0,260.65,2,6,94580,,,,,,
20050106:0000,2005,01,06,00,5,0,0,3.65,92.15,0,259.15,2,4,94560,,,,,,
20050106:0100,2005,01,06,01,6,0,0,3.4,92.15,0,258.25,2.07,3,94570,,,,,,
20050106:0200,2005,01,06,02,7,0,0,3.17,92.15,0,257.2,2.07,3,94620,,,,,,
20050106:0300,2005,01,06,03,8,187,52,3.54,95.7,1046.24,256.8,1.86,3,94680,,,,,,
20050106:0400,2005,01,06,04,9,357.8,70.65,7.77,82.7,971.86,259.3,1.31,350,94760,,,,,,
20050106:0500,2005,01,06,05,10,491.2,80.45,12.02,59.85,961.34,264.95,1.66,327,94830,,,,,,
20050106:0600,2005,01,06,06,11,568.4,85.75,13.74,53.85,936.34,270.95,2.07,313,94830,,,,,,
20050106:0700,2005,01,06,07,12,583.65,86.1,14.79,50.25,898.03,275.75,2.14,308,94810,,,,,,
20050106:0800,2005,01,06,08,13,533.8,83.25,15.52,48.55,833.77,278.85,2.21,308,94740,,,,,,
20050106:0900,2005,01,06,09,14,424.3,76.5,15.89,46.9,731.61,281.2,2.41,307,94690,,,,,,
20050106:1000,2005,01,06,10,15,265.9,66.3,15.76,46.9,549.08,281.95,2.48,306,94650,,,,,,
20050106:1100,2005,01,06,11,16,91.85,36.75,15.01,52.15,259.44,282.75,2,297,94650,,,,,,
20050106:1200,2005,01,06,12,17,1.25,1.25,13.2,60.05,0,279.85,2.07,303,94660,,,,,,
20050106:1300,2005,01,06,13,18,0,0,11.18,66.75,0,279.05,2,330,94670,,,,,,
20050106:1400,2005,01,06,14,19,0,0,9.75,74.3,0,283.3,2,353,94720,,,,,,
20050106:1500,2005,01,06,15,20,0,0,8.59,79.75,0,280.05,2,3,94730,,,,,,
20050106:1600,2005,01,06,16,21,0,0,7.62,82.65,0,274.05,2.07,5,94760,,,,,,
20050106:1700,2005,01,06,17,22,0,0,6.85,85.75,0,273.45,2.07,8,94750,,,,,,
20050106:1800,2005,01,06,18,23,0,0,6.04,88.9,0,266.3,2.07,10,94750,,,,,,
20050106:1900,2005,01,06,19,0,0,0,5.19,88.85,0,263.2,2.07,19,94720,,,,,,
20050106:2000,2005,01,06,20,1,0,0,4.78,88.85,0,262.05,2.14,18,94680,,,,,,
20050106:2100,2005,01,06,21,2,0,0,4.4,88.8,0,261.65,2.14,14,94620,,,,,,
20050106:2200,2005,01,06,22,3,0,0,4.1,85.5,0,260.65,2.21,10,94610,,,,,,
20050106:2300,2005,01,06,23,4,0,0,3.79,85.45,0,256.4,2.21,9,94570,,,,,,
20050107:0000,2005,01,07,00,5,0,0,3.48,85.4,0,254.5,2.28,9,94530,,,,,,
20050107:0100,2005,01,07,01,6,0,0,3.15,82.2,0,252.85,2.28,9,94540,,,,,,
20050107:0200,2005,01,07,02,7,0,0,2.79,82.15,0,251.75,2.21,9,94580,,,,,,
20050107:0300,2005,01,07,03,8,190.05,52,3.12,82.2,1068.63,250.8,1.93,10,94650,,,,,,
20050107:0400,2005,01,07,04,9,362.75,70.55,7.34,79.65,987.27,253.7,1.31,354,94720,,,,,,
20050107:0500,2005,01,07,05,10,497.25,80.4,12.59,49.7,973.57,259.15,1.52,325,94770,,,,,,
20050107:0600,2005,01,07,06,11,575.45,85.3,14.49,41.5,948.49,265.3,2,310,94760,,,,,,
20050107:0700,2005,01,07,07,12,590.7,86.1,15.27,38.7,907.97,269.75,2.21,307,94700,,,,,,
20050107:0800,2005,01,07,08,13,540.7,83.05,15.97,40.35,843.71,273.45,2.28,300,94640,,,,,,
20050107:0900,2005,01,07,09,14,430.15,77.1,16.22,40.5,739.01,276.75,2.28,299,94560,,,,,,
20050107:1000,2005,01,07,10,15,273.75,61.95,16.04,43.5,578.59,278.65,2.21,297,94540,,,,,,
20050107:1100,2005,01,07,11,16,97.1,34.1,15.21,48.55,292.97,278.1,1.86,290,94520,,,,,,
20050107:1200,2005,01,07,12,17,1.3,1.3,13.37,57.9,0,275,1.93,295,94510,,,,,,
20050107:1300,2005,01,07,13,18,0,0,11.14,66.65,0,271.3,1.79,324,94540,,,,,,
20050107:1400,2005,01,07,14,19,0,0,9.35,74.2,0,271.5,1.79,358,94550,,,,,,
20050107:1500,2005,01,07,15,20,0,0,8.14,76.85,0,275.75,1.79,15,94570,,,,,,
20050107:1600,2005,01,07,16,21,0,0,7.34,82.65,0,268.4,1.72,17,94560,,,,,,
20050107:1700,2005,01,07,17,22,0,0,6.98,82.6,0,268.8,1.66,13,94570,,,,,,
20050107:1800,2005,01,07,18,23,0,0,6.42,82.55,0,266.85,1.72,13,94560,,,,,,
20050107:1900,2005,01,07,19,0,0,0,5,88.85,0,260.3,1.79,26,94520,,,,,,
20050107:2000,2005,01,07,20,1,0,0,4.51,88.8,0,258.75,1.86,23,94470,,,,,,
20050107:2100,2005,01,07,21,2,0,0,4.22,85.5,0,259.1,1.93,21,94420,,,,,,
20050107:2200,2005,01,07,22,3,0,0,3.89,85.45,0,257.75,1.93,17,94370,,,,,,
20050107:2300,2005,01,07,23,4,0,0,3.66,85.45,0,257.6,1.93,13,94330,,,,,,
20050108:0000,2005,01,08,00,5,0,0,3.36,85.4,0,255.65,2,8,94290,,,,,,
20050108:0100,2005,01,08,01,6,0,0,3.21,82.2,0,255.75,2.07,8,94300,,,,,,
20050108:0200,2005,01,08,02,7,0,0,3.02,85.35,0,253.9,2.21,15,94320,,,,,,
20050108:0300,2005,01,08,03,8,190.1,51.5,3.33,82.2,1070.81,253.15,1.86,21,94340,,,,,,
20050108:0400,2005,01,08,04,9,360.35,68.95,8.23,71.35,982.55,256.6,0.9,4,94430,,,,,,
20050108:0500,2005,01,08,05,10,501.15,75.05,12.66,51.65,992.85,262.6,1.17,305,94470,,,,,,
20050108:0600,2005,01,08,06,11,579.05,86.4,14.35,44.75,950.73,266.3,1.79,296,94480,,,,,,
20050108:0700,2005,01,08,07,12,577.25,95.6,15.46,41.75,863.88,274.8,1.52,303,94470,,,,,,
20050108:0800,2005,01,08,08,13,520.95,79.4,16.11,40.35,810.81,279.25,1.52,300,94420,,,,,,
20050108:0900,2005,01,08,09,14,411.35,85.1,16.34,39,679.46,281.75,1.52,306,94380,,,,,,
20050108:1000,2005,01,08,10,15,256,78.2,16.29,39,482.24,291.45,1.38,306,94340,,,,,,
20050108:1100,2005,01,08,11,16,87.4,36.85,15.77,43.5,232.14,303.05,1.24,298,94350,,,,,,
20050108:1200,2005,01,08,12,17,1.4,1.4,14.31,52,0,287.55,1.31,296,94330,,,,,,
20050108:1300,2005,01,08,13,18,0,0,11.63,71.85,0,283.5,1.31,344,94370,,,,,,
20050108:1400,2005,01,08,14,19,0,0,10,71.6,0,289.3,1.59,6,94390,,,,,,
20050108:1500,2005,01,08,15,20,0,0,9.51,71.5,0,292.4,1.45,15,94420,,,,,,
20050108:1600,2005,01,08,16,21,0,0,8.91,71.4,0,290.1,1.52,36,94440,,,,,,
20050108:1700,2005,01,08,17,22,0,0,7.49,79.65,0,277.7,2,43,94450,,,,,,
20050108:1800,2005,01,08,18,23,0,0,6.61,82.55,0,271.1,2,43,94460,,,,,,
20050108:1900,2005,01,08,19,0,0,0,5.93,85.65,0,274.4,2,49,94490,,,,,,
20050108:2000,2005,01,08,20,1,0,0,5.45,85.6,0,269.2,2,49,94450,,,,,,
20050108:2100,2005,01,08,21,2,0,0,5.04,88.85,0,268.6,1.93,47,94430,,,,,,
20050108:2200,2005,01,08,22,3,0,0,5.08,88.85,0,278.5,1.72,40,94390,,,,,,
20050108:2300,2005,01,08,23,4,0,0,4.97,85.55,0,267.85,1.66,24,94360,,,,,,
20050109:0000,2005,01,09,00,5,0,0,4.58,85.5,0,268.05,1.79,13,94320,,,,,,
20050109:0100,2005,01,09,01,6,0,0,4.21,85.5,0,272,1.86,11,94330,,,,,,
20050109:0200,2005,01,09,02,7,0,0,3.82,85.45,0,263.2,2,14,94370,,,,,,
20050109:0300,2005,01,09,03,8,181.65,56.05,4.11,85.5,967.75,263.75,1.72,17,94420,,,,,,
20050109:0400,2005,01,09,04,9,353.3,75.35,8.12,82.7,934.95,266.3,0.97,360,94490,,,,,,
20050109:0500,2005,01,09,05,10,490.3,79.85,12.45,53.6,953.92,274.2,1.24,327,94520,,,,,,
20050109:0600,2005,01,09,06,11,564.25,93.3,13.95,48.15,906.2,273.05,1.52,309,94520,,,,,,
20050109:0700,2005,01,09,07,12,583.4,97.7,14.69,46.5,868.18,279.45,1.72,308,94500,,,,,,
20050109:0800,2005,01,09,08,13,539.15,83.25,15.34,43.4,833.72,286.05,2,303,94410,,,,,,
20050109:0900,2005,01,09,09,14,433.3,77.3,15.55,43.4,737.54,280.2,2.14,302,94330,,,,,,
20050109:1000,2005,01,09,10,15,278.85,62.75,15.37,43.4,581.85,280.4,2.14,302,94280,,,,,,
20050109:1100,2005,01,09,11,16,102.2,35.15,14.67,50.1,304.01,278.85,1.93,298,94250,,,,,,
20050109:1200,2005,01,09,12,17,2.15,1.6,13.04,57.75,13.6,275.75,1.86,299,94230,,,,,,
20050109:1300,2005,01,09,13,18,0,0,10.91,64.25,0,270.15,1.86,323,94270,,,,,,
20050109:1400,2005,01,09,14,19,0,0,9.09,74.15,0,269.6,1.79,352,94280,,,,,,
20050109:1500,2005,01,09,15,20,0,0,7.9,79.7,0,269.75,2,14,94290,,,,,,
20050109:1600,2005,01,09,16,21,0,0,7.01,82.6,0,268.4,2.14,25,94290,,,,,,
20050109:1700,2005,01,09,17,22,0,0,6.3,82.55,0,266.65,2.21,29,94250,,,,,,
20050109:1800,2005,01,09,18,23,0,0,5.62,85.65,0,263.75,2.14,28,94190,,,,,,
20050109:1900,2005,01,09,19,0,0,0,5.1,85.6,0,260.3,2,21,94110,,,,,,
20050109:2000,2005,01,09,20,1,0,0,4.59,88.8,0,258.35,2,15,94050,,,,,,
20050109:2100,2005,01,09,21,2,0,0,4.18,88.8,0,257.6,2.07,9,93980,,,,,,
20050109:2200,2005,01,09,22,3,0,0,3.84,88.75,0,255.85,2.07,1,93920,,,,,,
20050109:2300,2005,01,09,23,4,0,0,3.6,85.45,0,254.85,2.14,357,93840,,,,,,
20050110:0000,2005,01,10,00,5,0,0,3.4,85.4,0,252.95,2.21,355,93810,,,,,,
20050110:0100,2005,01,10,01,6,0,0,3.2,85.4,0,252.05,2.28,354,93780,,,,,,
20050110:0200,2005,01,10,02,7,0,0,2.95,85.35,0,251.4,2.21,355,93790,,,,,,
20050110:0300,2005,01,10,03,8,192.8,52,3.31,85.4,1081.11,249.45,2,354,93810,,,,,,
20050110:0400,2005,01,10,04,9,367.4,71.55,7.46,76.7,992.44,251.2,1.72,335,93870,,,,,,
20050110:0500,2005,01,10,05,10,505.15,80.5,11.17,49.45,984.14,256.2,2.34,317,93920,,,,,,
20050110:0600,2005,01,10,06,11,587.2,84.55,12.53,42.7,964.19,259.5,3.03,314,93930,,,,,,
20050110:0700,2005,01,10,07,12,603.75,85.85,13.56,39.65,922.43,263.75,3.86,310,93830,,,,,,
20050110:0800,2005,01,10,08,13,556.5,81.05,14,38.3,865.77,266.1,4.07,310,93780,,,,,,
20050110:0900,2005,01,10,09,14,446.9,74.1,14.21,37,768.2,266.5,3.93,310,93760,,,,,,
20050110:1000,2005,01,10,10,15,286.1,63.8,14.19,39.8,594.1,268.4,3.66,308,93760,,,,,,
20050110:1100,2005,01,10,11,16,107.35,36.15,13.69,42.95,318.69,268.2,2.97,308,93790,,,,,,
20050110:1200,2005,01,10,12,17,2.6,1.9,12.1,49.6,16.18,265.5,2.14,314,93820,,,,,,
20050110:1300,2005,01,10,13,18,0,0,10.07,59.35,0,260.65,2,331,93890,,,,,,
20050110:1400,2005,01,10,14,19,0,0,8.36,66.15,0,258.15,2.07,349,93940,,,,,,
20050110:1500,2005,01,10,15,20,0,0,7.09,71.05,0,255.65,2.14,357,93990,,,,,,
20050110:1600,2005,01,10,16,21,0,0,6.07,73.65,0,253.3,2.14,2,94050,,,,,,
20050110:1700,2005,01,10,17,22,0,0,5.28,73.55,0,251.4,2.21,7,94080,,,,,,
20050110:1800,2005,01,10,18,23,0,0,4.56,76.25,0,249.25,2.14,12,94100,,,,,,
20050110:1900,2005,01,10,19,0,0,0,3.78,79.15,0,247.7,1.93,19,94080,,,,,,
20050110:2000,2005,01,10,20,1,0,0,3.17,79.1,0,245.75,1.93,17,94090,,,,,,
20050110:2100,2005,01,10,21,2,0,0,2.58,85.3,0,244.6,2,16,94090,,,,,,
20050110:2200,2005,01,10,22,3,0,0,2.23,82.05,0,243.05,2.07,14,94100,,,,,,
20050110:2300,2005,01,10,23,4,0,0,1.9,82.05,0,241.9,2.21,16,94080,,,,,,
20050111:0000,2005,01,11,00,5,0,0,1.5,82,0,240.35,2.14,15,94100,,,,,,
20050111:0100,2005,01,11,01,6,0,0,1.13,82,0,238.7,2.14,13,94120,,,,,,
20050111:0200,2005,01,11,02,7,0,0,0.76,81.95,0,237.25,2.14,11,94190,,,,,,
20050111:0300,2005,01,11,03,8,199.3,52.5,1.12,82,1122.43,236.3,1.79,10,94280,,,,,,
20050111:0400,2005,01,11,04,9,378.2,70.7,5.68,79.4,1028.35,238.4,1.17,1,94380,,,,,,
20050111:0500,2005,01,11,05,10,518.55,79.35,10.97,51.25,1014.76,244.05,1.1,335,94450,,,,,,
20050111:0600,2005,01,11,06,11,558.7,144.35,13.02,42.7,792.2,250.4,1.24,304,94490,,,,,,
20050111:0700,2005,01,11,07,12,560.4,177.75,13.67,42.8,678.99,267.05,1.31,285,94520,,,,,,
20050111:0800,2005,01,11,08,13,474,213.3,14.31,41.5,472.63,276.15,1.31,291,94460,,,,,,
20050111:0900,2005,01,11,09,14,371.9,183.35,14.53,41.5,386.39,280.2,1.45,285,94430,,,,,,
20050111:1000,2005,01,11,10,15,236.85,128.1,14.33,43.1,288.43,284.3,1.52,282,94430,,,,,,
20050111:1100,2005,01,11,11,16,85.5,60.75,13.67,48,109.35,284.5,1.24,286,94450,,,,,,
20050111:1200,2005,01,11,12,17,2.6,2.55,12.32,53.6,1.08,274.05,1.24,294,94460,,,,,,
20050111:1300,2005,01,11,13,18,0,0,9.89,71.6,0,269,1.17,325,94490,,,,,,
20050111:1400,2005,01,11,14,19,0,0,8.18,76.85,0,266.1,1.45,3,94520,,,,,,
20050111:1500,2005,01,11,15,20,0,0,6.81,79.55,0,261.65,1.93,18,94540,,,,,,
20050111:1600,2005,01,11,16,21,0,0,5.77,82.5,0,257.95,2.07,21,94550,,,,,,
20050111:1700,2005,01,11,17,22,0,0,5.01,85.55,0,260.5,2.14,20,94570,,,,,,
20050111:1800,2005,01,11,18,23,0,0,4.51,88.8,0,266.3,2.07,25,94570,,,,,,
20050111:1900,2005,01,11,19,0,0,0,4.36,88.8,0,281.2,1.72,35,94630,,,,,,
20050111:2000,2005,01,11,20,1,0,0,4.56,92.2,0,293,1.52,35,94590,,,,,,
20050111:2100,2005,01,11,21,2,0,0,4.33,88.8,0,275.6,1.59,25,94590,,,,,,
20050111:2200,2005,01,11,22,3,0,0,3.85,88.75,0,264.55,1.79,19,94550,,,,,,
20050111:2300,2005,01,11,23,4,0,0,3.33,88.7,0,257,1.93,15,94540,,,,,,
20050112:0000,2005,01,12,00,5,0,0,2.87,88.65,0,255.05,1.93,9,94520,,,,,,
20050112:0100,2005,01,12,01,6,0,0,3,88.65,0,270.65,1.86,6,94540,,,,,,
20050112:0200,2005,01,12,02,7,0,0,3.1,85.4,0,273.45,1.93,12,94560,,,,,,
20050112:0300,2005,01,12,03,8,180.6,72.75,3.71,85.45,820.53,273.05,1.59,14,94590,,,,,,
20050112:0400,2005,01,12,04,9,336.95,123.7,7.53,82.65,710.72,270.95,0.83,355,94640,,,,,,
20050112:0500,2005,01,12,05,10,442.6,176.95,11.69,51.5,611.76,271.3,1.17,308,94690,,,,,,
20050112:0600,2005,01,12,06,11,574.8,119.85,13.32,48,866.8,296.85,1.66,290,94700,,,,,,
20050112:0700,2005,01,12,07,12,582.75,122.85,14.33,43.1,812.9,274.4,2.14,297,94710,,,,,,
20050112:0800,2005,01,12,08,13,510.75,136.45,14.92,41.65,675.49,276.95,2.34,297,94620,,,,,,
20050112:0900,2005,01,12,09,14,328.35,171.1,15.01,41.65,320.43,287.95,2.34,299,94570,,,,,,
20050112:1000,2005,01,12,10,15,183.9,96.45,14.55,43.1,230.15,310.4,2.14,295,94540,,,,,,
20050112:1100,2005,01,12,11,16,94.3,45.45,13.64,51.75,213.02,315.85,1.66,298,94540,,,,,,
20050112:1200,2005,01,12,12,17,3.2,2.25,12.39,55.65,19.36,301.7,1.66,323,94520,,,,,,
20050112:1300,2005,01,12,13,18,0,0,10.45,69.1,0,277.9,1.59,338,94550,,,,,,
20050112:1400,2005,01,12,14,19,0,0,8.73,74.15,0,278.5,1.45,356,94580,,,,,,
20050112:1500,2005,01,12,15,20,0,0,7.77,79.7,0,274.4,1.59,10,94610,,,,,,
20050112:1600,2005,01,12,16,21,0,0,7.27,76.7,0,275,1.59,16,94620,,,,,,
20050112:1700,2005,01,12,17,22,0,0,6.85,79.55,0,276.15,1.66,22,94640,,,,,,
20050112:1800,2005,01,12,18,23,0,0,6.47,79.5,0,270.15,1.59,23,94610,,,,,,
20050112:1900,2005,01,12,19,0,0,0,6.08,79.4,0,264.95,1.66,22,94620,,,,,,
20050112:2000,2005,01,12,20,1,0,0,5.64,76.5,0,265.9,1.72,23,94580,,,,,,
20050112:2100,2005,01,12,21,2,0,0,5.06,82.35,0,269.4,1.86,26,94540,,,,,,
20050112:2200,2005,01,12,22,3,0,0,4.23,82.3,0,259.9,2,24,94490,,,,,,
20050112:2300,2005,01,12,23,4,0,0,3.71,85.45,0,260.85,2.07,27,94430,,,,,,
20050113:0000,2005,01,13,00,5,0,0,3.19,85.4,0,256.05,2.14,27,94380,,,,,,
20050113:0100,2005,01,13,01,6,0,0,2.7,88.65,0,255.75,1.93,30,94360,,,,,,
20050113:0200,2005,01,13,02,7,0,0,2.65,85.35,0,257,1.79,30,94330,,,,,,
20050113:0300,2005,01,13,03,8,172.65,64.3,3.51,85.4,819.64,256.6,1.52,34,94370,,,,,,
20050113:0400,2005,01,13,04,9,290.5,139.1,7.45,82.65,502.7,272.1,0.62,58,94410,,,,,,
20050113:0500,2005,01,13,05,10,387.5,181.65,11.48,59.7,472.39,294.75,0.97,215,94460,,,,,,
20050113:0600,2005,01,13,06,11,490.05,191.1,12.69,53.6,567.49,301.7,0,0,94510,,,,,,
20050113:0700,2005,01,13,07,12,417.05,224.5,13.29,51.75,338.97,308.3,0,0,94560,,,,,,
20050113:0800,2005,01,13,08,13,364.75,173.1,13.08,53.6,344.24,317.2,2.76,282,94520,,,,,,
20050113:0900,2005,01,13,09,14,266.65,120.75,12.87,53.6,295.58,315.25,2.83,327,94470,,,,,,
20050113:1000,2005,01,13,10,15,173.3,80.6,12.7,53.6,242.06,311.2,3.24,360,94430,,,,,,
20050113:1100,2005,01,13,11,16,74.2,41.6,12.62,53.6,140.3,320.3,2.48,16,94390,,,,,,
20050113:1200,2005,01,13,12,17,2.85,2.3,12.03,59.85,10.56,314.1,1.45,5,94360,,,,,,
20050113:1300,2005,01,13,13,18,0,0,10.62,74.4,0,316.2,0.97,2,94380,,,,,,
20050113:1400,2005,01,13,14,19,0,0,9.43,71.5,0,294.15,1.1,353,94430,,,,,,
20050113:1500,2005,01,13,15,20,0,0,7.68,79.7,0,282.55,1.45,353,94470,,,,,,
20050113:1600,2005,01,13,16,21,0,0,6.52,88.95,0,280.4,1.66,13,94500,,,,,,
20050113:1700,2005,01,13,17,22,0,0,5.86,92.3,0,285.65,1.79,26,94500,,,,,,
20050113:1800,2005,01,13,18,23,0,0,5.13,92.25,0,276.75,1.72,25,94500,,,,,,
20050113:1900,2005,01,13,19,0,0,0,4.84,92.25,0,265.7,1.79,9,94440,,,,,,
20050113:2000,2005,01,13,20,1,0,0,4.52,92.2,0,263.6,1.93,7,94460,,,,,,
20050113:2100,2005,01,13,21,2,0,0,4.21,92.2,0,263.6,2,9,94420,,,,,,
20050113:2200,2005,01,13,22,3,0,0,3.91,92.15,0,262.8,2,6,94400,,,,,,
20050113:2300,2005,01,13,23,4,0,0,3.59,88.75,0,261.05,2,4,94360,,,,,,
20050114:0000,2005,01,14,00,5,0,0,3.29,92.15,0,260.5,2,2,94320,,,,,,
20050114:0100,2005,01,14,01,6,0,0,2.92,92.15,0,259.25,1.93,360,94340,,,,,,
20050114:0200,2005,01,14,02,7,0,0,2.62,92.15,0,259.15,1.93,359,94360,,,,,,
20050114:0300,2005,01,14,03,8,187.1,54.15,3.25,92.15,999.29,259.3,1.66,358,94410,,,,,,
20050114:0400,2005,01,14,04,9,361.45,70.7,7.39,82.65,961.46,262.6,1.31,341,94480,,,,,,
20050114:0500,2005,01,14,05,10,488.65,87.5,11.56,62,917.14,268.2,1.86,320,94540,,,,,,
20050114:0600,2005,01,14,06,11,570.4,91.45,13.25,55.75,905.7,279.65,2.41,314,94560,,,,,,
20050114:0700,2005,01,14,07,12,602.6,86.75,13.93,53.85,904.31,278.65,3.1,312,94530,,,,,,
20050114:0800,2005,01,14,08,13,552.2,83.85,14.66,52,837.2,279.65,3.17,316,94460,,,,,,
20050114:0900,2005,01,14,09,14,449.4,76.75,15.03,50.25,750.51,283.3,3.1,321,94380,,,,,,
20050114:1000,2005,01,14,10,15,294.55,63.4,15.1,50.25,598.79,282.35,3.1,322,94320,,,,,,
20050114:1100,2005,01,14,11,16,115.85,38.25,14.76,52.15,329.56,281.4,2.97,317,94330,,,,,,
20050114:1200,2005,01,14,12,17,4.25,2.8,13.09,59.95,26.32,279.05,2.62,305,94320,,,,,,
20050114:1300,2005,01,14,13,18,0,0,11.04,64.25,0,274.05,2.48,312,94360,,,,,,
20050114:1400,2005,01,14,14,19,0,0,9.64,71.5,0,272.5,2.28,326,94390,,,,,,
20050114:1500,2005,01,14,15,20,0,0,8.37,76.85,0,269.4,2.21,341,94400,,,,,,
20050114:1600,2005,01,14,16,21,0,0,7.25,79.65,0,267.45,2.21,354,94400,,,,,,
20050114:1700,2005,01,14,17,22,0,0,6.34,82.55,0,265.9,2.21,1,94400,,,,,,
20050114:1800,2005,01,14,18,23,0,0,5.63,85.65,0,266.1,2.14,5,94380,,,,,,
20050114:1900,2005,01,14,19,0,0,0,5.14,85.6,0,262.6,2.07,6,94340,,,,,,
20050114:2000,2005,01,14,20,1,0,0,4.69,85.55,0,260.85,2.14,3,94330,,,,,,
20050114:2100,2005,01,14,21,2,0,0,4.32,88.8,0,260.3,2.21,360,94280,,,,,,
20050114:2200,2005,01,14,22,3,0,0,3.98,88.75,0,258.75,2.21,360,94250,,,,,,
20050114:2300,2005,01,14,23,4,0,0,3.65,85.45,0,257.2,2.28,359,94200,,,,,,
20050115:0000,2005,01,15,00,5,0,0,3.32,88.7,0,256.2,2.28,360,94170,,,,,,
20050115:0100,2005,01,15,01,6,0,0,2.97,88.65,0,254.6,2.21,1,94200,,,,,,
20050115:0200,2005,01,15,02,7,0,0,2.58,88.65,0,253.5,2.14,4,94230,,,,,,
20050115:0300,2005,01,15,03,8,197.1,52.45,2.93,88.65,1079.5,252.95,1.86,6,94290,,,,,,
20050115:0400,2005,01,15,04,9,374.15,70.6,7.44,79.65,999.39,255.25,1.31,348,94360,,,,,,
20050115:0500,2005,01,15,05,10,513,80.25,11.74,51.5,985.48,261.05,1.59,324,94400,,,,,,
20050115:0600,2005,01,15,06,11,594.8,85.35,13.44,48,959.53,266.85,1.86,309,94410,,,,,,
20050115:0700,2005,01,15,07,12,613.5,86.5,14.17,48.15,919.85,272.3,2,304,94400,,,,,,
20050115:0800,2005,01,15,08,13,559,92.95,14.91,44.9,828.96,275.75,2.07,304,94330,,,,,,
20050115:0900,2005,01,15,09,14,450.35,81.35,15.22,45.05,738.69,281.4,2.14,302,94290,,,,,,
20050115:1000,2005,01,15,10,15,297.5,68.7,15.17,46.6,587.93,284.5,2,303,94270,,,,,,
20050115:1100,2005,01,15,11,16,118.05,40.95,14.7,46.6,323.1,279.25,1.45,307,94280,,,,,,
20050115:1200,2005,01,15,12,17,4.8,3.15,13.62,55.75,28.36,284.3,1.24,307,94260,,,,,,
20050115:1300,2005,01,15,13,18,0,0,11.32,69.25,0,273.65,1.24,337,94290,,,,,,
20050115:1400,2005,01,15,14,19,0,0,9.42,74.2,0,275.4,1.45,12,94320,,,,,,
20050115:1500,2005,01,15,15,20,0,0,7.93,79.7,0,266.1,1.79,30,94340,,,,,,
20050115:1600,2005,01,15,16,21,0,0,6.86,82.6,0,264.35,1.93,40,94360,,,,,,
20050115:1700,2005,01,15,17,22,0,0,6.25,82.55,0,263.4,1.93,45,94360,,,,,,
20050115:1800,2005,01,15,18,23,0,0,5.83,85.65,0,262.2,1.93,49,94360,,,,,,
20050115:1900,2005,01,15,19,0,0,0,5.71,85.65,0,264.55,2.07,48,94370,,,,,,
20050115:2000,2005,01,15,20,1,0,0,4.92,88.85,0,263.75,2.14,49,94350,,,,,,
20050115:2100,2005,01,15,21,2,0,0,4.41,92.2,0,262.6,2.21,50,94320,,,,,,
20050115:2200,2005,01,15,22,3,0,0,3.94,92.15,0,263.4,2.14,49,94310,,,,,,
20050115:2300,2005,01,15,23,4,0,0,3.45,95.7,0,259.5,2.14,46,94280,,,,,,
20050116:0000,2005,01,16,00,5,0,0,3.04,95.7,0,258.55,2.07,43,94250,,,,,,
20050116:0100,2005,01,16,01,6,0,0,2.77,92.15,0,258.65,2.07,40,94270,,,,,,
20050116:0200,2005,01,16,02,7,0,0,2.52,95.65,0,255.65,2.07,37,94310,,,,,,
20050116:0300,2005,01,16,03,8,196.9,52.9,2.92,95.7,1066.27,256.2,1.72,38,94370,,,,,,
20050116:0400,2005,01,16,04,9,366.85,72.1,7.53,85.8,965.86,258.35,0.76,33,94450,,,,,,
20050116:0500,2005,01,16,05,10,512.2,80.9,12.2,57.75,978.1,265.5,0.41,344,94510,,,,,,
20050116:0600,2005,01,16,06,11,595.85,85.3,13.85,53.85,957.59,274.2,0.55,293,94510,,,,,,
20050116:0700,2005,01,16,07,12,609.1,87.25,14,53.85,906.79,277.1,0.48,202,94520,,,,,,
20050116:0800,2005,01,16,08,13,561.7,91.35,14.59,52,832.37,280.05,0.69,188,94430,,,,,,
20050116:0900,2005,01,16,09,14,449.75,80.75,14.96,50.25,734.17,282.95,0.76,169,94370,,,,,,
20050116:1000,2005,01,16,10,15,296.05,63.65,14.95,48.4,592.31,293.75,0.48,171,94320,,,,,,
20050116:1100,2005,01,16,11,16,117.2,43.25,14.6,48.25,305.78,285.25,0.14,228,94320,,,,,,
20050116:1200,2005,01,16,12,17,5.4,3.4,13.56,55.75,32.63,280.05,0.62,296,94290,,,,,,
20050116:1300,2005,01,16,13,18,0,0,11.56,69.25,0,277.3,1.03,334,94290,,,,,,
20050116:1400,2005,01,16,14,19,0,0,9.38,77,0,269.75,1.45,6,94310,,,,,,
20050116:1500,2005,01,16,15,20,0,0,7.94,79.7,0,266.5,1.86,24,94320,,,,,,
20050116:1600,2005,01,16,16,21,0,0,6.78,85.75,0,264.35,1.93,34,94310,,,,,,
20050116:1700,2005,01,16,17,22,0,0,5.86,88.9,0,262.05,1.93,37,94320,,,,,,
20050116:1800,2005,01,16,18,23,0,0,5.18,88.85,0,260.85,1.86,37,94310,,,,,,
20050116:1900,2005,01,16,19,0,0,0,4.55,92.2,0,261.45,2.07,51,94330,,,,,,
20050116:2000,2005,01,16,20,1,0,0,4.01,95.7,0,260.3,2,49,94290,,,,,,
20050116:2100,2005,01,16,21,2,0,0,3.6,92.15,0,258.55,2,46,94270,,,,,,
20050116:2200,2005,01,16,22,3,0,0,3.31,95.7,0,259.9,2,40,94220,,,,,,
20050116:2300,2005,01,16,23,4,0,0,3.06,95.7,0,257.2,2.07,33,94170,,,,,,
20050117:0000,2005,01,17,00,5,0,0,2.81,92.15,0,256.05,2,28,94130,,,,,,
20050117:0100,2005,01,17,01,6,0,0,2.53,95.65,0,254.4,2,26,94120,,,,,,
20050117:0200,2005,01,17,02,7,0,0,2.22,92.1,0,253.15,1.93,25,94140,,,,,,
20050117:0300,2005,01,17,03,8,195.25,51.3,2.66,92.15,1056.87,252.35,1.59,27,94190,,,,,,
20050117:0400,2005,01,17,04,9,356.65,75.4,7.19,82.65,917.01,257.95,0.76,20,94290,,,,,,
20050117:0500,2005,01,17,05,10,510.6,82.3,10.99,59.6,967.06,260.65,0.34,312,94350,,,,,,
20050117:0600,2005,01,17,06,11,591.55,87.8,12.62,51.65,940.75,268.6,0.62,263,94360,,,,,,
20050117:0700,2005,01,17,07,12,616.45,90.5,13.14,47.85,909.7,268.2,1.79,309,94310,,,,,,
20050117:0800,2005,01,17,08,13,565.85,85.85,13.83,42.95,845.04,273.65,1.86,304,94220,,,,,,
20050117:0900,2005,01,17,09,14,450.15,92,14.13,41.35,708.14,274.4,1.66,302,94140,,,,,,
20050117:1000,2005,01,17,10,15,289.45,69,14.13,41.35,557.22,275,1.24,295,94090,,,,,,
20050117:1100,2005,01,17,11,16,122.6,41,13.7,39.8,332.92,274.8,0.69,314,94090,,,,,,
20050117:1200,2005,01,17,12,17,6,3.7,12.89,46.1,35.67,277.7,0.62,15,94100,,,,,,
20050117:1300,2005,01,17,13,18,0,0,10.72,61.85,0,266.3,1.31,46,94130,,,,,,
20050117:1400,2005,01,17,14,19,0,0,8.61,71.35,0,265.3,1.72,48,94140,,,,,,
20050117:1500,2005,01,17,15,20,0,0,7.21,73.9,0,265.3,2,43,94180,,,,,,
20050117:1600,2005,01,17,16,21,0,0,6.07,79.4,0,261.25,2.21,44,94190,,,,,,
20050117:1700,2005,01,17,17,22,0,0,5.11,82.4,0,259.1,2.14,45,94230,,,,,,
20050117:1800,2005,01,17,18,23,0,0,4.53,88.8,0,262.2,2.07,46,94250,,,,,,
20050117:1900,2005,01,17,19,0,0,0,4.63,85.55,0,264.15,2.28,53,94320,,,,,,
20050117:2000,2005,01,17,20,1,0,0,4.16,85.5,0,257.6,2.28,52,94290,,,,,,
20050117:2100,2005,01,17,21,2,0,0,3.58,92.15,0,254.85,2.21,48,94270,,,,,,
20050117:2200,2005,01,17,22,3,0,0,3.06,95.7,0,253.3,2.21,43,94250,,,,,,
20050117:2300,2005,01,17,23,4,0,0,2.61,92.15,0,251.4,2.14,38,94220,,,,,,
20050118:0000,2005,01,18,00,5,0,0,2.22,92.1,0,249.85,2,30,94210,,,,,,
20050118:0100,2005,01,18,01,6,0,0,1.89,92.1,0,248.2,2,23,94250,,,,,,
20050118:0200,2005,01,18,02,7,0,0,1.6,88.65,0,247.15,1.93,19,94300,,,,,,
20050118:0300,2005,01,18,03,8,201.3,52.9,2.11,92.1,1079.61,245.95,1.66,15,94360,,,,,,
20050118:0400,2005,01,18,04,9,380.2,71.15,6.75,82.6,1002.31,249.05,0.97,352,94450,,,,,,
20050118:0500,2005,01,18,05,10,521.05,80.95,10.31,57.3,989.17,254.65,1.45,317,94530,,,,,,
20050118:0600,2005,01,18,06,11,605.2,85.2,11.78,47.75,966.75,260.3,1.93,309,94540,,,,,,
20050118:0700,2005,01,18,07,12,624.75,90.75,12.79,44.35,919.25,265.5,1.59,296,94530,,,,,,
20050118:0800,2005,01,18,08,13,573.2,89.95,13.38,42.8,846.25,269.4,1.79,297,94470,,,,,,
20050118:0900,2005,01,18,09,14,471.45,79.1,13.65,41.2,770.85,269.95,1.79,301,94430,,,,,,
20050118:1000,2005,01,18,10,15,314.8,66.3,13.67,39.65,622.9,269,1.72,305,94440,,,,,,
20050118:1100,2005,01,18,11,16,130.3,41.75,13.28,39.65,356.45,266.65,1.59,305,94420,,,,,,
20050118:1200,2005,01,18,12,17,6.8,4.1,12.2,46.1,39.89,264.95,1.38,308,94440,,,,,,
20050118:1300,2005,01,18,13,18,0,0,10.11,64,0,258.35,1.31,334,94460,,,,,,
20050118:1400,2005,01,18,14,19,0,0,7.93,73.95,0,255.05,1.52,6,94500,,,,,,
20050118:1500,2005,01,18,15,20,0,0,6.49,76.55,0,253.15,1.86,22,94520,,,,,,
20050118:1600,2005,01,18,16,21,0,0,5.33,76.4,0,251.2,2.07,31,94580,,,,,,
20050118:1700,2005,01,18,17,22,0,0,4.42,82.3,0,249.25,2.14,33,94610,,,,,,
20050118:1800,2005,01,18,18,23,0,0,3.81,82.25,0,247.5,2.21,34,94640,,,,,,
20050118:1900,2005,01,18,19,0,0,0,3.1,85.4,0,246.35,2.21,45,94700,,,,,,
20050118:2000,2005,01,18,20,1,0,0,2.6,88.65,0,244.05,2.21,43,94690,,,,,,
20050118:2100,2005,01,18,21,2,0,0,2.14,88.65,0,243.25,2.21,42,94660,,,,,,
20050118:2200,2005,01,18,22,3,0,0,1.75,88.65,0,242.3,2.14,36,94660,,,,,,
20050118:2300,2005,01,18,23,4,0,0,1.45,88.6,0,239.95,2.07,29,94640,,,,,,
20050119:0000,2005,01,19,00,5,0,0,1.22,85.25,0,239.75,2.07,23,94620,,,,,,
20050119:0100,2005,01,19,01,6,0,0,1.04,88.55,0,238.7,2.14,18,94670,,,,,,
20050119:0200,2005,01,19,02,7,0,0,0.86,85.2,0,238.2,2.21,14,94710,,,,,,
20050119:0300,2005,01,19,03,8,205.35,54.25,1.42,85.25,1088.55,238.8,1.86,15,94760,,,,,,
20050119:0400,2005,01,19,04,9,387.05,71.55,6.07,82.5,1017.5,242.1,1.17,357,94820,,,,,,
20050119:0500,2005,01,19,05,10,529.05,81.3,10.29,53.1,1001.58,248.65,1.52,327,94850,,,,,,
20050119:0600,2005,01,19,06,11,613,86.2,11.92,45.95,974.86,254.65,2.07,308,94870,,,,,,
20050119:0700,2005,01,19,07,12,633.6,87.05,12.62,42.7,936.29,259.9,2.9,303,94810,,,,,,
20050119:0800,2005,01,19,08,13,587.75,85.1,13.22,39.65,875.47,262.2,3.03,306,94790,,,,,,
20050119:0900,2005,01,19,09,14,480.35,78.75,13.46,39.65,783.96,263.6,2.83,310,94710,,,,,,
20050119:1000,2005,01,19,10,15,321.35,66.05,13.47,38.15,634.57,263.75,2.55,310,94700,,,,,,
20050119:1100,2005,01,19,11,16,135.6,41.95,13.02,39.5,371.95,262.8,2.28,308,94680,,,,,,
20050119:1200,2005,01,19,12,17,7.65,4.45,11.67,45.95,45.12,260.1,1.79,305,94680,,,,,,
20050119:1300,2005,01,19,13,18,0,0,9.69,57.15,0,253.7,1.72,322,94690,,,,,,
20050119:1400,2005,01,19,14,19,0,0,7.58,71.15,0,251.4,1.79,350,94730,,,,,,
20050119:1500,2005,01,19,15,20,0,0,6.09,73.65,0,249.45,2,10,94780,,,,,,
20050119:1600,2005,01,19,16,21,0,0,4.9,76.3,0,247.9,2.14,21,94790,,,,,,
20050119:1700,2005,01,19,17,22,0,0,4.02,79.15,0,246.55,2.07,23,94820,,,,,,
20050119:1800,2005,01,19,18,23,0,0,3.43,82.2,0,245.6,2.07,20,94830,,,,,,
20050119:1900,2005,01,19,19,0,0,0,2.78,82.15,0,245.2,2.14,29,94830,,,,,,
20050119:2000,2005,01,19,20,1,0,0,2.35,85.3,0,243.85,2.28,30,94790,,,,,,
20050119:2100,2005,01,19,21,2,0,0,1.97,82.05,0,242.85,2.28,29,94760,,,,,,
20050119:2200,2005,01,19,22,3,0,0,1.57,82.05,0,240.95,2.28,28,94690,,,,,,
20050119:2300,2005,01,19,23,4,0,0,1.14,82,0,239,2.21,22,94640,,,,,,
20050120:0000,2005,01,20,00,5,0,0,0.85,81.95,0,237.45,2.21,14,94610,,,,,,
20050120:0100,2005,01,20,01,6,0,0,0.55,81.9,0,235.8,2.21,10,94610,,,,,,
20050120:0200,2005,01,20,02,7,0,0,0.16,81.9,0,234.15,2.14,7,94640,,,,,,
20050120:0300,2005,01,20,03,8,209.4,53.7,0.66,81.95,1110.08,233.6,1.86,6,94680,,,,,,
20050120:0400,2005,01,20,04,9,392.35,71.85,5.62,73.65,1027.55,236.3,1.38,349,94720,,,,,,
20050120:0500,2005,01,20,05,10,535.9,81.65,10.18,43.8,1011.09,241.9,1.79,329,94770,,,,,,
20050120:0600,2005,01,20,06,11,621.9,87.75,12.06,37.9,983.74,247.3,2.14,318,94780,,,,,,
20050120:0700,2005,01,20,07,12,639.1,95.5,12.98,35.15,926.6,251.4,2.48,314,94760,,,,,,
20050120:0800,2005,01,20,08,13,589.6,97.45,13.75,32.8,852.46,256.2,2.62,305,94680,,,,,,
20050120:0900,2005,01,20,09,14,476.6,96.05,14.06,34.1,738.04,261.65,2.76,299,94620,,,,,,
20050120:1000,2005,01,20,10,15,316.8,78.45,13.93,35.45,587.43,266.5,2.62,304,94600,,,,,,
20050120:1100,2005,01,20,11,16,130.9,53.4,13.32,38.15,303.69,266.5,2,308,94570,,,,,,
20050120:1200,2005,01,20,12,17,8.05,5.1,11.94,45.95,39.75,264.75,1.66,303,94570,,,,,,
20050120:1300,2005,01,20,13,18,0,0,9.86,59.35,0,257.95,1.66,326,94560,,,,,,
20050120:1400,2005,01,20,14,19,0,0,7.85,71.25,0,262.2,1.52,356,94600,,,,,,
20050120:1500,2005,01,20,15,20,0,0,7.06,73.8,0,281.2,1.66,353,94650,,,,,,
20050120:1600,2005,01,20,16,21,0,0,6.86,73.8,0,301.9,1.66,352,94740,,,,,,
20050120:1700,2005,01,20,17,22,0,0,6.88,73.8,0,312.35,1.59,15,94760,,,,,,
20050120:1800,2005,01,20,18,23,0,0,6.78,76.65,0,311.95,1.66,31,94760,,,,,,
20050120:1900,2005,01,20,19,0,0,0,6.89,79.55,0,323.95,1.45,40,94770,,,,,,
20050120:2000,2005,01,20,20,1,0,0,6.96,82.6,0,326.5,1.45,41,94720,,,,,,
20050120:2100,2005,01,20,21,2,0,0,7.01,82.6,0,327.45,1.1,41,94670,,,,,,
20050120:2200,2005,01,20,22,3,0,0,7.73,71.25,0,325.3,0.62,33,94640,,,,,,
20050120:2300,2005,01,20,23,4,0,0,7.71,68.6,0,317.4,0.48,22,94600,,,,,,
20050121:0000,2005,01,21,00,5,0,0,7.84,66.05,0,324.55,0.48,25,94560,,,,,,
20050121:0100,2005,01,21,01,6,0,0,8.05,61.2,0,318.45,0.34,12,94580,,,,,,
20050121:0200,2005,01,21,02,7,0,0,8.19,56.8,0,319.5,0.07,184,94620,,,,,,
20050121:0300,2005,01,21,03,8,57.45,56.45,7.98,58.9,7.05,320.1,0.69,164,94670,,,,,,
20050121:0400,2005,01,21,04,9,103.1,102.55,7.9,76.8,1.75,323.2,0.76,152,94740,,,,,,
20050121:0500,2005,01,21,05,10,88.35,83.25,9.21,61.55,11.29,318.15,1.17,184,94820,,,,,,
20050121:0600,2005,01,21,06,11,138.65,136.1,8.89,66.25,4.67,324.75,1.38,189,94840,,,,,,
20050121:0700,2005,01,21,07,12,122.9,119.4,9.24,66.35,5.94,331.9,1.38,166,94800,,,,,,
20050121:0800,2005,01,21,08,13,98.25,97.05,8.43,76.85,2.07,331.9,1.17,161,94730,,,,,,
20050121:0900,2005,01,21,09,14,61.8,60.35,7.8,79.7,2.79,331.5,0.83,122,94660,,,,,,
20050121:1000,2005,01,21,10,15,41.15,40.75,7.33,82.65,0.98,330.95,1.1,106,94640,,,,,,
20050121:1100,2005,01,21,11,16,22.05,20.95,6.99,85.75,4.25,333.05,1.66,115,94640,,,,,,
20050121:1200,2005,01,21,12,17,1.65,1.65,6.56,88.95,0,333.25,1.86,128,94650,,,,,,
20050121:1300,2005,01,21,13,18,0,0,6.12,88.95,0,331.5,1.72,137,94670,,,,,,
20050121:1400,2005,01,21,14,19,0,0,5.9,92.3,0,332.1,1.93,140,94730,,,,,,
20050121:1500,2005,01,21,15,20,0,0,5.66,92.3,0,331.5,2,132,94760,,,,,,
20050121:1600,2005,01,21,16,21,0,0,5.5,95.75,0,333.05,2.41,123,94770,,,,,,
20050121:1700,2005,01,21,17,22,0,0,5.43,92.25,0,333.45,2.55,113,94770,,,,,,
20050121:1800,2005,01,21,18,23,0,0,5.44,92.25,0,332.65,2.55,103,94770,,,,,,
20050121:1900,2005,01,21,19,0,0,0,5.26,92.25,0,333.85,2,82,94710,,,,,,
20050121:2000,2005,01,21,20,1,0,0,5.29,92.25,0,333.05,2.28,79,94660,,,,,,
20050121:2100,2005,01,21,21,2,0,0,5.29,92.25,0,334.4,2.48,78,94620,,,,,,
20050121:2200,2005,01,21,22,3,0,0,5.3,92.25,0,334.2,2.41,77,94570,,,,,,
20050121:2300,2005,01,21,23,4,0,0,5.34,95.75,0,334.4,2.28,71,94520,,,,,,
20050122:0000,2005,01,22,00,5,0,0,5.31,92.25,0,332.1,2.28,65,94480,,,,,,
20050122:0100,2005,01,22,01,6,0,0,5.33,95.75,0,333.75,2.34,68,94470,,,,,,
20050122:0200,2005,01,22,02,7,0,0,5.29,95.75,0,330.75,2.48,71,94500,,,,,,
20050122:0300,2005,01,22,03,8,39.25,39.1,5.4,95.75,1.05,332.1,2.48,73,94530,,,,,,
20050122:0400,2005,01,22,04,9,40.3,40.3,5.88,92.3,0,331.3,2.48,80,94590,,,,,,
20050122:0500,2005,01,22,05,10,59.25,55.75,6.14,88.95,7.71,334.8,2.76,94,94610,,,,,,
20050122:0600,2005,01,22,06,11,112.25,106.05,6.4,88.95,11.3,331.7,2.76,102,94620,,,,,,
20050122:0700,2005,01,22,07,12,75.95,75.95,6.18,85.7,0,330.35,2.76,105,94620,,,,,,
20050122:0800,2005,01,22,08,13,94.5,93.25,6.09,92.3,2.14,330.75,2.28,100,94560,,,,,,
20050122:0900,2005,01,22,09,14,68.65,65.05,6.13,88.95,6.89,333.45,2.07,85,94500,,,,,,
20050122:1000,2005,01,22,10,15,58.2,54.5,5.93,92.3,8.96,335.4,2.14,63,94450,,,,,,
20050122:1100,2005,01,22,11,16,21.15,20.7,5.79,92.3,1.72,335.4,2.21,31,94420,,,,,,
20050122:1200,2005,01,22,12,17,2.55,2.45,5.38,92.25,1.24,327.65,2.48,17,94390,,,,,,
20050122:1300,2005,01,22,13,18,0,0,4.9,95.75,0,322.8,2.28,6,94360,,,,,,
20050122:1400,2005,01,22,14,19,0,0,4.7,95.75,0,324.95,1.79,359,94380,,,,,,
20050122:1500,2005,01,22,15,20,0,0,4.45,95.75,0,316.4,1.52,354,94380,,,,,,
20050122:1600,2005,01,22,16,21,0,0,3.93,99.4,0,298.05,1.72,347,94420,,,,,,
20050122:1700,2005,01,22,17,22,0,0,3.18,99.4,0,278.1,1.79,343,94410,,,,,,
20050122:1800,2005,01,22,18,23,0,0,2.31,100,0,271.5,1.66,346,94420,,,,,,
20050122:1900,2005,01,22,19,0,0,0,1.71,99.4,0,268.8,1.66,345,94450,,,,,,
20050122:2000,2005,01,22,20,1,0,0,1.57,95.65,0,282.15,1.66,6,94450,,,,,,
20050122:2100,2005,01,22,21,2,0,0,1.53,99.4,0,282.95,2.14,33,94380,,,,,,
20050122:2200,2005,01,22,22,3,0,0,1.28,99.4,0,280.05,2.28,44,94290,,,,,,
20050122:2300,2005,01,22,23,4,0,0,1.13,95.65,0,289.7,1.93,46,94220,,,,,,
20050123:0000,2005,01,23,00,5,0,0,0.83,95.65,0,284.5,1.38,22,94190,,,,,,
20050123:0100,2005,01,23,01,6,0,0,0.82,95.65,0,296,1.31,2,94280,,,,,,
20050123:0200,2005,01,23,02,7,0,0,1.1,95.65,0,307.7,1.31,359,94350,,,,,,
20050123:0300,2005,01,23,03,8,100.6,79.4,1.69,95.65,146,309.65,1.17,2,94490,,,,,,
20050123:0400,2005,01,23,04,9,228.35,146.75,3.28,92.15,256.61,313.7,0.97,24,94580,,,,,,
20050123:0500,2005,01,23,05,10,380.95,212.9,5.14,82.4,368.12,304.4,0.55,27,94640,,,,,,
20050123:0600,2005,01,23,06,11,468.3,205.55,6.76,79.55,476.61,316.05,0.76,292,94720,,,,,,
20050123:0700,2005,01,23,07,12,587.85,159.25,7.98,76.8,719.24,309.25,1.86,302,94590,,,,,,
20050123:0800,2005,01,23,08,13,566.5,125.95,9.31,68.9,750.13,285.05,2.21,299,94520,,,,,,
20050123:0900,2005,01,23,09,14,473.25,101.7,10.08,69,706.3,271.5,1.86,297,94420,,,,,,
20050123:1000,2005,01,23,10,15,328.1,70.6,10.48,66.55,618.46,264.55,2.14,288,94410,,,,,,
20050123:1100,2005,01,23,11,16,130.3,61.55,10.31,66.55,258.78,264.15,2.21,296,94420,,,,,,
20050123:1200,2005,01,23,12,17,9.25,7.7,9.4,71.5,18.39,269.95,1.38,307,94410,,,,,,
20050123:1300,2005,01,23,13,18,0,0,8.12,79.7,0,270.15,1.66,325,94410,,,,,,
20050123:1400,2005,01,23,14,19,0,0,7.15,82.65,0,290.5,1.45,333,94470,,,,,,
20050123:1500,2005,01,23,15,20,0,0,6.43,88.95,0,294.95,1.38,343,94490,,,,,,
20050123:1600,2005,01,23,16,21,0,0,5.7,92.3,0,289.3,1.31,1,94510,,,,,,
20050123:1700,2005,01,23,17,22,0,0,4.91,95.75,0,268.8,1.24,2,94550,,,,,,
20050123:1800,2005,01,23,18,23,0,0,4.56,95.75,0,277.7,1.38,345,94590,,,,,,
20050123:1900,2005,01,23,19,0,0,0,4.86,92.25,0,298.8,1.1,16,94640,,,,,,
20050123:2000,2005,01,23,20,1,0,0,4.82,95.75,0,304.2,1.1,30,94620,,,,,,
20050123:2100,2005,01,23,21,2,0,0,4.52,95.75,0,295.1,1.45,35,94620,,,,,,
20050123:2200,2005,01,23,22,3,0,0,4.42,95.75,0,297.05,1.59,36,94590,,,,,,
20050123:2300,2005,01,23,23,4,0,0,4.47,99.4,0,304.2,1.52,33,94540,,,,,,
20050124:0000,2005,01,24,00,5,0,0,4.45,99.4,0,304.05,1.45,28,94490,,,,,,
20050124:0100,2005,01,24,01,6,0,0,3.7,95.7,0,272.2,1.66,21,94490,,,,,,
20050124:0200,2005,01,24,02,7,0,0,2.95,99.4,0,264.95,1.59,14,94480,,,,,,
20050124:0300,2005,01,24,03,8,141.15,85.9,3.29,95.7,375.73,268.05,1.03,5,94520,,,,,,
20050124:0400,2005,01,24,04,9,227.2,168.5,6.99,85.75,183.31,283.5,0.62,318,94600,,,,,,
20050124:0500,2005,01,24,05,10,267,229.4,9.02,74.15,81.9,306.15,1.24,283,94650,,,,,,
20050124:0600,2005,01,24,06,11,228,194.05,9.84,69,61.26,317.2,1.79,289,94700,,,,,,
20050124:0700,2005,01,24,07,12,331.05,198.5,9.78,69,221.23,325.9,2.14,303,94720,,,,,,
20050124:0800,2005,01,24,08,13,255.6,167.1,10.16,66.55,149.81,321.25,2.14,310,94670,,,,,,
20050124:0900,2005,01,24,09,14,133.05,120.95,9.98,69,22.85,326.65,2.48,314,94600,,,,,,
20050124:1000,2005,01,24,10,15,108.15,102.3,9.51,71.5,13.93,323.75,2.41,318,94570,,,,,,
20050124:1100,2005,01,24,11,16,28.75,28.55,9.27,71.5,0.74,329.95,2.28,316,94560,,,,,,
20050124:1200,2005,01,24,12,17,3.7,3.05,8.5,79.75,7.41,327.85,1.72,314,94540,,,,,,
20050124:1300,2005,01,24,13,18,0,0,7.89,79.7,0,325.9,1.72,324,94570,,,,,,
20050124:1400,2005,01,24,14,19,0,0,7.42,82.65,0,321.85,1.72,332,94620,,,,,,
20050124:1500,2005,01,24,15,20,0,0,7.25,82.65,0,326.1,1.72,341,94680,,,,,,
20050124:1600,2005,01,24,16,21,0,0,6.93,85.75,0,316.8,1.79,348,94750,,,,,,
20050124:1700,2005,01,24,17,22,0,0,6.54,88.95,0,308.5,1.72,354,94780,,,,,,
20050124:1800,2005,01,24,18,23,0,0,6.42,88.95,0,315.65,1.66,354,94800,,,,,,
20050124:1900,2005,01,24,19,0,0,0,5.45,92.25,0,278.5,1.79,355,94750,,,,,,
20050124:2000,2005,01,24,20,1,0,0,5.02,92.25,0,283.5,1.79,353,94740,,,,,,
20050124:2100,2005,01,24,21,2,0,0,4.48,95.75,0,272.3,1.93,352,94720,,,,,,
20050124:2200,2005,01,24,22,3,0,0,3.96,92.15,0,264.15,2.07,353,94690,,,,,,
20050124:2300,2005,01,24,23,4,0,0,3.47,92.15,0,257,2.21,355,94660,,,,,,
20050125:0000,2005,01,25,00,5,0,0,3.06,95.7,0,255.05,2.28,356,94630,,,,,,
20050125:0100,2005,01,25,01,6,0,0,2.69,92.15,0,254.6,2.28,356,94640,,,,,,
20050125:0200,2005,01,25,02,7,0,0,2.36,92.1,0,253.15,2.21,355,94670,,,,,,
20050125:0300,2005,01,25,03,8,208.95,55.3,2.88,92.15,1031.29,254.1,1.93,352,94690,,,,,,
20050125:0400,2005,01,25,04,9,386.65,74.55,7.01,82.6,967.66,257,1.86,336,94720,,,,,,
20050125:0500,2005,01,25,05,10,529.85,83.85,9.72,66.45,965.82,261.45,2.34,321,94760,,,,,,
20050125:0600,2005,01,25,06,11,615.95,87.95,11.33,62,947.5,267.65,2.48,314,94770,,,,,,
20050125:0700,2005,01,25,07,12,638.4,90.4,12.17,57.75,909.62,272.5,2.21,312,94760,,,,,,
20050125:0800,2005,01,25,08,13,593.95,87,13.01,59.95,853.06,276.55,2.21,309,94650,,,,,,
20050125:0900,2005,01,25,09,14,489.45,82.1,13.48,57.9,763.84,280.05,2.14,309,94560,,,,,,
20050125:1000,2005,01,25,10,15,330.55,70.8,13.62,57.9,613.11,281.4,2,307,94490,,,,,,
20050125:1100,2005,01,25,11,16,147.65,46.65,13.33,60.05,370.18,291.25,2.21,304,94460,,,,,,
20050125:1200,2005,01,25,12,17,12.3,6.75,12.15,64.45,60.9,282.35,1.79,300,94420,,,,,,
20050125:1300,2005,01,25,13,18,0,0,10.39,71.7,0,274.8,1.86,310,94420,,,,,,
20050125:1400,2005,01,25,14,19,0,0,8.83,79.85,0,273.65,1.66,337,94460,,,,,,
20050125:1500,2005,01,25,15,20,0,0,7.49,85.8,0,270.75,1.72,2,94460,,,,,,
20050125:1600,2005,01,25,16,21,0,0,6.43,88.95,0,268.4,1.86,17,94460,,,,,,
20050125:1700,2005,01,25,17,22,0,0,5.64,88.9,0,270.95,1.86,24,94430,,,,,,
20050125:1800,2005,01,25,18,23,0,0,4.91,92.25,0,266.85,1.79,26,94400,,,,,,
20050125:1900,2005,01,25,19,0,0,0,4.61,92.25,0,264.15,1.72,19,94380,,,,,,
20050125:2000,2005,01,25,20,1,0,0,4.15,92.2,0,264.35,1.72,20,94330,,,,,,
20050125:2100,2005,01,25,21,2,0,0,3.72,92.15,0,264.55,1.79,23,94300,,,,,,
20050125:2200,2005,01,25,22,3,0,0,3.25,95.7,0,260.3,1.93,28,94250,,,,,,
20050125:2300,2005,01,25,23,4,0,0,2.86,95.7,0,260.3,1.93,30,94220,,,,,,
20050126:0000,2005,01,26,00,5,0,0,2.49,95.65,0,261.65,1.86,25,94170,,,,,,
20050126:0100,2005,01,26,01,6,0,0,2.21,95.65,0,262.35,1.79,21,94200,,,,,,
20050126:0200,2005,01,26,02,7,0,0,2,92.1,0,261.25,1.79,18,94220,,,,,,
20050126:0300,2005,01,26,03,8,201.5,66.7,2.56,95.65,892.57,257.2,1.38,23,94260,,,,,,
20050126:0400,2005,01,26,04,9,382.15,89.5,7.11,85.75,900.63,262.8,0.62,7,94320,,,,,,
20050126:0500,2005,01,26,05,10,530.35,92.9,10.87,61.85,941.65,266.65,0.69,305,94340,,,,,,
20050126:0600,2005,01,26,06,11,612,99,12.5,55.65,915.48,272.1,1.1,289,94350,,,,,,
20050126:0700,2005,01,26,07,12,623.65,121.55,13.13,57.75,828.78,278.85,1.1,282,94330,,,,,,
20050126:0800,2005,01,26,08,13,584.55,112.9,13.75,53.85,788.9,286.4,0.9,279,94270,,,,,,
20050126:0900,2005,01,26,09,14,479.65,98.35,14.1,53.85,710.07,288.35,0.48,255,94180,,,,,,
20050126:1000,2005,01,26,10,15,317.95,75.45,14.28,52,567.42,292.6,0.69,155,94110,,,,,,
20050126:1100,2005,01,26,11,16,145.45,51.75,14.16,53.85,338.9,293.4,1.24,144,94080,,,,,,
20050126:1200,2005,01,26,12,17,12.1,7.6,13.31,60.05,47.57,290.1,0.83,154,94050,,,,,,
20050126:1300,2005,01,26,13,18,0,0,11.63,69.25,0,281.75,0.9,156,94030,,,,,,
20050126:1400,2005,01,26,14,19,0,0,10.47,69.1,0,281.4,0.69,129,94070,,,,,,
20050126:1500,2005,01,26,15,20,0,0,8.76,76.95,0,280.4,1.17,76,94070,,,,,,
20050126:1600,2005,01,26,16,21,0,0,7.32,82.65,0,282.75,1.66,69,94080,,,,,,
20050126:1700,2005,01,26,17,22,0,0,6.62,85.75,0,282.95,1.79,63,94070,,,,,,
20050126:1800,2005,01,26,18,23,0,0,6.22,88.95,0,282.35,1.86,64,94040,,,,,,
20050126:1900,2005,01,26,19,0,0,0,6.44,88.95,0,296.5,2.14,85,93980,,,,,,
20050126:2000,2005,01,26,20,1,0,0,6.47,88.95,0,300.95,2.14,88,93950,,,,,,
20050126:2100,2005,01,26,21,2,0,0,6.5,88.95,0,299,2.34,88,93880,,,,,,
20050126:2200,2005,01,26,22,3,0,0,6.2,88.95,0,306.75,2.41,91,93830,,,,,,
20050126:2300,2005,01,26,23,4,0,0,6.42,88.95,0,309.45,2.48,92,93770,,,,,,
20050127:0000,2005,01,27,00,5,0,0,6.57,88.95,0,311.55,2.48,92,93750,,,,,,
20050127:0100,2005,01,27,01,6,0,0,6.59,88.95,0,308.8,2.55,91,93750,,,,,,
20050127:0200,2005,01,27,02,7,0,0,6.44,88.95,0,302.5,2.62,88,93750,,,,,,
20050127:0300,2005,01,27,03,8,116.9,87.15,7.06,85.75,194.25,311.55,2.62,92,93810,,,,,,
20050127:0400,2005,01,27,04,9,213.15,168.4,8.46,82.75,136.67,313.9,2.48,99,93890,,,,,,
20050127:0500,2005,01,27,05,10,263.4,192.8,9.79,77.1,151.04,322.8,3.24,105,93940,,,,,,
20050127:0600,2005,01,27,06,11,165.55,119.6,10.6,71.7,81.54,325.1,4.07,112,93970,,,,,,
20050127:0700,2005,01,27,07,12,116.6,116.6,9.58,85.95,0,339.85,4.76,131,93940,,,,,,
20050127:0800,2005,01,27,08,13,111,96.65,9.5,85.95,23.86,341.55,4.34,140,93910,,,,,,
20050127:0900,2005,01,27,09,14,106.8,85.8,9.05,89.1,38.84,341.95,3.1,158,93890,,,,,,
20050127:1000,2005,01,27,10,15,50.15,47.8,8.75,82.85,5.45,334,3.17,195,93870,,,,,,
20050127:1100,2005,01,27,11,16,37.05,29.85,7.61,89,25.7,336.75,1.93,245,93920,,,,,,
20050127:1200,2005,01,27,12,17,3.9,2.65,6.84,92.35,12.74,331.7,2.21,312,93930,,,,,,
20050127:1300,2005,01,27,13,18,0,0,6.08,95.75,0,333.25,2.55,351,93970,,,,,,
20050127:1400,2005,01,27,14,19,0,0,4.98,99.4,0,314.1,3.17,20,94020,,,,,,
20050127:1500,2005,01,27,15,20,0,0,4.49,99.4,0,311.95,3.1,29,94040,,,,,,
20050127:1600,2005,01,27,16,21,0,0,4.49,99.4,0,314.65,2.97,32,94050,,,,,,
20050127:1700,2005,01,27,17,22,0,0,4.54,99.4,0,312.15,2.62,35,94030,,,,,,
20050127:1800,2005,01,27,18,23,0,0,4.78,95.75,0,322.05,2.41,30,94010,,,,,,
20050127:1900,2005,01,27,19,0,0,0,4.62,92.25,0,303.05,2.41,21,93980,,,,,,
20050127:2000,2005,01,27,20,1,0,0,4.59,95.75,0,303.65,2.21,7,93920,,,,,,
20050127:2100,2005,01,27,21,2,0,0,4.08,99.4,0,290.65,1.86,0,93870,,,,,,
20050127:2200,2005,01,27,22,3,0,0,4.09,95.75,0,305.55,1.52,1,93850,,,,,,
20050127:2300,2005,01,27,23,4,0,0,3.65,95.7,0,291.05,1.45,12,93830,,,,,,
20050128:0000,2005,01,28,00,5,0,0,3.78,95.7,0,302.65,1.31,4,93840,,,,,,
20050128:0100,2005,01,28,01,6,0,0,4.04,99.4,0,315.15,1.17,357,93890,,,,,,
20050128:0200,2005,01,28,02,7,0,0,4.07,99.4,0,308.5,1.31,14,93990,,,,,,
20050128:0300,2005,01,28,03,8,123.35,72.5,4.99,95.75,327.26,329.2,1.31,36,94100,,,,,,
20050128:0400,2005,01,28,04,9,243.1,108.55,6.54,85.7,407.69,311.75,1.79,58,94230,,,,,,
20050128:0500,2005,01,28,05,10,325.25,149.4,7.8,76.8,373.86,289.3,2.28,91,94320,,,,,,
20050128:0600,2005,01,28,06,11,360.3,181.1,8.91,74.15,316.16,297.45,2.41,108,94380,,,,,,
20050128:0700,2005,01,28,07,12,359.5,196.5,8.79,74.15,265.99,315.45,2,103,94530,,,,,,
20050128:0800,2005,01,28,08,13,398.75,113.2,9.34,74.2,471.83,310.4,1.38,104,94490,,,,,,
20050128:0900,2005,01,28,09,14,401.25,112.85,9.8,71.6,529.63,312.15,0.69,79,94460,,,,,,
20050128:1000,2005,01,28,10,15,313.35,74.2,10.16,69.1,549.87,300.55,0.97,6,94430,,,,,,
20050128:1100,2005,01,28,11,16,128.85,55.85,10.25,69.1,257.19,289.1,1.72,351,94410,,,,,,
20050128:1200,2005,01,28,12,17,12.3,7.75,9.4,71.5,44.79,277.3,1.86,343,94400,,,,,,
20050128:1300,2005,01,28,13,18,0,0,7.85,79.7,0,269,2.28,326,94430,,,,,,
20050128:1400,2005,01,28,14,19,0,0,6.65,82.6,0,267.65,2.28,331,94460,,,,,,
20050128:1500,2005,01,28,15,20,0,0,5.74,85.65,0,267.25,2.28,338,94470,,,,,,
20050128:1600,2005,01,28,16,21,0,0,5.15,88.85,0,273.65,2.28,344,94500,,,,,,
20050128:1700,2005,01,28,17,22,0,0,4.56,92.2,0,266.3,2.34,347,94510,,,,,,
20050128:1800,2005,01,28,18,23,0,0,3.89,88.75,0,252.15,2.41,349,94510,,,,,,
20050128:1900,2005,01,28,19,0,0,0,3.52,88.7,0,249.65,2.41,353,94510,,,,,,
20050128:2000,2005,01,28,20,1,0,0,3.21,85.4,0,250.2,2.48,356,94510,,,,,,
20050128:2100,2005,01,28,21,2,0,0,2.82,85.35,0,247.5,2.48,0,94490,,,,,,
20050128:2200,2005,01,28,22,3,0,0,2.3,85.3,0,241.7,2.55,3,94450,,,,,,
20050128:2300,2005,01,28,23,4,0,0,1.86,82.05,0,240.55,2.48,4,94440,,,,,,
20050129:0000,2005,01,29,00,5,0,0,1.46,82,0,238.4,2.48,4,94400,,,,,,
20050129:0100,2005,01,29,01,6,0,0,1.16,78.9,0,238.7,2.48,6,94430,,,,,,
20050129:0200,2005,01,29,02,7,0,0,0.81,78.8,0,235.9,2.41,7,94440,,,,,,
20050129:0300,2005,01,29,03,8,225.4,57.05,1.51,78.9,1067.53,236.85,2.07,6,94510,,,,,,
20050129:0400,2005,01,29,04,9,412.7,75,6.14,68.3,1014.99,239,1.93,353,94580,,,,,,
20050129:0500,2005,01,29,05,10,553.9,89.35,9.66,49.05,981.33,245.75,2.28,339,94650,,,,,,
20050129:0600,2005,01,29,06,11,648.9,90.1,11.63,44.1,980.1,254.1,2.48,331,94700,,,,,,
20050129:0700,2005,01,29,07,12,670.35,94.65,12.28,42.7,934,257.4,2.69,323,94640,,,,,,
20050129:0800,2005,01,29,08,13,620.75,90.65,13.18,44.35,870.51,261.85,2.97,323,94580,,,,,,
20050129:0900,2005,01,29,09,14,520.45,82.2,13.65,44.5,799.2,265.3,3.1,326,94490,,,,,,
20050129:1000,2005,01,29,10,15,358.5,70.05,13.79,42.95,657.45,266.5,3.17,328,94440,,,,,,
20050129:1100,2005,01,29,11,16,167.9,48.8,13.46,44.5,414.18,267.05,3.17,324,94420,,,,,,
20050129:1200,2005,01,29,12,17,17.35,8.75,12.11,51.5,81.81,265.5,2.55,315,94390,,,,,,
20050129:1300,2005,01,29,13,18,0,0,9.98,57.15,0,260.5,2.48,323,94390,,,,,,
20050129:1400,2005,01,29,14,19,0,0,8.33,63.7,0,256.8,2.41,340,94410,,,,,,
20050129:1500,2005,01,29,15,20,0,0,6.9,68.4,0,253.3,2.48,354,94420,,,,,,
20050129:1600,2005,01,29,16,21,0,0,5.66,68.2,0,250.2,2.62,3,94420,,,,,,
20050129:1700,2005,01,29,17,22,0,0,4.65,70.7,0,246.55,2.62,8,94430,,,,,,
20050129:1800,2005,01,29,18,23,0,0,3.83,70.5,0,244.05,2.69,11,94420,,,,,,
20050129:1900,2005,01,29,19,0,0,0,3.2,73.2,0,244.4,2.41,17,94400,,,,,,
20050129:2000,2005,01,29,20,1,0,0,2.64,70.3,0,241.3,2.41,16,94390,,,,,,
20050129:2100,2005,01,29,21,2,0,0,2.1,70.2,0,239.6,2.41,17,94380,,,,,,
20050129:2200,2005,01,29,22,3,0,0,1.54,70.1,0,238.05,2.34,17,94350,,,,,,
20050129:2300,2005,01,29,23,4,0,0,1.01,70.05,0,236.3,2.34,18,94320,,,,,,
20050130:0000,2005,01,30,00,5,0,0,0.54,69.95,0,234.95,2.28,20,94300,,,,,,
20050130:0100,2005,01,30,01,6,0,0,0.15,69.95,0,234.45,2.28,21,94340,,,,,,
20050130:0200,2005,01,30,02,7,0,0,-0.13,72.65,0,235.5,2.21,22,94380,,,,,,
20050130:0300,2005,01,30,03,8,214.95,64.2,0.69,75.75,941.52,238.4,1.79,23,94450,,,,,,
20050130:0400,2005,01,30,04,9,403.2,81.55,6.01,70.85,958.77,250.05,1.24,6,94540,,,,,,
20050130:0500,2005,01,30,05,10,509,113.95,10.6,42.15,829.07,258.55,1.17,340,94610,,,,,,
20050130:0600,2005,01,30,06,11,546.65,136.75,12.41,33.8,714.67,269.2,1.1,318,94640,,,,,,
20050130:0700,2005,01,30,07,12,565.05,137.95,13.29,31.4,688.84,287.75,1.45,321,94630,,,,,,
20050130:0800,2005,01,30,08,13,564,119.75,13.77,34.1,725,283.5,1.17,313,94590,,,,,,
20050130:0900,2005,01,30,09,14,457.5,112.1,14.18,35.45,625.45,278.1,0.76,314,94530,,,,,,
20050130:1000,2005,01,30,10,15,299.4,92.2,14.3,35.6,468.14,291.85,0.48,306,94500,,,,,,
20050130:1100,2005,01,30,11,16,141.75,51.95,13.95,36.85,308.27,285.45,0.48,292,94480,,,,,,
20050130:1200,2005,01,30,12,17,16.9,8.9,13.2,42.8,73.62,297.85,0.83,279,94490,,,,,,
20050130:1300,2005,01,30,13,18,0,0,11.14,64.25,0,277.3,0.69,292,94510,,,,,,
20050130:1400,2005,01,30,14,19,0,0,10.72,45.7,0,278.65,0.48,8,94570,,,,,,
20050130:1500,2005,01,30,15,20,0,0,9.59,52.85,0,278.3,0.97,46,94630,,,,,,
20050130:1600,2005,01,30,16,21,0,0,7.36,68.5,0,271.7,1.66,53,94670,,,,,,
20050130:1700,2005,01,30,17,22,0,0,6.28,73.7,0,276.75,2.14,60,94750,,,,,,
20050130:1800,2005,01,30,18,23,0,0,5.69,73.65,0,275,2.28,64,94780,,,,,,
20050130:1900,2005,01,30,19,0,0,0,4.74,79.3,0,269.6,2.28,52,94780,,,,,,
20050130:2000,2005,01,30,20,1,0,0,3.93,85.45,0,264.55,2.28,50,94750,,,,,,
20050130:2100,2005,01,30,21,2,0,0,3.24,85.4,0,260.85,2.28,48,94750,,,,,,
20050130:2200,2005,01,30,22,3,0,0,2.9,88.65,0,263,2.28,40,94740,,,,,,
20050130:2300,2005,01,30,23,4,0,0,2.74,85.35,0,261.65,2.28,28,94720,,,,,,
20050131:0000,2005,01,31,00,5,0,0,2.5,85.3,0,251.95,2.34,18,94720,,,,,,
20050131:0100,2005,01,31,01,6,0,0,2.31,82.05,0,248.8,2.34,12,94740,,,,,,
20050131:0200,2005,01,31,02,7,0,0,2.32,78.95,0,258.35,2.34,12,94770,,,,,,
20050131:0300,2005,01,31,03,8,226.2,58.05,3.09,76.1,1034.02,256.4,2.07,12,94790,,,,,,
20050131:0400,2005,01,31,04,9,409.3,75.55,7.78,63.6,986.43,250.2,1.72,359,94830,,,,,,
20050131:0500,2005,01,31,05,10,524.6,99.7,11.23,42.4,885.78,254.85,2.07,336,94870,,,,,,
20050131:0600,2005,01,31,06,11,651.8,92.1,12.64,38,969.96,262.4,2.69,321,94890,,,,,,
20050131:0700,2005,01,31,07,12,647.35,91.85,13.87,36.85,890.6,263.4,3.17,316,94850,,,,,,
20050131:0800,2005,01,31,08,13,625.95,93.7,14.45,37,863.18,270.35,3.31,316,94770,,,,,,
20050131:0900,2005,01,31,09,14,508.65,101.15,14.88,37.15,732.7,272.1,3.31,319,94700,,,,,,
20050131:1000,2005,01,31,10,15,342.6,94.55,14.91,38.55,555.56,275.95,3.31,318,94660,,,,,,
20050131:1100,2005,01,31,11,16,160.95,66.65,14.4,41.5,319.59,275.4,3.24,312,94670,,,,,,
20050131:1200,2005,01,31,12,17,16.9,12.65,12.85,49.7,37.87,274.8,2.55,308,94640,,,,,,
20050131:1300,2005,01,31,13,18,0,0,10.82,55.3,0,272.85,2.34,319,94650,,,,,,
20050131:1400,2005,01,31,14,19,0,0,9.19,61.55,0,269,2.28,336,94680,,,,,,
20050131:1500,2005,01,31,15,20,0,0,7.85,66.05,0,261.85,2.41,351,94710,,,,,,
20050131:1600,2005,01,31,16,21,0,0,1.72,78.99,0,249.99,2.59,3,94720,,,,,,
20050131:1700,2005,01,31,17,22,0,0,2.44,78.64,0,251.88,2.51,5,94750,,,,,,
20050131:1800,2005,01,31,18,23,0,0,3.17,78.29,0,253.78,2.44,7,94770,,,,,,
20050131:1900,2005,01,31,19,0,0,0,3.89,77.94,0,255.67,2.36,23,94730,,,,,,
20050131:2000,2005,01,31,20,1,0,0,4.62,77.59,0,257.57,2.29,24,94710,,,,,,
20050131:2100,2005,01,31,21,2,0,0,5.34,77.24,0,259.46,2.21,16,94660,,,,,,
20050131:2200,2005,01,31,22,3,0,0,6.07,76.89,0,261.36,2.13,11,94620,,,,,,
20050131:2300,2005,01,31,23,4,0,0,6.79,76.53,0,263.26,2.06,7,94570,,,,,,
20170201:0000,2017,02,01,00,5,0,0,7.52,76.18,0,265.15,1.98,13,94320,,,,,,
20170201:0100,2017,02,01,01,6,0,0,8.24,75.83,0,267.05,1.91,16,94340,,,,,,
20170201:0200,2017,02,01,02,7,0,0,8.97,75.48,0,268.94,1.83,22,94380,,,,,,
20170201:0300,2017,02,01,03,8,228.3,59.15,9.69,75.13,1023.83,270.84,1.76,24,94430,,,,,,
20170201:0400,2017,02,01,04,9,413,77.2,10.42,74.78,983.93,272.73,1.68,350,94500,,,,,,
20170201:0500,2017,02,01,05,10,560.1,85,11.14,74.43,983.73,274.63,1.61,309,94530,,,,,,
20170201:0600,2017,02,01,06,11,649.6,91.55,11.87,74.08,961.19,276.52,1.53,298,94520,,,,,,
20170201:0700,2017,02,01,07,12,670.75,100.05,12.59,73.73,909.48,278.42,1.45,302,94470,,,,,,
20170201:0800,2017,02,01,08,13,620.9,111.5,17.93,47.4,820.92,291.25,2.34,297,94390,,,,,,
20170201:0900,2017,02,01,09,14,502.35,122.8,18.25,49.15,677.63,296.1,2.28,290,94350,,,,,,
20170201:1000,2017,02,01,10,15,334.3,119.4,18.17,49.15,477.13,299.55,2.21,287,94340,,,,,,
20170201:1100,2017,02,01,11,16,164.45,65.65,17.71,50.85,330.6,302.3,1.86,285,94370,,,,,,
20170201:1200,2017,02,01,12,17,19.3,12.95,16.72,58.6,54.84,296.5,1.1,278,94390,,,,,,
20170201:1300,2017,02,01,13,18,0,0,15.15,64.95,0,292.05,0.48,292,94450,,,,,,
20170201:1400,2017,02,01,14,19,0,0,13.94,64.85,0,288.55,0.9,57,94520,,,,,,
20170201:1500,2017,02,01,15,20,0,0,11.34,80.15,0,289.9,1.66,65,94580,,,,,,
20170201:1600,2017,02,01,16,21,0,0,10.16,86,0,288.95,2.07,67,94600,,,,,,
20170201:1700,2017,02,01,17,22,0,0,9.3,85.95,0,290.1,2.14,64,94660,,,,,,
20170201:1800,2017,02,01,18,23,0,0,8.8,85.95,0,290.65,2.21,61,94690,,,,,,
20170201:1900,2017,02,01,19,0,0,0,8.33,89.1,0,289.9,2.07,58,94660,,,,,,
20170201:2000,2017,02,01,20,1,0,0,7.86,89.05,0,289.1,2.07,56,94650,,,,,,
20170201:2100,2017,02,01,21,2,0,0,7.44,92.35,0,285.25,2.07,55,94670,,,,,,
20170201:2200,2017,02,01,22,3,0,0,7.13,92.35,0,288.55,2,56,94620,,,,,,
20170201:2300,2017,02,01,23,4,0,0,6.78,92.35,0,283.9,2,56,94610,,,,,,
20170202:0000,2017,02,02,00,5,0,0,6.66,92.3,0,289.9,1.79,52,94590,,,,,,
20170202:0100,2017,02,02,01,6,0,0,6.68,92.3,0,287.5,1.79,45,94640,,,,,,
20170202:0200,2017,02,02,02,7,0,0,6.57,88.95,0,286.6,1.93,38,94680,,,,,,
20170202:0300,2017,02,02,03,8,151.15,118.6,7.13,89,193.87,287.75,1.72,36,94760,,,,,,
20170202:0400,2017,02,02,04,9,279.5,201.75,10.96,86.1,225.81,306.15,0.9,32,94840,,,,,,
20170202:0500,2017,02,02,05,10,422.65,252.5,14.8,62.65,349.88,319.9,0.62,355,94890,,,,,,
20170202:0600,2017,02,02,06,11,508.5,280.9,16.2,58.45,389.59,317.75,0.62,317,94870,,,,,,
20170202:0700,2017,02,02,07,12,501.9,301.95,16.74,58.6,316.71,319.3,1.03,302,94890,,,,,,
20170202:0800,2017,02,02,08,13,460.65,289.8,17.31,56.6,273.59,328.4,1.1,294,94790,,,,,,
20170202:0900,2017,02,02,09,14,366.95,257.95,17.55,54.7,193.23,330.55,1.17,289,94730,,,,,,
20170202:1000,2017,02,02,10,15,237.45,175.85,17.45,54.7,135.58,325.1,1.17,292,94680,,,,,,
20170202:1100,2017,02,02,11,16,96.65,87.15,17.06,58.7,31.39,321.05,0.97,295,94670,,,,,,
20170202:1200,2017,02,02,12,17,13.2,13.15,15.97,65.15,0.42,323.95,1.1,294,94660,,,,,,
20170202:1300,2017,02,02,13,18,0,0,14.32,75,0,318.15,1.1,323,94660,,,,,,
20170202:1400,2017,02,02,14,19,0,0,12.69,83.25,0,313.7,1.31,1,94720,,,,,,
20170202:1500,2017,02,02,15,20,0,0,11.61,86.15,0,309.85,1.59,19,94730,,,,,,
20170202:1600,2017,02,02,16,21,0,0,10.86,86.1,0,309.25,1.79,30,94750,,,,,,
20170202:1700,2017,02,02,17,22,0,0,10.42,86.05,0,318.15,1.79,35,94760,,,,,,
20170202:1800,2017,02,02,18,23,0,0,10.14,89.2,0,318.35,1.79,39,94780,,,,,,
20170202:1900,2017,02,02,19,0,0,0,9.22,92.45,0,309.85,1.66,34,94720,,,,,,
20170202:2000,2017,02,02,20,1,0,0,8.76,89.1,0,304.05,1.66,34,94690,,,,,,
20170202:2100,2017,02,02,21,2,0,0,8.55,89.1,0,309.85,1.52,32,94660,,,,,,
20170202:2200,2017,02,02,22,3,0,0,8.42,89.1,0,308.3,1.59,27,94640,,,,,,
20170202:2300,2017,02,02,23,4,0,0,8.36,85.9,0,309.85,1.66,26,94610,,,,,,
20170203:0000,2017,02,03,00,5,0,0,8.18,85.85,0,307.3,1.79,26,94580,,,,,,
20170203:0100,2017,02,03,01,6,0,0,7.85,85.85,0,303.35,1.66,28,94570,,,,,,
20170203:0200,2017,02,03,02,7,0,0,7.62,85.8,0,302.3,1.66,30,94610,,,,,,
20170203:0300,2017,02,03,03,8,129.05,114.6,8.22,89.05,84.67,309.65,1.24,36,94620,,,,,,
20170203:0400,2017,02,03,04,9,218.75,185.7,11.16,83.05,95.13,313.5,0.62,44,94690,,,,,,
20170203:0500,2017,02,03,05,10,295,253.95,13.76,64.75,83.82,318.35,0.07,48,94690,,,,,,
20170203:0600,2017,02,03,06,11,348.15,288.9,15.38,54.25,100.79,326.1,0.28,205,94690,,,,,,
20170203:0700,2017,02,03,07,12,368.2,303.15,15.77,52.25,102.41,329.4,0.48,273,94700,,,,,,
20170203:0800,2017,02,03,08,13,354.45,292.4,16.31,50.5,98.73,335,0.07,218,94600,,,,,,
20170203:0900,2017,02,03,09,14,263.65,239.7,16.78,50.6,42.16,338.3,0.48,162,94490,,,,,,
20170203:1000,2017,02,03,10,15,186.55,168.65,16.75,52.5,39.06,335,0.76,182,94440,,,,,,
20170203:1100,2017,02,03,11,16,91.6,86.65,16.35,54.45,16.15,332.65,0.55,216,94410,,,,,,
20170203:1200,2017,02,03,12,17,13.05,13,15.4,62.75,0.41,327.85,0.48,283,94390,,,,,,
20170203:1300,2017,02,03,13,18,0,0,13.85,80.45,0,322.8,0.76,357,94410,,,,,,
20170203:1400,2017,02,03,14,19,0,0,12.52,83.25,0,322.2,1.24,35,94420,,,,,,
20170203:1500,2017,02,03,15,20,0,0,11.66,86.15,0,321.85,1.45,50,94420,,,,,,
20170203:1600,2017,02,03,16,21,0,0,11.02,86.1,0,317,1.59,65,94390,,,,,,
20170203:1700,2017,02,03,17,22,0,0,10.61,86.05,0,313.7,1.59,78,94400,,,,,,
20170203:1800,2017,02,03,18,23,0,0,10.25,86,0,316.2,1.66,86,94390,,,,,,
20170203:1900,2017,02,03,19,0,0,0,9.7,85.95,0,314.3,1.59,55,94410,,,,,,
20170203:2000,2017,02,03,20,1,0,0,9.55,82.9,0,314.1,1.72,68,94370,,,,,,
20170203:2100,2017,02,03,21,2,0,0,9.38,82.9,0,312.95,1.86,74,94320,,,,,,
20170203:2200,2017,02,03,22,3,0,0,9.19,82.85,0,315.65,1.86,81,94270,,,,,,
20170203:2300,2017,02,03,23,4,0,0,9.17,82.85,0,317.95,1.93,79,94200,,,,,,
20170204:0000,2017,02,04,00,5,0,0,9.05,82.85,0,318.95,1.86,70,94170,,,,,,
20170204:0100,2017,02,04,01,6,0,0,8.89,82.85,0,320.2,1.66,57,94180,,,,,,
20170204:0200,2017,02,04,02,7,0,0,9.07,76.95,0,312.35,2.21,62,94170,,,,,,
20170204:0300,2017,02,04,03,8,73.3,66.8,8.93,82.85,37.46,323.55,2.07,83,94180,,,,,,
20170204:0400,2017,02,04,04,9,89.05,88.1,10.86,80.1,2.71,327.45,1.93,94,94190,,,,,,
20170204:0500,2017,02,04,05,10,167.65,153.4,12.14,80.2,28.89,339.65,1.59,86,94170,,,,,,
20170204:0600,2017,02,04,06,11,155.85,139.7,13.22,80.35,27.3,339.65,1.1,65,94130,,,,,,
20170204:0700,2017,02,04,07,12,156.15,144.25,13.3,74.85,18.62,353.2,1.03,64,94140,,,,,,
20170204:0800,2017,02,04,08,13,232.8,187.15,13.65,77.6,72.17,346.4,1.59,79,94010,,,,,,
20170204:0900,2017,02,04,09,14,130.6,109.3,14.09,74.95,37.23,342.55,2.48,94,93930,,,,,,
20170204:1000,2017,02,04,10,15,168.9,112.35,13.84,72.3,122.33,350.3,3.86,97,93840,,,,,,
20170204:1100,2017,02,04,11,16,67.3,53.1,13.79,69.65,45.76,340,4.48,106,93810,,,,,,
20170204:1200,2017,02,04,12,17,12.4,10.05,13,72.1,18.56,346,4.62,100,93760,,,,,,
20170204:1300,2017,02,04,13,18,0,0,12.37,74.7,0,327.65,4.76,90,93710,,,,,,
20170204:1400,2017,02,04,14,19,0,0,12.04,77.35,0,330.75,4.69,86,93610,,,,,,
20170204:1500,2017,02,04,15,20,0,0,11.78,86.15,0,355.7,4.76,98,93540,,,,,,
20170204:1600,2017,02,04,16,21,0,0,12.2,86.2,0,361.7,6,110,93500,,,,,,
20170204:1700,2017,02,04,17,22,0,0,12.85,80.35,0,356.3,7.59,112,93450,,,,,,
20170204:1800,2017,02,04,18,23,0,0,12.96,80.35,0,352.8,8.28,114,93420,,,,,,
20170204:1900,2017,02,04,19,0,0,0,12.39,86.25,0,350.3,8.48,119,93430,,,,,,
20170204:2000,2017,02,04,20,1,0,0,12.13,92.6,0,364,7.38,131,93490,,,,,,
20170204:2100,2017,02,04,21,2,0,0,11.54,95.9,0,345.05,6,142,93560,,,,,,
20170204:2200,2017,02,04,22,3,0,0,11.17,99.35,0,341.2,4.9,142,93630,,,,,,
20170204:2300,2017,02,04,23,4,0,0,11.01,99.35,0,342.55,4.55,148,93650,,,,,,
20170205:0000,2017,02,05,00,5,0,0,10.52,99.4,0,319.7,3.59,154,93700,,,,,,
20170205:0100,2017,02,05,01,6,0,0,10.14,99.4,0,340.9,2.34,163,93770,,,,,,
20170205:0200,2017,02,05,02,7,0,0,9.63,99.4,0,335,1.59,175,93870,,,,,,
20170205:0300,2017,02,05,03,8,112.95,70.8,9.52,99.4,238.84,342.75,1.31,183,94000,,,,,,
20170205:0400,2017,02,05,04,9,226.15,137.85,9.99,95.9,249.52,346,1.03,207,94120,,,,,,
20170205:0500,2017,02,05,05,10,345.3,166.4,10.45,89.25,360.12,337.9,0.9,219,94200,,,,,,
20170205:0600,2017,02,05,06,11,498.7,126.35,12,83.15,625.35,335.75,0.48,210,94270,,,,,,
20170205:0700,2017,02,05,07,12,503.2,139,13.93,69.75,566.31,329.75,2.07,160,94270,,,,,,
20170205:0800,2017,02,05,08,13,448.15,151.75,14.3,69.75,465.62,323.95,2.34,160,94230,,,,,,
20170205:0900,2017,02,05,09,14,407.25,105.9,14.28,69.75,522.94,317.2,2.41,151,94190,,,,,,
20170205:1000,2017,02,05,10,15,304.8,103.05,14.4,69.85,432.68,324.95,1.72,147,94180,,,,,,
20170205:1100,2017,02,05,11,16,161.15,59.65,14.22,69.75,323.11,320.65,0.83,116,94150,,,,,,
20170205:1200,2017,02,05,12,17,24.1,12.2,13.53,74.85,91.4,312.15,0.62,26,94180,,,,,,
20170205:1300,2017,02,05,13,18,0,0,11.5,83.1,0,308.1,1.93,21,94210,,,,,,
20170205:1400,2017,02,05,14,19,0,0,10.6,89.25,0,305.4,2.14,23,94270,,,,,,
20170205:1500,2017,02,05,15,20,0,0,9.97,89.2,0,301.7,2,19,94280,,,,,,
20170205:1600,2017,02,05,16,21,0,0,9.17,92.45,0,291.65,2,24,94300,,,,,,
20170205:1700,2017,02,05,17,22,0,0,8.38,92.4,0,287.95,1.93,32,94340,,,,,,
20170205:1800,2017,02,05,18,23,0,0,7.58,95.8,0,281.95,1.93,36,94350,,,,,,
20170205:1900,2017,02,05,19,0,0,0,7.71,92.35,0,280.2,2,53,94370,,,,,,
20170205:2000,2017,02,05,20,1,0,0,6.98,92.35,0,293.2,2,60,94380,,,,,,
20170205:2100,2017,02,05,21,2,0,0,6.72,95.8,0,289.9,1.93,62,94380,,,,,,
20170205:2200,2017,02,05,22,3,0,0,6.59,95.8,0,298.05,1.66,60,94370,,,,,,
20170205:2300,2017,02,05,23,4,0,0,6.13,95.75,0,291.85,1.59,53,94370,,,,,,
20170206:0000,2017,02,06,00,5,0,0,5.53,95.75,0,281.75,1.79,38,94380,,,,,,
20170206:0100,2017,02,06,01,6,0,0,5.12,95.75,0,279.95,1.93,32,94400,,,,,,
20170206:0200,2017,02,06,02,7,0,0,5.09,95.75,0,282.35,2,34,94440,,,,,,
20170206:0300,2017,02,06,03,8,169.45,62.6,6.28,92.3,595.22,285.85,1.52,36,94520,,,,,,
20170206:0400,2017,02,06,04,9,359.1,101,10.3,83,722.49,287.75,1.1,30,94590,,,,,,
20170206:0500,2017,02,06,05,10,505.85,113.05,12.88,67.05,784.95,298.4,0.97,353,94660,,,,,,
20170206:0600,2017,02,06,06,11,562.3,101.4,14.05,62.55,769.07,300.95,1.03,326,94680,,,,,,
20170206:0700,2017,02,06,07,12,604.7,114.8,14.9,56.15,757.03,301.5,1.66,333,94640,,,,,,
20170206:0800,2017,02,06,08,13,566.25,124.3,15.51,52.25,689.82,300.95,1.03,342,94590,,,,,,
20170206:0900,2017,02,06,09,14,411.65,138.8,15.72,52.25,470.14,306.75,0.76,359,94520,,,,,,
20170206:1000,2017,02,06,10,15,328.1,100.35,15.83,48.65,484.27,311.55,0.9,353,94510,,,,,,
20170206:1100,2017,02,06,11,16,168.7,61,15.87,46.9,338.7,315.25,1.1,345,94470,,,,,,
20170206:1200,2017,02,06,12,17,24.6,12.8,15.23,54.1,88.19,301.5,1.38,309,94490,,,,,,
20170206:1300,2017,02,06,13,18,0,0,13.73,60.2,0,305,1.79,310,94510,,,,,,
20170206:1400,2017,02,06,14,19,0,0,12.07,69.35,0,300.15,1.79,333,94560,,,,,,
20170206:1500,2017,02,06,15,20,0,0,10.61,77.15,0,287,1.93,357,94600,,,,,,
20170206:1600,2017,02,06,16,21,0,0,9.43,79.9,0,284.3,1.93,9,94640,,,,,,
20170206:1700,2017,02,06,17,22,0,0,8.8,79.85,0,293.2,1.86,14,94660,,,,,,
20170206:1800,2017,02,06,18,23,0,0,8.2,82.7,0,284.65,2.07,18,94630,,,,,,
20170206:1900,2017,02,06,19,0,0,0,7.65,85.8,0,274.4,1.93,24,94580,,,,,,
20170206:2000,2017,02,06,20,1,0,0,7.41,85.8,0,287.6,1.86,18,94560,,,,,,
20170206:2100,2017,02,06,21,2,0,0,6.77,85.75,0,270.95,1.93,14,94530,,,,,,
20170206:2200,2017,02,06,22,3,0,0,6.26,85.7,0,269.95,2,15,94510,,,,,,
20170206:2300,2017,02,06,23,4,0,0,5.99,85.65,0,276.55,2,14,94450,,,,,,
20170207:0000,2017,02,07,00,5,0,0,5.52,85.6,0,265.9,2.07,12,94450,,,,,,
20170207:0100,2017,02,07,01,6,0,0,5.3,82.4,0,268.35,2.14,11,94450,,,,,,
20170207:0200,2017,02,07,02,7,0,0,5,82.35,0,261.05,2.28,10,94490,,,,,,
20170207:0300,2017,02,07,03,8,249.95,62.15,6.13,82.5,1028.3,266.65,1.86,4,94540,,,,,,
20170207:0400,2017,02,07,04,9,430.65,83.45,11.01,66.65,962.68,260.85,1.72,340,94590,,,,,,
20170207:0500,2017,02,07,05,10,590.95,88.9,13.83,44.75,995.91,269.75,2.34,326,94620,,,,,,
20170207:0600,2017,02,07,06,11,675.65,99.45,15.32,41.75,955.22,271.1,2.69,320,94620,,,,,,
20170207:0700,2017,02,07,07,12,690.65,129.1,16.14,38.85,862.33,275.6,2.97,321,94600,,,,,,
20170207:0800,2017,02,07,08,13,590.1,206.65,16.88,37.65,594.67,282.95,3.03,317,94510,,,,,,
20170207:0900,2017,02,07,09,14,435.55,245.9,17.09,37.65,324.47,297.85,3.03,309,94450,,,,,,
20170207:1000,2017,02,07,10,15,267.15,198.85,16.84,39.15,143.99,315.25,3.17,305,94410,,,,,,
20170207:1100,2017,02,07,11,16,90.75,88.05,16.04,43.5,8.39,321.05,2.76,307,94390,,,,,,
20170207:1200,2017,02,07,12,17,16.05,15.95,14.63,52.15,0.73,323.55,1.86,318,94380,,,,,,
20170207:1300,2017,02,07,13,18,0,0,13.22,60.05,0,321.25,1.86,332,94370,,,,,,
20170207:1400,2017,02,07,14,19,0,0,11.97,66.85,0,319.3,1.79,348,94390,,,,,,
20170207:1500,2017,02,07,15,20,0,0,11.16,71.75,0,320.65,1.72,353,94400,,,,,,
20170207:1600,2017,02,07,16,21,0,0,10.65,74.4,0,323.4,1.66,359,94400,,,,,,
20170207:1700,2017,02,07,17,22,0,0,10.31,74.4,0,325.1,1.59,3,94400,,,,,,
20170207:1800,2017,02,07,18,23,0,0,10.14,77.1,0,328,1.72,6,94380,,,,,,
20170207:1900,2017,02,07,19,0,0,0,9.78,79.95,0,323.55,1.52,14,94300,,,,,,
20170207:2000,2017,02,07,20,1,0,0,9.81,79.95,0,328.6,1.59,4,94250,,,,,,
20170207:2100,2017,02,07,21,2,0,0,9.78,77.1,0,328.6,1.59,359,94230,,,,,,
20170207:2200,2017,02,07,22,3,0,0,9.46,79.9,0,323.4,1.52,357,94180,,,,,,
20170207:2300,2017,02,07,23,4,0,0,8.91,79.85,0,313.5,1.38,1,94140,,,,,,
20170208:0000,2017,02,08,00,5,0,0,8.33,79.75,0,303.25,1.31,13,94150,,,,,,
20170208:0100,2017,02,08,01,6,0,0,7.65,82.65,0,295.05,1.38,25,94160,,,,,,
20170208:0200,2017,02,08,02,7,0,0,7.2,82.6,0,294.75,1.38,22,94220,,,,,,
20170208:0300,2017,02,08,03,8,211.75,97.9,7.67,85.8,612.65,285.85,1.17,20,94300,,,,,,
20170208:0400,2017,02,08,04,9,402.95,123.55,11.42,62,767.24,285.25,0.97,356,94360,,,,,,
20170208:0500,2017,02,08,05,10,517.9,180.2,13.59,46.35,664.92,286.2,1.31,353,94420,,,,,,
20170208:0600,2017,02,08,06,11,645,127,14.82,43.25,853.12,290.1,1.03,343,94420,,,,,,
20170208:0700,2017,02,08,07,12,642.1,164.1,15.97,41.9,729.42,300.35,1.17,333,94360,,,,,,
20170208:0800,2017,02,08,08,13,589.6,158.45,16.55,40.5,664.35,303.85,0.9,331,94300,,,,,,
20170208:0900,2017,02,08,09,14,421.85,140.7,16.72,40.5,477.63,306.15,0.28,327,94260,,,,,,
20170208:1000,2017,02,08,10,15,336.65,96.55,16.15,43.5,501.92,321.25,0.69,52,94250,,,,,,
20170208:1100,2017,02,08,11,16,174.4,65.55,15.9,45.15,334.2,309.25,1.79,63,94230,,,,,,
20170208:1200,2017,02,08,12,17,28.7,14.4,15.09,54.1,101.39,311.75,1.72,49,94250,,,,,,
20170208:1300,2017,02,08,13,18,0,0,13.57,60.2,0,300.35,2.07,15,94270,,,,,,
20170208:1400,2017,02,08,14,19,0,0,11.82,69.35,0,291.85,2.41,9,94330,,,,,,
20170208:1500,2017,02,08,15,20,0,0,10.49,74.4,0,290.5,2.41,10,94370,,,,,,
20170208:1600,2017,02,08,16,21,0,0,9.52,79.9,0,284.1,2.41,14,94380,,,,,,
20170208:1700,2017,02,08,17,22,0,0,8.75,79.85,0,277.3,2.41,17,94410,,,,,,
20170208:1800,2017,02,08,18,23,0,0,8.14,85.85,0,276.95,2.34,17,94410,,,,,,
20170208:1900,2017,02,08,19,0,0,0,8.16,85.85,0,281.4,2.21,30,94380,,,,,,
20170208:2000,2017,02,08,20,1,0,0,7.63,85.8,0,276.15,2.21,20,94380,,,,,,
20170208:2100,2017,02,08,21,2,0,0,7.11,89,0,272.5,2.21,16,94410,,,,,,
20170208:2200,2017,02,08,22,3,0,0,6.78,85.75,0,272.65,2.34,20,94370,,,,,,
20170208:2300,2017,02,08,23,4,0,0,6.53,85.7,0,272.5,2.34,24,94370,,,,,,
20170209:0000,2017,02,09,00,5,0,0,6.01,88.9,0,268.6,2.14,21,94360,,,,,,
20170209:0100,2017,02,09,01,6,0,0,5.59,88.85,0,268.15,2.07,10,94380,,,,,,
20170209:0200,2017,02,09,02,7,0,0,5.35,88.85,0,265.5,2.14,1,94460,,,,,,
20170209:0300,2017,02,09,03,8,250.85,63.75,6.48,88.95,989.36,264.95,1.72,357,94520,,,,,,
20170209:0400,2017,02,09,04,9,438.35,81.75,10.97,66.65,969.72,269,1.79,342,94600,,,,,,
20170209:0500,2017,02,09,05,10,586.95,92,13.19,55.75,967.26,274.2,2.34,326,94650,,,,,,
20170209:0600,2017,02,09,06,11,683.35,95.8,14.62,50.25,961.29,280.2,2.83,317,94670,,,,,,
20170209:0700,2017,02,09,07,12,706.6,99.8,15.85,46.9,920.14,283.3,2.9,316,94620,,,,,,
20170209:0800,2017,02,09,08,13,665.5,94.9,16.5,45.3,873.57,286.05,2.97,312,94580,,,,,,
20170209:0900,2017,02,09,09,14,551.45,99,16.8,45.3,763.25,288.35,3.17,308,94510,,,,,,
20170209:1000,2017,02,09,10,15,394.95,79.05,16.74,45.3,654.83,289.5,3.31,302,94520,,,,,,
20170209:1100,2017,02,09,11,16,201.95,58.55,16.29,45.15,435.13,287.75,3.17,302,94500,,,,,,
20170209:1200,2017,02,09,12,17,32.95,15.2,15.23,52.15,122.71,287.4,2.28,305,94500,,,,,,
20170209:1300,2017,02,09,13,18,0,0,13.44,55.9,0,282.75,1.93,315,94510,,,,,,
20170209:1400,2017,02,09,14,19,0,0,11.49,69.25,0,275.95,1.79,334,94540,,,,,,
20170209:1500,2017,02,09,15,20,0,0,10.01,74.3,0,272.5,1.93,352,94580,,,,,,
20170209:1600,2017,02,09,16,21,0,0,8.89,76.95,0,270.55,2.07,4,94600,,,,,,
20170209:1700,2017,02,09,17,22,0,0,7.98,79.7,0,268.6,2.07,13,94610,,,,,,
20170209:1800,2017,02,09,18,23,0,0,7.26,82.65,0,267.25,2.07,16,94600,,,,,,
20170209:1900,2017,02,09,19,0,0,0,7.08,82.6,0,266.65,1.93,11,94570,,,,,,
20170209:2000,2017,02,09,20,1,0,0,6.56,85.7,0,264.75,1.93,8,94540,,,,,,
20170209:2100,2017,02,09,21,2,0,0,6.05,85.65,0,262.6,1.93,7,94540,,,,,,
20170209:2200,2017,02,09,22,3,0,0,5.58,85.6,0,260.5,2.07,7,94490,,,,,,
20170209:2300,2017,02,09,23,4,0,0,5.18,88.85,0,258.55,2.14,9,94460,,,,,,
20170210:0000,2017,02,10,00,5,0,0,4.77,85.55,0,256.05,2.14,11,94420,,,,,,
20170210:0100,2017,02,10,01,6,0,0,4.36,88.8,0,254,2.14,12,94410,,,,,,
20170210:0200,2017,02,10,02,7,0,0,3.93,85.5,0,251.75,2.14,13,94430,,,,,,
20170210:0300,2017,02,10,03,8,267.65,64.4,5.25,88.85,1056,250.8,1.52,11,94470,,,,,,
20170210:0400,2017,02,10,04,9,461.6,81.85,10.95,71.75,1022.53,254.65,1.17,337,94520,,,,,,
20170210:0500,2017,02,10,05,10,613.55,91.95,13.95,50.1,1011.65,261.05,1.86,310,94540,,,,,,
20170210:0600,2017,02,10,06,11,708.3,97.3,15.44,45.05,993.04,266.65,2.28,303,94540,,,,,,
20170210:0700,2017,02,10,07,12,733.8,98.3,16.36,42.05,957.58,268.8,2.76,306,94500,,,,,,
20170210:0800,2017,02,10,08,13,689.35,95.9,17.11,40.6,902.71,273.05,3.17,303,94430,,,,,,
20170210:0900,2017,02,10,09,14,579.85,89.35,17.43,39.25,821.65,275.95,3.1,303,94340,,,,,,
20170210:1000,2017,02,10,10,15,414,80.45,17.46,39.25,685.66,277.5,2.76,302,94300,,,,,,
20170210:1100,2017,02,10,11,16,213.3,61.05,17.05,40.6,456.63,278.3,2.55,298,94260,,,,,,
20170210:1200,2017,02,10,12,17,35.2,18.1,15.74,52.25,115.33,276.95,1.86,286,94240,,,,,,
20170210:1300,2017,02,10,13,18,0,0,13.75,58,0,275.75,1.93,295,94270,,,,,,
20170210:1400,2017,02,10,14,19,0,0,11.6,71.85,0,276.35,1.66,328,94330,,,,,,
20170210:1500,2017,02,10,15,20,0,0,10.03,74.3,0,271.3,1.79,356,94380,,,,,,
20170210:1600,2017,02,10,16,21,0,0,8.94,76.95,0,268.2,1.93,14,94390,,,,,,
20170210:1700,2017,02,10,17,22,0,0,8.14,79.7,0,271.5,2,25,94390,,,,,,
20170210:1800,2017,02,10,18,23,0,0,7.43,79.65,0,267.85,2,34,94380,,,,,,
20170210:1900,2017,02,10,19,0,0,0,6.53,82.55,0,266.1,1.72,31,94350,,,,,,
20170210:2000,2017,02,10,20,1,0,0,6.1,85.65,0,263.95,1.72,31,94310,,,,,,
20170210:2100,2017,02,10,21,2,0,0,6.01,82.5,0,269.2,1.66,31,94310,,,,,,
20170210:2200,2017,02,10,22,3,0,0,5.67,82.4,0,265.7,1.72,29,94290,,,,,,
20170210:2300,2017,02,10,23,4,0,0,5.03,82.35,0,255.05,1.93,30,94270,,,,,,
20170211:0000,2017,02,11,00,5,0,0,4.51,82.3,0,252.35,2,34,94300,,,,,,
20170211:0100,2017,02,11,01,6,0,0,4.02,82.3,0,249.95,2.07,38,94290,,,,,,
20170211:0200,2017,02,11,02,7,0,0,3.63,82.25,0,248.85,2,40,94340,,,,,,
20170211:0300,2017,02,11,03,8,272.5,64.6,5.25,79.35,1061.2,249.85,1.38,42,94410,,,,,,
20170211:0400,2017,02,11,04,9,465.5,83.15,10.7,80.05,1019.34,253.7,0.41,22,94480,,,,,,
20170211:0500,2017,02,11,05,10,612.15,103.35,14.86,44.9,979.32,263.6,0.55,285,94520,,,,,,
20170211:0600,2017,02,11,06,11,707.5,99.3,16.37,43.65,981.91,273.05,1.1,275,94560,,,,,,
20170211:0700,2017,02,11,07,12,721.8,101.6,17.3,40.6,928.62,277.7,1.31,285,94580,,,,,,
20170211:0800,2017,02,11,08,13,680.9,108.35,17.88,39.4,865.33,285.45,1.24,282,94520,,,,,,
20170211:0900,2017,02,11,09,14,566.45,105.95,18.26,39.4,766.01,290.5,1.03,279,94470,,,,,,
20170211:1000,2017,02,11,10,15,410.1,83.85,18.33,37.95,665.1,290.3,0.76,281,94440,,,,,,
20170211:1100,2017,02,11,11,16,207.95,67.35,18.09,37.95,416.86,288.95,0.62,291,94440,,,,,,
20170211:1200,2017,02,11,12,17,36.75,17,17.15,45.45,130.04,289.1,0.76,297,94460,,,,,,
20170211:1300,2017,02,11,13,18,0,0,15.12,67.35,0,277.9,1.03,330,94480,,,,,,
20170211:1400,2017,02,11,14,19,0,0,12.49,72.05,0,276.95,1.52,6,94560,,,,,,
20170211:1500,2017,02,11,15,20,0,0,10.89,71.75,0,275.6,2,20,94600,,,,,,
20170211:1600,2017,02,11,16,21,0,0,9.63,77,0,272.65,2.21,27,94630,,,,,,
20170211:1700,2017,02,11,17,22,0,0,8.73,79.75,0,275.4,2.21,30,94650,,,,,,
20170211:1800,2017,02,11,18,23,0,0,7.95,79.7,0,268.05,2.28,31,94670,,,,,,
20170211:1900,2017,02,11,19,0,0,0,7.43,82.65,0,267.85,2.21,39,94630,,,,,,
20170211:2000,2017,02,11,20,1,0,0,6.75,82.6,0,265.5,2.14,35,94600,,,,,,
20170211:2100,2017,02,11,21,2,0,0,6.26,85.7,0,264.35,2.07,29,94610,,,,,,
20170211:2200,2017,02,11,22,3,0,0,5.97,85.65,0,263.75,2.07,23,94620,,,,,,
20170211:2300,2017,02,11,23,4,0,0,5.73,82.5,0,262.4,2.28,23,94630,,,,,,
20170212:0000,2017,02,12,00,5,0,0,5.46,82.4,0,261.85,2.34,26,94650,,,,,,
20170212:0100,2017,02,12,01,6,0,0,5.1,85.55,0,260.8,2.34,26,94670,,,,,,
20170212:0200,2017,02,12,02,7,0,0,4.68,85.5,0,259.15,2.28,28,94720,,,,,,
20170212:0300,2017,02,12,03,8,270.6,65.15,6.1,85.65,1030.2,259.9,1.52,26,94810,,,,,,
20170212:0400,2017,02,12,04,9,463.65,82.1,11.89,74.6,1007.05,263.6,0.9,354,94890,,,,,,
20170212:0500,2017,02,12,05,10,613,91.9,15.75,46.75,995.33,271.5,1.1,323,94950,,,,,,
20170212:0600,2017,02,12,06,11,701.65,96.1,17.29,42.15,971.1,278.65,1.38,312,94980,,,,,,
20170212:0700,2017,02,12,07,12,725.5,97.9,18.31,42.45,933.75,287.4,1.17,305,95020,,,,,,
20170212:0800,2017,02,12,08,13,680.9,96.7,19.01,41.15,877.28,292.6,1.1,300,94950,,,,,,
20170212:0900,2017,02,12,09,14,566.65,92.5,19.38,39.8,783.25,296.1,0.97,297,94890,,,,,,
20170212:1000,2017,02,12,10,15,409.05,78.7,19.45,39.8,667.93,299.95,0.97,296,94870,,,,,,
20170212:1100,2017,02,12,11,16,214.55,58.45,19.15,41.15,457.58,299.4,1.17,295,94870,,,,,,
20170212:1200,2017,02,12,12,17,38.45,16.85,18.06,49.15,138.92,296.85,1.24,297,94890,,,,,,
20170212:1300,2017,02,12,13,18,0,0,16.17,58.45,0,291.65,1.66,325,94920,,,,,,
20170212:1400,2017,02,12,14,19,0,0,13.82,67.25,0,287.2,2,354,94980,,,,,,
20170212:1500,2017,02,12,15,20,0,0,12.06,71.95,0,284.65,2.21,12,95010,,,,,,
20170212:1600,2017,02,12,16,21,0,0,10.76,77.15,0,281.75,2.28,22,95040,,,,,,
20170212:1700,2017,02,12,17,22,0,0,9.76,79.9,0,278.85,2.34,26,95050,,,,,,
20170212:1800,2017,02,12,18,23,0,0,8.88,79.85,0,276.35,2.34,24,95070,,,,,,
20170212:1900,2017,02,12,19,0,0,0,8.28,82.75,0,275.6,2.07,28,95040,,,,,,
20170212:2000,2017,02,12,20,1,0,0,7.67,85.8,0,272.85,2.07,24,95010,,,,,,
20170212:2100,2017,02,12,21,2,0,0,7.23,82.65,0,270.55,2.21,20,94990,,,,,,
20170212:2200,2017,02,12,22,3,0,0,6.94,79.55,0,267.85,2.41,17,94970,,,,,,
20170212:2300,2017,02,12,23,4,0,0,6.67,79.5,0,265.9,2.48,16,94960,,,,,,
20170213:0000,2017,02,13,00,5,0,0,6.38,73.7,0,263.6,2.62,15,94950,,,,,,
20170213:0100,2017,02,13,01,6,0,0,5.98,73.65,0,261.55,2.55,14,94980,,,,,,
20170213:0200,2017,02,13,02,7,28.95,28.95,5.5,76.4,0,259.7,2.48,11,95030,,,,,,
20170213:0300,2017,02,13,03,8,276.15,65.8,6.77,73.8,1036.12,259.1,2,5,95110,,,,,,
20170213:0400,2017,02,13,04,9,469.45,83.1,12.6,62.2,1009.47,263,1.72,343,95190,,,,,,
20170213:0500,2017,02,13,05,10,621,93.15,16.3,38.85,1000.46,270.15,2.34,328,95240,,,,,,
20170213:0600,2017,02,13,06,11,714.3,98.25,17.9,33.9,981.32,276.15,2.62,319,95250,,,,,,
20170213:0700,2017,02,13,07,12,739.75,99.7,19,32.9,946.24,281.4,2.83,319,95230,,,,,,
20170213:0800,2017,02,13,08,13,695.9,97.25,19.78,33.05,893.23,285.85,3.38,315,95130,,,,,,
20170213:0900,2017,02,13,09,14,586.5,90.75,20.09,33.15,813.27,288.55,3.72,311,95100,,,,,,
20170213:1000,2017,02,13,10,15,422.65,79.4,19.92,34.45,688.36,290.5,3.66,311,95040,,,,,,
20170213:1100,2017,02,13,11,16,223.7,59.45,19.35,41.15,476.09,290.65,3.24,310,95020,,,,,,
20170213:1200,2017,02,13,12,17,41.6,17.75,17.99,49.15,149.93,288.95,2.48,308,95050,,,,,,
20170213:1300,2017,02,13,13,18,0,0,15.64,58.35,0,284.1,2.55,320,95050,,,,,,
20170213:1400,2017,02,13,14,19,0,0,13.79,62.45,0,279.45,2.55,342,95090,,,,,,
20170213:1500,2017,02,13,15,20,0,0,12.34,64.55,0,276.95,2.69,357,95090,,,,,,
20170213:1600,2017,02,13,16,21,0,0,11.06,69.15,0,274.8,2.62,3,95110,,,,,,
20170213:1700,2017,02,13,17,22,0,0,9.92,71.6,0,271.9,2.62,5,95100,,,,,,
20170213:1800,2017,02,13,18,23,0,0,8.97,74.15,0,269,2.55,4,95090,,,,,,
20170213:1900,2017,02,13,19,0,0,0,8.67,74.05,0,268.05,2.48,0,95040,,,,,,
20170213:2000,2017,02,13,20,1,0,0,8.23,73.95,0,268.6,2.55,3,95010,,,,,,
20170213:2100,2017,02,13,21,2,0,0,7.62,73.9,0,269.2,2.48,5,94970,,,,,,
20170213:2200,2017,02,13,22,3,0,0,7.22,73.8,0,274.2,2.34,3,94920,,,,,,
20170213:2300,2017,02,13,23,4,0,0,6.73,71.05,0,266.65,2.41,3,94900,,,,,,
20170214:0000,2017,02,14,00,5,0,0,6,73.65,0,256.6,2.41,9,94870,,,,,,
20170214:0100,2017,02,14,01,6,0,0,5.29,76.4,0,253.25,2.34,8,94860,,,,,,
20170214:0200,2017,02,14,02,7,34.7,34.7,4.87,79.3,0,253.15,2.34,8,94910,,,,,,
20170214:0300,2017,02,14,03,8,268.8,87.05,6.35,76.55,879.37,255.05,1.79,10,94960,,,,,,
20170214:0400,2017,02,14,04,9,412.2,161.35,12.29,66.95,648.8,265.1,1.24,343,95030,,,,,,
20170214:0500,2017,02,14,05,10,488.9,224.45,16.38,42.05,497.35,288.75,1.38,314,95060,,,,,,
20170214:0600,2017,02,14,06,11,652.7,203.4,17.86,36.55,710.89,301.5,1.86,298,95090,,,,,,
20170214:0700,2017,02,14,07,12,672.8,213.4,18.51,36.7,674.86,297.45,2.69,311,95140,,,,,,
20170214:0800,2017,02,14,08,13,595.55,225.95,19.41,34.3,547.95,306.95,2.48,316,95040,,,,,,
20170214:0900,2017,02,14,09,14,536.8,153.2,19.82,35.6,624.97,323.95,2.34,309,95000,,,,,,
20170214:1000,2017,02,14,10,15,383.25,119.25,19.91,35.75,525.15,319.9,2.34,305,94960,,,,,,
20170214:1100,2017,02,14,11,16,203.75,77.6,19.33,41.15,361.63,310.8,2.07,305,94960,,,,,,
20170214:1200,2017,02,14,12,17,40.05,21.15,17.94,51,116.19,306.15,1.79,304,94940,,,,,,
20170214:1300,2017,02,14,13,18,0,0,15.72,62.75,0,297.25,1.93,317,94910,,,,,,
20170214:1400,2017,02,14,14,19,0,0,13.68,69.65,0,293,2.07,335,94980,,,,,,
20170214:1500,2017,02,14,15,20,0,0,12.6,72.05,0,306.75,2.14,357,94990,,,,,,
20170214:1600,2017,02,14,16,21,0,0,11.64,77.3,0,304.8,2.07,8,94980,,,,,,
20170214:1700,2017,02,14,17,22,0,0,10.78,77.2,0,297.65,2,12,94990,,,,,,
20170214:1800,2017,02,14,18,23,0,0,10.13,79.95,0,294.75,2,11,94970,,,,,,
20170214:1900,2017,02,14,19,0,0,0,9.61,79.9,0,294.95,1.93,8,94980,,,,,,
20170214:2000,2017,02,14,20,1,0,0,9.4,79.9,0,296.3,2.07,9,94920,,,,,,
20170214:2100,2017,02,14,21,2,0,0,8.94,79.85,0,288.95,2.14,10,94870,,,,,,
20170214:2200,2017,02,14,22,3,0,0,8.55,79.75,0,285.45,2.14,4,94840,,,,,,
20170214:2300,2017,02,14,23,4,0,0,8.57,79.75,0,296.3,2.14,10,94800,,,,,,
20170215:0000,2017,02,15,00,5,0,0,8.52,76.85,0,301.1,2.14,17,94770,,,,,,
20170215:0100,2017,02,15,01,6,0,0,8.37,76.85,0,300.45,2.14,15,94770,,,,,,
20170215:0200,2017,02,15,02,7,43.95,43.95,8.41,76.85,0,308.1,2.07,16,94820,,,,,,
20170215:0300,2017,02,15,03,8,111.5,99.2,9.94,77.1,58.46,329.2,1.59,9,94860,,,,,,
20170215:0400,2017,02,15,04,9,117.95,115.55,12.79,69.55,6.14,347.75,1.59,346,94950,,,,,,
20170215:0500,2017,02,15,05,10,123.5,123.25,14.06,62.55,0.47,355.3,2.48,335,95050,,,,,,
20170215:0600,2017,02,15,06,11,163.2,163.2,14.41,56.15,0,351.25,3.1,2,95080,,,,,,
20170215:0700,2017,02,15,07,12,228.85,209.85,16.35,65.25,27.73,363.05,1.31,320,95040,,,,,,
20170215:0800,2017,02,15,08,13,164.65,152,17.85,49.15,18.64,363.05,1.45,325,95010,,,,,,
20170215:0900,2017,02,15,09,14,188.95,161.85,17.77,52.75,43.85,366.55,1.24,350,94920,,,,,,
20170215:1000,2017,02,15,10,15,196.1,129.35,18.22,51,131.72,365.2,1.31,9,94900,,,,,,
20170215:1100,2017,02,15,11,16,78.55,68.55,18.26,52.9,28.35,365,1.1,10,94880,,,,,,
20170215:1200,2017,02,15,12,17,11.75,11.55,17.37,60.95,1.2,365,1.31,347,94920,,,,,,
20170215:1300,2017,02,15,13,18,0,0,15.94,65.15,0,362.65,1.93,356,94960,,,,,,
20170215:1400,2017,02,15,14,19,0,0,14.89,67.35,0,361.9,2.41,21,95010,,,,,,
20170215:1500,2017,02,15,15,20,0,0,13.85,64.85,0,337.7,2.97,34,95030,,,,,,
20170215:1600,2017,02,15,16,21,0,0,13.1,67.05,0,329.75,3.17,42,95010,,,,,,
20170215:1700,2017,02,15,17,22,0,0,12.69,69.45,0,331.9,2.97,46,95010,,,,,,
20170215:1800,2017,02,15,18,23,0,0,12.16,71.95,0,324.95,2.55,40,95040,,,,,,
20170215:1900,2017,02,15,19,0,0,0,11.71,71.85,0,325.5,2.34,35,95050,,,,,,
20170215:2000,2017,02,15,20,1,0,0,11.26,74.45,0,320.5,2.28,30,95020,,,,,,
20170215:2100,2017,02,15,21,2,0,0,10.62,74.4,0,306.15,2.41,27,94970,,,,,,
20170215:2200,2017,02,15,22,3,0,0,10.18,77.1,0,307.1,2.34,27,94930,,,,,,
20170215:2300,2017,02,15,23,4,0,0,9.84,74.3,0,303.85,2.41,33,94870,,,,,,
20170216:0000,2017,02,16,00,5,0,0,9.66,77,0,309.85,2.34,27,94840,,,,,,
20170216:0100,2017,02,16,01,6,0,0,9.01,76.95,0,293.9,2.28,17,94840,,,,,,
20170216:0200,2017,02,16,02,7,34.4,34.4,8.46,79.75,0,290.3,2.28,12,94890,,,,,,
20170216:0300,2017,02,16,03,8,254.8,91.45,9.76,79.95,762.53,292.2,1.79,9,94940,,,,,,
20170216:0400,2017,02,16,04,9,412.85,150,14.61,64.95,666.04,304.2,1.66,352,94980,,,,,,
20170216:0500,2017,02,16,05,10,536.9,158.85,17.44,52.75,699.98,315.85,1.66,334,94970,,,,,,
20170216:0600,2017,02,16,06,11,636.65,202.4,18.83,51.15,677.85,323.95,1.86,313,94960,,,,,,
20170216:0700,2017,02,16,07,12,568.45,272.45,20.5,48.05,429.34,331.7,2.41,303,94930,,,,,,
20170216:0800,2017,02,16,08,13,498,298.15,20.3,51.5,292.54,347.75,3.31,300,94880,,,,,,
20170216:0900,2017,02,16,09,14,407.95,233,20.09,53.35,281.16,360.75,3.38,307,94760,,,,,,
20170216:1000,2017,02,16,10,15,204.35,180.7,19.53,55.2,46.3,358.2,3.1,313,94730,,,,,,
20170216:1100,2017,02,16,11,16,89.5,87.05,18.62,61.2,6.87,355.9,2.48,312,94690,,,,,,
20170216:1200,2017,02,16,12,17,18.8,18.7,17.47,67.85,0.59,360.95,2.21,313,94690,,,,,,
20170216:1300,2017,02,16,13,18,0,0,16.19,72.55,0,356.65,2.14,317,94700,,,,,,
20170216:1400,2017,02,16,14,19,0,0,15.21,77.75,0,348.15,2,324,94760,,,,,,
20170216:1500,2017,02,16,15,20,0,0,14.5,77.75,0,346.8,1.86,330,94800,,,,,,
20170216:1600,2017,02,16,16,21,0,0,14,80.45,0,351.85,1.66,344,94820,,,,,,
20170216:1700,2017,02,16,17,22,0,0,13.66,80.4,0,350.85,1.72,0,94810,,,,,,
20170216:1800,2017,02,16,18,23,0,0,13.43,80.4,0,348.55,1.86,5,94820,,,,,,
20170216:1900,2017,02,16,19,0,0,0,13.16,80.35,0,348.15,1.79,359,94740,,,,,,
20170216:2000,2017,02,16,20,1,0,0,13.25,80.35,0,351.65,2,2,94710,,,,,,
20170216:2100,2017,02,16,21,2,0,0,12.96,77.5,0,344.5,2.07,359,94700,,,,,,
20170216:2200,2017,02,16,22,3,0,0,12.67,80.3,0,346.2,1.93,356,94670,,,,,,
20170216:2300,2017,02,16,23,4,0,0,12.13,83.15,0,336.75,1.79,358,94650,,,,,,
20170217:0000,2017,02,17,00,5,0,0,11.52,83.1,0,330.35,1.59,357,94630,,,,,,
20170217:0100,2017,02,17,01,6,0,0,11.12,86.1,0,332,1.45,4,94630,,,,,,
20170217:0200,2017,02,17,02,7,43.6,43.6,10.51,86.05,0,314.5,1.59,352,94670,,,,,,
20170217:0300,2017,02,17,03,8,216.8,92.7,11.58,83.1,569.02,303.65,1.66,351,94810,,,,,,
20170217:0400,2017,02,17,04,9,420.75,150.05,15.15,69.85,678.89,322.6,1.66,10,94820,,,,,,
20170217:0500,2017,02,17,05,10,597.55,94.8,18.25,54.85,923.59,310.6,1.52,344,94870,,,,,,
20170217:0600,2017,02,17,06,11,678.9,127.65,20.11,47.9,854.67,316.4,1.31,334,94870,,,,,,
20170217:0700,2017,02,17,07,12,701.3,125.9,20.96,48.2,829.33,325.1,1.1,321,94840,,,,,,
20170217:0800,2017,02,17,08,13,632.85,110.2,21.67,46.6,760.23,328.8,1.86,296,94790,,,,,,
20170217:0900,2017,02,17,09,14,525.5,150.9,21.82,48.3,597.97,335.4,2.21,309,94750,,,,,,
20170217:1000,2017,02,17,10,15,384.2,123.85,21.79,48.3,505.67,339.05,2,320,94690,,,,,,
20170217:1100,2017,02,17,11,16,183.45,106.45,21.52,50.05,213.7,336.95,1.72,312,94640,,,,,,
20170217:1200,2017,02,17,12,17,29.6,26.6,20.39,57.45,17.3,338.65,1.66,292,94630,,,,,,
20170217:1300,2017,02,17,13,18,0,0,18.6,65.65,0,353.4,1.86,307,94690,,,,,,
20170217:1400,2017,02,17,14,19,0,0,17.38,70.3,0,360.35,1.72,338,94760,,,,,,
20170217:1500,2017,02,17,15,20,0,0,16.56,75.25,0,363.25,1.66,336,94860,,,,,,
20170217:1600,2017,02,17,16,21,0,0,16.08,77.85,0,364.8,1.66,353,94940,,,,,,
20170217:1700,2017,02,17,17,22,0,0,16.05,77.85,0,366.75,2.21,16,94990,,,,,,
20170217:1800,2017,02,17,18,23,0,0,16.02,75.15,0,367.1,2.76,29,94980,,,,,,
20170217:1900,2017,02,17,19,0,0,0,16.01,75.15,0,355.7,2.48,31,94830,,,,,,
20170217:2000,2017,02,17,20,1,0,0,15.3,80.55,0,347.4,2.14,23,94760,,,,,,
20170217:2100,2017,02,17,21,2,0,0,14.47,77.75,0,342.35,1.79,12,94740,,,,,,
20170217:2200,2017,02,17,22,3,0,0,14.14,80.45,0,350.5,1.79,3,94680,,,,,,
20170217:2300,2017,02,17,23,4,0,0,14.22,77.65,0,359.2,1.93,0,94650,,,,,,
20170218:0000,2017,02,18,00,5,0,0,13.97,77.65,0,349.3,2.07,1,94650,,,,,,
20170218:0100,2017,02,18,01,6,0,0,13.25,80.35,0,328.7,2.07,6,94680,,,,,,
20170218:0200,2017,02,18,02,7,44.6,44.6,12.64,80.3,0,326.5,1.93,12,94730,,,,,,
20170218:0300,2017,02,18,03,8,104.25,90,13.13,83.25,64.18,324.75,1.52,21,94790,,,,,,
20170218:0400,2017,02,18,04,9,213.2,183.3,15.17,77.75,74.22,359.4,1.59,16,94860,,,,,,
20170218:0500,2017,02,18,05,10,332.7,269.45,17.19,70.2,115.29,354.95,2,18,94870,,,,,,
20170218:0600,2017,02,18,06,11,361.95,301.65,19.21,63.5,92.86,346.8,1.79,20,94850,,,,,,
20170218:0700,2017,02,18,07,12,380.7,305.45,19.87,55.3,107.78,354.95,1.72,339,94820,,,,,,
20170218:0800,2017,02,18,08,13,253.15,239.15,20.32,57.3,20.24,363.65,1.72,323,94740,,,,,,
20170218:0900,2017,02,18,09,14,233.15,220,20.06,57.3,20.85,368.65,1.93,327,94650,,,,,,
20170218:1000,2017,02,18,10,15,137.15,135.6,19.99,59.35,2.99,371.55,2.21,337,94600,,,,,,
20170218:1100,2017,02,18,11,16,68.2,66.35,19.46,61.4,5.08,374.85,1.72,338,94590,,,,,,
20170218:1200,2017,02,18,12,17,19.3,19.3,18.41,65.65,0,370,1.66,358,94580,,,,,,
20170218:1300,2017,02,18,13,18,0,0,17.26,72.7,0,363.45,2.14,19,94590,,,,,,
20170218:1400,2017,02,18,14,19,0,0,16.47,72.65,0,361.5,2,44,94620,,,,,,
20170218:1500,2017,02,18,15,20,0,0,15.63,72.45,0,358.4,1.79,48,94640,,,,,,
20170218:1600,2017,02,18,16,21,0,0,14.94,72.4,0,350.85,2.28,44,94670,,,,,,
20170218:1700,2017,02,18,17,22,0,0,14.88,69.85,0,364.8,2.41,55,94630,,,,,,
20170218:1800,2017,02,18,18,23,0,0,14.53,69.85,0,357.25,1.93,55,94620,,,,,,
20170218:1900,2017,02,18,19,0,0,0,14.63,72.4,0,361.3,0.83,28,94600,,,,,,
20170218:2000,2017,02,18,20,1,0,0,14.12,77.65,0,371,1.66,58,94590,,,,,,
20170218:2100,2017,02,18,21,2,0,0,13.73,77.6,0,350.85,2.34,75,94530,,,,,,
20170218:2200,2017,02,18,22,3,0,0,13.7,77.6,0,359.55,2.21,92,94460,,,,,,
20170218:2300,2017,02,18,23,4,0,0,13.72,77.6,0,356.5,2.69,89,94430,,,,,,
20170219:0000,2017,02,19,00,5,0,0,13.93,77.65,0,359.4,2.97,90,94410,,,,,,
20170219:0100,2017,02,19,01,6,0,0,13.94,77.65,0,350.95,3.24,92,94390,,,,,,
20170219:0200,2017,02,19,02,7,33.35,33.35,13.61,77.6,0,324.95,3.59,96,94400,,,,,,
20170219:0300,2017,02,19,03,8,250.55,75.7,14.89,75,773.55,335,3.66,100,94440,,,,,,
20170219:0400,2017,02,19,04,9,424.6,97.2,17.29,70.2,804.26,329.75,3.86,112,94470,,,,,,
20170219:0500,2017,02,19,05,10,469.25,136.2,19.03,59.15,602.28,332.5,5.03,132,94490,,,,,,
20170219:0600,2017,02,19,06,11,537.55,136.9,19.1,61.3,612.82,351.45,5.38,138,94490,,,,,,
20170219:0700,2017,02,19,07,12,486,202.8,20.61,55.45,403.06,350.1,5.38,158,94390,,,,,,
20170219:0800,2017,02,19,08,13,461.1,143.5,19.1,65.75,456.2,351.25,4.83,151,94330,,,,,,
20170219:0900,2017,02,19,09,14,465.9,121.5,19.34,65.75,542.46,355.5,5.31,139,94180,,,,,,
20170219:1000,2017,02,19,10,15,322.2,92.7,19.81,61.4,438.88,349.7,6.07,139,94090,,,,,,
20170219:1100,2017,02,19,11,16,162.2,54.25,18.83,65.65,293.41,347.55,5.24,136,94010,,,,,,
20170219:1200,2017,02,19,12,17,29.75,15.7,17.93,67.95,77.87,352.4,4,118,94030,,,,,,
20170219:1300,2017,02,19,13,18,0,0,16.28,77.85,0,349.9,3.24,110,94040,,,,,,
20170219:1400,2017,02,19,14,19,0,0,15.17,83.45,0,353,2.9,108,94060,,,,,,
20170219:1500,2017,02,19,15,20,0,0,14.76,83.45,0,357.65,2.69,106,94050,,,,,,
20170219:1600,2017,02,19,16,21,0,0,14.34,80.55,0,359.2,2,108,94030,,,,,,
20170219:1700,2017,02,19,17,22,0,0,13.89,83.4,0,359.2,1.45,89,94060,,,,,,
20170219:1800,2017,02,19,18,23,0,0,13.34,89.45,0,365,1.38,73,94050,,,,,,
20170219:1900,2017,02,19,19,0,0,0,12.87,86.3,0,335.4,1.66,39,93970,,,,,,
20170219:2000,2017,02,19,20,1,0,0,11.95,92.6,0,328.05,1.52,13,93960,,,,,,
20170219:2100,2017,02,19,21,2,0,0,11.24,95.9,0,321.65,1.45,4,93920,,,,,,
20170219:2200,2017,02,19,22,3,0,0,11.39,95.9,0,346.8,1.38,8,93870,,,,,,
20170219:2300,2017,02,19,23,4,0,0,11.03,95.9,0,330.35,1.72,8,93840,,,,,,
20170220:0000,2017,02,20,00,5,0,0,10.67,95.9,0,318.95,1.86,356,93820,,,,,,
20170220:0100,2017,02,20,01,6,0,0,10.07,95.9,0,315.55,1.86,350,93830,,,,,,
20170220:0200,2017,02,20,02,7,35.75,35.75,9.65,95.85,0,309.45,1.86,353,93860,,,,,,
20170220:0300,2017,02,20,03,8,257.6,73.55,11.35,92.55,799.86,314.85,1.79,343,93890,,,,,,
20170220:0400,2017,02,20,04,9,412.25,108.35,13.5,86.35,738.82,300.55,2.21,326,93930,,,,,,
20170220:0500,2017,02,20,05,10,541.3,128.45,14.83,77.75,740.73,311.55,2.62,323,93960,,,,,,
20170220:0600,2017,02,20,06,11,643.8,131.75,15.96,75.15,777.93,311.75,2.9,322,93940,,,,,,
20170220:0700,2017,02,20,07,12,586.15,158.2,17.75,63.2,605.25,317.55,3.66,331,93870,,,,,,
20170220:0800,2017,02,20,08,13,558.4,132.7,18.2,56.85,607.68,319.9,3.1,327,93790,,,,,,
20170220:0900,2017,02,20,09,14,526.35,116.75,18.66,53,640.9,329.4,2.83,322,93690,,,,,,
20170220:1000,2017,02,20,10,15,391.7,89.45,18.5,53,573.6,323,2.62,319,93610,,,,,,
20170220:1100,2017,02,20,11,16,206.85,61.9,18.16,52.9,389.98,313.5,2.41,326,93560,,,,,,
20170220:1200,2017,02,20,12,17,47.75,20.75,17.49,54.7,146.79,312.75,1.59,350,93540,,,,,,
20170220:1300,2017,02,20,13,18,0,0,16.09,62.85,0,306.15,1.24,344,93540,,,,,,
20170220:1400,2017,02,20,14,19,0,0,14.3,69.75,0,300.35,1.79,340,93540,,,,,,
20170220:1500,2017,02,20,15,20,0,0,12.87,72.1,0,297.25,1.93,354,93600,,,,,,
20170220:1600,2017,02,20,16,21,0,0,11.61,77.3,0,288.95,1.93,4,93590,,,,,,
20170220:1700,2017,02,20,17,22,0,0,10.75,80.05,0,290.85,1.93,7,93600,,,,,,
20170220:1800,2017,02,20,18,23,0,0,10.02,79.95,0,285.05,2,15,93590,,,,,,
20170220:1900,2017,02,20,19,0,0,0,9.43,89.15,0,287.2,1.79,36,93510,,,,,,
20170220:2000,2017,02,20,20,1,0,0,9.4,89.15,0,287,2,30,93490,,,,,,
20170220:2100,2017,02,20,21,2,0,0,9.18,89.1,0,281.2,2.14,32,93470,,,,,,
20170220:2200,2017,02,20,22,3,0,0,8.89,89.1,0,285.85,2.07,51,93460,,,,,,
20170220:2300,2017,02,20,23,4,0,0,8.61,89.1,0,284.3,2.14,70,93460,,,,,,
20170221:0000,2017,02,21,00,5,0,0,8.09,92.4,0,274.6,2.21,78,93460,,,,,,
20170221:0100,2017,02,21,01,6,0,0,7.54,92.35,0,273.15,2.07,71,93520,,,,,,
20170221:0200,2017,02,21,02,7,36.3,36.3,7.14,95.8,0,278.5,1.93,61,93550,,,,,,
20170221:0300,2017,02,21,03,8,289.75,73.05,9.26,89.15,925.17,273.65,1.03,61,93640,,,,,,
20170221:0400,2017,02,21,04,9,462.6,103.2,13.76,69.65,864.71,281.4,0.41,103,93720,,,,,,
20170221:0500,2017,02,21,05,10,612.5,109.95,15.15,64.95,894.58,290.65,0.48,173,93760,,,,,,
20170221:0600,2017,02,21,06,11,737.95,98,16.2,60.65,965.69,294.95,0.69,195,93790,,,,,,
20170221:0700,2017,02,21,07,12,664.05,139.15,17.72,52.75,737.74,300.35,1.17,294,93790,,,,,,
20170221:0800,2017,02,21,08,13,626.45,125.05,18.26,45.7,711.32,315.25,1.66,283,93730,,,,,,
20170221:0900,2017,02,21,09,14,535,132.3,18.39,41.05,625.99,307.7,1.66,280,93670,,,,,,
20170221:1000,2017,02,21,10,15,397.45,101,18.39,36.7,558.36,304.05,1.17,290,93650,,,,,,
20170221:1100,2017,02,21,11,16,235.65,67.25,18.22,33.9,448.54,299.75,0.76,320,93660,,,,,,
20170221:1200,2017,02,21,12,17,55.65,23.85,17.63,37.8,169.67,297.05,0.76,353,93680,,,,,,
20170221:1300,2017,02,21,13,18,0,0,16.01,52.4,0,282.35,0.76,40,93730,,,,,,
20170221:1400,2017,02,21,14,19,0,0,13.18,67.05,0,276.35,1.45,77,93830,,,,,,
20170221:1500,2017,02,21,15,20,0,0,11.53,69.25,0,273.25,2.21,87,93900,,,,,,
20170221:1600,2017,02,21,16,21,0,0,10.14,77.1,0,271.7,2.21,87,93950,,,,,,
20170221:1700,2017,02,21,17,22,0,0,9.09,82.85,0,269.2,2.14,79,94010,,,,,,
20170221:1800,2017,02,21,18,23,0,0,8.27,82.75,0,266.85,2.14,67,94040,,,,,,
20170221:1900,2017,02,21,19,0,0,0,8.1,85.85,0,264.75,2.41,72,93980,,,,,,
20170221:2000,2017,02,21,20,1,0,0,7.85,85.85,0,266.65,2.48,71,94000,,,,,,
20170221:2100,2017,02,21,21,2,0,0,7.56,85.8,0,267.65,2.41,68,94020,,,,,,
20170221:2200,2017,02,21,22,3,0,0,7.23,89,0,270.55,2.34,62,94020,,,,,,
20170221:2300,2017,02,21,23,4,0,0,6.81,89,0,270.15,2.28,50,94050,,,,,,
20170222:0000,2017,02,22,00,5,0,0,6.4,88.95,0,271.3,2.21,44,94080,,,,,,
20170222:0100,2017,02,22,01,6,0,0,6.14,92.3,0,269.3,2.28,41,94140,,,,,,
20170222:0200,2017,02,22,02,7,38.95,38.95,6.5,85.7,0,279.05,2.28,38,94210,,,,,,
20170222:0300,2017,02,22,03,8,307.6,70.55,8.68,82.75,994.29,269.95,1.86,35,94320,,,,,,
20170222:0400,2017,02,22,04,9,502.15,87.55,13.62,64.75,987.2,272.85,1.38,17,94400,,,,,,
20170222:0500,2017,02,22,05,10,654.2,96.45,15.92,50.5,985.04,279.85,1.79,341,94470,,,,,,
20170222:0600,2017,02,22,06,11,748.9,102.05,17.1,43.8,969.54,286.6,2.28,331,94510,,,,,,
20170222:0700,2017,02,22,07,12,759.65,117.6,17.88,39.4,896.78,289.7,2.62,332,94490,,,,,,
20170222:0800,2017,02,22,08,13,681.05,141.05,18.32,37.95,761.38,293.95,2.76,331,94440,,,,,,
20170222:0900,2017,02,22,09,14,600.45,127.45,18.46,34.05,730.52,298.4,2.76,332,94380,,,,,,
20170222:1000,2017,02,22,10,15,414.2,120,18.5,34.05,550,303.65,2.83,332,94320,,,,,,
20170222:1100,2017,02,22,11,16,252.05,65.85,18.16,35.2,491.07,293.75,2.83,327,94330,,,,,,
20170222:1200,2017,02,22,12,17,59.8,23.85,17.18,42.15,188.32,287.75,2.41,316,94290,,,,,,
20170222:1300,2017,02,22,13,18,0,0,15.15,50.25,0,279.65,2.41,319,94330,,,,,,
20170222:1400,2017,02,22,14,19,0,0,13.11,57.9,0,274.6,2.21,332,94350,,,,,,
20170222:1500,2017,02,22,15,20,0,0,11.49,62,0,269.95,2.21,342,94400,,,,,,
20170222:1600,2017,02,22,16,21,0,0,10.24,66.45,0,266.85,2.28,354,94420,,,,,,
20170222:1700,2017,02,22,17,22,0,0,9.3,66.35,0,264.55,2.34,5,94470,,,,,,
20170222:1800,2017,02,22,18,23,0,0,8.51,68.7,0,263,2.41,12,94470,,,,,,
20170222:1900,2017,02,22,19,0,0,0,7.82,71.25,0,262.2,2.28,20,94350,,,,,,
20170222:2000,2017,02,22,20,1,0,0,7.23,76.65,0,260.5,2.28,19,94330,,,,,,
20170222:2100,2017,02,22,21,2,0,0,6.63,76.55,0,258.15,2.28,20,94300,,,,,,
20170222:2200,2017,02,22,22,3,0,0,6.11,76.5,0,256.6,2.28,20,94250,,,,,,
20170222:2300,2017,02,22,23,4,0,0,5.67,79.35,0,255.05,2.28,22,94240,,,,,,
20170223:0000,2017,02,23,00,5,0,0,5.28,76.4,0,253.3,2.34,25,94250,,,,,,
20170223:0100,2017,02,23,01,6,0,0,4.89,79.3,0,252.25,2.28,25,94290,,,,,,
20170223:0200,2017,02,23,02,7,40,40,4.54,82.3,0,251.4,2.21,26,94340,,,,,,
20170223:0300,2017,02,23,03,8,322.65,72.05,6.92,79.55,1032.76,252.75,1.45,18,94400,,,,,,
20170223:0400,2017,02,23,04,9,519.8,88.55,13.13,53.7,1016.22,258.55,1.24,340,94480,,,,,,
20170223:0500,2017,02,23,05,10,672.2,98.2,15.45,40.2,1005.79,266.85,1.93,315,94520,,,,,,
20170223:0600,2017,02,23,06,11,764.45,104.55,16.75,36.15,982.48,273.25,2.55,311,94560,,,,,,
20170223:0700,2017,02,23,07,12,785.1,109.85,17.52,33.75,937.32,277.7,3.31,309,94550,,,,,,
20170223:0800,2017,02,23,08,13,737.35,105.35,18,32.65,885.67,281.6,3.45,310,94480,,,,,,
20170223:0900,2017,02,23,09,14,626.65,98.5,18.24,32.65,810.47,282.55,3.38,309,94450,,,,,,
20170223:1000,2017,02,23,10,15,461.55,82.45,18.22,31.4,703.51,284.1,3.17,310,94440,,,,,,
20170223:1100,2017,02,23,11,16,257.4,66.9,17.85,32.65,497.54,282.15,2.83,312,94450,,,,,,
20170223:1200,2017,02,23,12,17,62.2,24.65,16.88,40.6,193.21,281.4,2,310,94470,,,,,,
20170223:1300,2017,02,23,13,18,0,0,15.14,50.25,0,276.55,1.79,326,94520,,,,,,
20170223:1400,2017,02,23,14,19,0,0,12.67,62.2,0,272.65,1.79,2,94580,,,,,,
20170223:1500,2017,02,23,15,20,0,0,11.01,64.25,0,269.6,2.14,21,94630,,,,,,
20170223:1600,2017,02,23,16,21,0,0,9.65,66.35,0,267.65,2.28,29,94650,,,,,,
20170223:1700,2017,02,23,17,22,0,0,8.56,71.35,0,266.85,2.21,22,94720,,,,,,
20170223:1800,2017,02,23,18,23,0,0,8.18,71.25,0,264.75,2.41,17,94750,,,,,,
20170223:1900,2017,02,23,19,0,0,0,8.13,68.6,0,266.5,2.41,28,94650,,,,,,
20170223:2000,2017,02,23,20,1,0,0,7.62,71.15,0,263.95,2.48,30,94660,,,,,,
20170223:2100,2017,02,23,21,2,0,0,7.01,71.05,0,261.65,2.48,29,94630,,,,,,
20170223:2200,2017,02,23,22,3,0,0,6.41,73.7,0,259.1,2.41,27,94590,,,,,,
20170223:2300,2017,02,23,23,4,0,0,5.96,73.65,0,256.6,2.41,22,94540,,,,,,
20170224:0000,2017,02,24,00,5,0,0,5.64,76.4,0,254.1,2.48,12,94550,,,,,,
20170224:0100,2017,02,24,01,6,0,0,5.48,76.4,0,253.45,2.55,8,94580,,,,,,
20170224:0200,2017,02,24,02,7,60.1,60.1,5.32,76.4,0,253.3,2.62,11,94610,,,,,,
20170224:0300,2017,02,24,03,8,316.1,92.45,7.39,76.7,905.67,254.5,1.72,2,94660,,,,,,
20170224:0400,2017,02,24,04,9,522.7,97.5,13.36,53.85,991.61,260.3,1.66,326,94720,,,,,,
20170224:0500,2017,02,24,05,10,679.5,104.25,15.86,38.85,1000.08,265.5,2.48,309,94760,,,,,,
20170224:0600,2017,02,24,06,11,772.55,104.35,17.21,36.3,988.19,269.95,2.97,310,94780,,,,,,
20170224:0700,2017,02,24,07,12,791.3,114.85,17.95,33.9,933.21,276.15,3.79,313,94760,,,,,,
20170224:0800,2017,02,24,08,13,742.7,122,18.57,32.75,864.58,280.4,3.86,315,94690,,,,,,
20170224:0900,2017,02,24,09,14,639.3,96.7,18.94,31.65,827.36,288.35,3.59,314,94580,,,,,,
20170224:1000,2017,02,24,10,15,470,83.55,19.06,32.9,711.94,282.35,3.38,308,94560,,,,,,
20170224:1100,2017,02,24,11,16,264.95,64.75,18.62,35.35,517.88,283.5,3.1,304,94490,,,,,,
20170224:1200,2017,02,24,12,17,65.05,25.1,17.51,43.9,201.99,281.95,2.21,301,94480,,,,,,
20170224:1300,2017,02,24,13,18,0,0,15.5,52.25,0,277.3,2.14,315,94490,,,,,,
20170224:1400,2017,02,24,14,19,0,0,13.15,62.3,0,272.65,2.07,345,94530,,,,,,
20170224:1500,2017,02,24,15,20,0,0,11.33,66.75,0,269.75,2.14,4,94580,,,,,,
20170224:1600,2017,02,24,16,21,0,0,9.89,71.6,0,268.2,2.07,13,94610,,,,,,
20170224:1700,2017,02,24,17,22,0,0,8.93,74.15,0,267.05,2.14,25,94640,,,,,,
20170224:1800,2017,02,24,18,23,0,0,8.06,79.7,0,266.5,2.14,35,94620,,,,,,
20170224:1900,2017,02,24,19,0,0,0,7.81,76.8,0,267.05,2,36,94560,,,,,,
20170224:2000,2017,02,24,20,1,0,0,7.3,76.7,0,266.1,2.14,36,94560,,,,,,
20170224:2100,2017,02,24,21,2,0,0,6.95,76.65,0,264.95,2.28,36,94520,,,,,,
20170224:2200,2017,02,24,22,3,0,0,6.62,79.5,0,264.15,2.34,36,94480,,,,,,
20170224:2300,2017,02,24,23,4,0,0,6.57,76.55,0,270.35,2.48,36,94440,,,,,,
20170225:0000,2017,02,25,00,5,0,0,6.48,76.55,0,269,2.55,36,94420,,,,,,
20170225:0100,2017,02,25,01,6,0,0,6.21,76.5,0,266.4,2.55,35,94410,,,,,,
20170225:0200,2017,02,25,02,7,115.05,57.05,5.86,76.5,1255.4,265.1,2.34,28,94450,,,,,,
20170225:0300,2017,02,25,03,8,322.1,74,8.2,79.7,987.31,265.1,1.59,12,94520,,,,,,
20170225:0400,2017,02,25,04,9,519.25,89.85,14.38,54.1,991.07,272.3,1.66,333,94560,,,,,,
20170225:0500,2017,02,25,05,10,665.4,103.05,16.66,40.5,970,277.9,2.48,314,94610,,,,,,
20170225:0600,2017,02,25,06,11,765.1,104.15,17.86,35.2,970.96,284.3,3.03,311,94640,,,,,,
20170225:0700,2017,02,25,07,12,791.7,104.35,18.77,35.35,942.44,287,3.86,311,94570,,,,,,
20170225:0800,2017,02,25,08,13,745.05,103.65,19.31,32.9,888.06,289.9,4.14,313,94490,,,,,,
20170225:0900,2017,02,25,09,14,635.15,95.05,19.61,31.8,818.37,291.45,4.14,314,94400,,,,,,
20170225:1000,2017,02,25,10,15,467.3,86.3,19.71,33.05,696.87,292.8,4,315,94340,,,,,,
20170225:1100,2017,02,25,11,16,264.7,66,19.37,34.3,509.16,293.2,3.66,314,94320,,,,,,
20170225:1200,2017,02,25,12,17,66.55,25.9,18.25,44.05,202.05,291.45,2.76,312,94290,,,,,,
20170225:1300,2017,02,25,13,18,0,0,16.27,50.5,0,286.8,2.28,324,94300,,,,,,
20170225:1400,2017,02,25,14,19,0,0,14.09,58.1,0,281.95,2.21,345,94320,,,,,,
20170225:1500,2017,02,25,15,20,0,0,12.51,62.2,0,279.25,2.41,358,94360,,,,,,
20170225:1600,2017,02,25,16,21,0,0,11.35,62,0,277.3,2.48,4,94360,,,,,,
20170225:1700,2017,02,25,17,22,0,0,10.53,64.1,0,275.4,2.55,6,94380,,,,,,
20170225:1800,2017,02,25,18,23,0,0,9.8,64,0,273.45,2.55,9,94380,,,,,,
20170225:1900,2017,02,25,19,0,0,0,8.9,71.4,0,273.65,1.93,28,94300,,,,,,
20170225:2000,2017,02,25,20,1,0,0,8.36,74.05,0,270.95,1.93,25,94290,,,,,,
20170225:2100,2017,02,25,21,2,0,0,7.6,76.7,0,269.2,2.07,26,94270,,,,,,
20170225:2200,2017,02,25,22,3,0,0,7.24,73.9,0,267.45,2.41,29,94220,,,,,,
20170225:2300,2017,02,25,23,4,0,0,6.87,73.8,0,265.3,2.55,31,94160,,,,,,
20170226:0000,2017,02,26,00,5,0,0,6.36,76.55,0,263.2,2.41,30,94170,,,,,,
20170226:0100,2017,02,26,01,6,0,0,5.86,76.5,0,261,2.28,26,94180,,,,,,
20170226:0200,2017,02,26,02,7,124.7,61.43,5.59,79.35,1254.84,258.95,2.21,18,94200,,,,,,
20170226:0300,2017,02,26,03,8,337.5,73.9,8.43,76.85,1030.97,259.9,1.52,7,94260,,,,,,
20170226:0400,2017,02,26,04,9,536.4,90.2,14.71,56.15,1019.24,264.35,1.45,330,94310,,,,,,
20170226:0500,2017,02,26,05,10,690.1,99.85,17.19,40.6,1010.18,271.9,2.14,313,94360,,,,,,
20170226:0600,2017,02,26,06,11,783.5,105.15,18.59,35.35,989.91,278.3,2.55,311,94360,,,,,,
20170226:0700,2017,02,26,07,12,807.2,106.35,19.65,34.3,955.11,283.9,2.97,310,94300,,,,,,
20170226:0800,2017,02,26,08,13,760.2,103.75,20.29,33.15,903.49,287.95,3.03,306,94210,,,,,,
20170226:0900,2017,02,26,09,14,647.6,96.7,20.61,32.1,829.55,291.25,3.03,302,94130,,,,,,
20170226:1000,2017,02,26,10,15,477.9,85.7,20.59,33.3,712.28,293.2,2.97,298,94110,,,,,,
20170226:1100,2017,02,26,11,16,271.7,66.85,20.16,34.45,520.07,293.4,2.76,298,94080,,,,,,
20170226:1200,2017,02,26,12,17,69.85,26.95,19.09,44.3,209.7,291.45,1.86,298,94090,,,,,,
20170226:1300,2017,02,26,13,18,0,0,17.32,54.6,0,286.6,1.59,318,94110,,,,,,
20170226:1400,2017,02,26,14,19,0,0,14.46,67.35,0,281,1.59,358,94160,,,,,,
20170226:1500,2017,02,26,15,20,0,0,12.67,72.05,0,278.3,2,24,94230,,,,,,
20170226:1600,2017,02,26,16,21,0,0,11.32,71.85,0,275.95,2.34,37,94250,,,,,,
20170226:1700,2017,02,26,17,22,0,0,10.03,77.1,0,273.45,2.48,43,94270,,,,,,
20170226:1800,2017,02,26,18,23,0,0,8.78,79.85,0,270.35,2.41,45,94270,,,,,,
20170226:1900,2017,02,26,19,0,0,0,8.55,82.75,0,271.3,2.21,55,94240,,,,,,
20170226:2000,2017,02,26,20,1,0,0,7.97,82.7,0,269.75,2.28,51,94210,,,,,,
20170226:2100,2017,02,26,21,2,0,0,7.6,82.65,0,268.6,2.34,48,94200,,,,,,
20170226:2200,2017,02,26,22,3,0,0,7.27,79.65,0,266.85,2.48,48,94160,,,,,,
20170226:2300,2017,02,26,23,4,0,0,6.86,82.6,0,265.1,2.55,48,94150,,,,,,
20170227:0000,2017,02,27,00,5,0,0,6.35,82.55,0,263.6,2.62,47,94150,,,,,,
20170227:0100,2017,02,27,01,6,0,0,5.88,82.5,0,261.55,2.55,42,94180,,,,,,
20170227:0200,2017,02,27,02,7,126.5,57.89,5.65,82.4,1254.27,259.7,2.41,35,94220,,,,,,
20170227:0300,2017,02,27,03,8,336.9,82.5,8.27,82.75,978,262.05,1.52,26,94300,,,,,,
20170227:0400,2017,02,27,04,9,533.55,101.35,15.33,62.75,977.12,269.6,1.1,342,94400,,,,,,
20170227:0500,2017,02,27,05,10,685.65,114.7,18.19,39.4,969.55,278.5,1.79,316,94480,,,,,,
20170227:0600,2017,02,27,06,11,786,105.7,19.54,34.3,986.2,286.05,1.93,315,94500,,,,,,
20170227:0700,2017,02,27,07,12,809.3,106.75,20.49,30.9,951.64,286.8,2.34,317,94520,,,,,,
20170227:0800,2017,02,27,08,13,762.1,103.65,21.21,29.9,900.9,291.25,2.34,312,94460,,,,,,
20170227:0900,2017,02,27,09,14,648.35,97.6,21.58,28.9,824.22,294.35,2.28,303,94390,,,,,,
20170227:1000,2017,02,27,10,15,479.75,85.65,21.57,28.9,710.73,296.3,2.07,296,94330,,,,,,
20170227:1100,2017,02,27,11,16,271.2,71.45,21.13,32.2,502.5,296.3,2,290,94290,,,,,,
20170227:1200,2017,02,27,12,17,60.4,41,19.99,41.45,93.3,295.3,1.38,293,94300,,,,,,
20170227:1300,2017,02,27,13,18,0,0,18.16,52.9,0,299.75,1.31,319,94310,,,,,,
20170227:1400,2017,02,27,14,19,0,0,15.72,69.9,0,317,1.45,8,94380,,,,,,
20170227:1500,2017,02,27,15,20,0,0,14.83,62.65,0,324.15,2.28,37,94420,,,,,,
20170227:1600,2017,02,27,16,21,0,0,13.44,69.65,0,324.95,2.07,48,94430,,,,,,
20170227:1700,2017,02,27,17,22,0,0,12.67,72.05,0,322.05,2.14,52,94480,,,,,,
20170227:1800,2017,02,27,18,23,0,0,11.97,74.6,0,322.4,2,54,94460,,,,,,
20170227:1900,2017,02,27,19,0,0,0,11.35,77.3,0,308.65,1.79,62,94430,,,,,,
20170227:2000,2017,02,27,20,1,0,0,11.5,77.3,0,328,1.72,67,94420,,,,,,
20170227:2100,2017,02,27,21,2,0,0,11.74,77.3,0,330.55,1.86,63,94390,,,,,,
20170227:2200,2017,02,27,22,3,0,0,11.76,74.55,0,331.5,2.07,74,94370,,,,,,
20170227:2300,2017,02,27,23,4,0,0,11.41,74.55,0,323.55,1.93,87,94360,,,,,,
20170228:0000,2017,02,28,00,5,0,0,11.12,71.75,0,311.75,2.14,78,94340,,,,,,
20170228:0100,2017,02,28,01,6,0,0,10.45,74.4,0,308.2,1.93,70,94380,,,,,,
20170228:0200,2017,02,28,02,7,98.1,57.65,10.18,71.6,685.12,299,2.21,64,94430,,,,,,
20170228:0300,2017,02,28,03,8,273.95,103.2,11.62,77.3,645.29,310.4,1.52,71,94490,,,,,,
20170228:0400,2017,02,28,04,9,445.7,165.9,16.86,52.65,626.1,306.35,1.17,105,94570,,,,,,
20170228:0500,2017,02,28,05,10,643.5,145.45,18.63,41.05,839.2,311.2,1.24,137,94620,,,,,,
20170228:0600,2017,02,28,06,11,547.15,225.75,19.7,35.6,462.86,323.2,1.38,152,94640,,,,,,
20170228:0700,2017,02,28,07,12,659.7,202.55,19.62,42.85,615.52,331.7,2,128,94630,,,,,,
20170228:0800,2017,02,28,08,13,539.95,218.85,20.23,39.95,436.77,343.1,1.93,114,94570,,,,,,
20170228:0900,2017,02,28,09,14,413.15,184.7,20.21,38.5,339.81,343.5,2.14,102,94470,,,,,,
20170228:1000,2017,02,28,10,15,296.35,153,20.15,38.5,256.74,337.9,2.83,113,94430,,,,,,
20170228:1100,2017,02,28,11,16,157.45,91.35,19.42,41.3,164.79,335.75,2.76,113,94400,,,,,,
20170228:1200,2017,02,28,12,17,45.55,28.2,18.16,51,82.12,345.45,2.34,97,94410,,,,,,
20170228:1300,2017,02,28,13,18,0,0,16.81,60.75,0,348.35,1.79,84,94440,,,,,,
20170228:1400,2017,02,28,14,19,0,0,15.3,69.85,0,332.65,1.72,84,94470,,,,,,
20170228:1500,2017,02,28,15,20,0,0,13.93,72.3,0,317.75,1.86,74,94500,,,,,,
20170228:1600,2017,02,28,16,21,0,0,9.97,86.98,0,321,2.5,58,94510,,,,,,
20170228:1700,2017,02,28,17,22,0,0,10.3,84.25,0,319.85,2.46,53,94520,,,,,,
20170228:1800,2017,02,28,18,23,0,0,10.63,81.51,0,318.69,2.42,51,94530,,,,,,
20170228:1900,2017,02,28,19,0,0,0,10.96,78.78,0,317.54,2.37,43,94450,,,,,,
20170228:2000,2017,02,28,20,1,0,0,11.28,76.04,0,316.39,2.33,51,94460,,,,,,
20170228:2100,2017,02,28,21,2,0,0,11.61,73.3,0,315.23,2.29,48,94400,,,,,,
20170228:2200,2017,02,28,22,3,0,0,11.94,70.57,0,314.08,2.25,48,94380,,,,,,
20170228:2300,2017,02,28,23,4,0,0,12.27,67.83,0,312.93,2.21,48,94330,,,,,,
20090301:0000,2009,03,01,00,5,0,0,12.59,65.09,0,311.77,2.17,15,93960,,,,,,
20090301:0100,2009,03,01,01,6,0,0,12.92,62.36,0,310.62,2.13,18,93940,,,,,,
20090301:0200,2009,03,01,02,7,99.7,70.7,13.25,59.62,457.2,309.47,2.09,16,93980,,,,,,
20090301:0300,2009,03,01,03,8,264.7,169.45,13.57,56.89,353.91,308.31,2.05,9,94030,,,,,,
20090301:0400,2009,03,01,04,9,471.65,187.6,13.9,54.15,629.12,307.16,2,332,94090,,,,,,
20090301:0500,2009,03,01,05,10,580.6,242,14.23,51.41,566.13,306.01,1.96,306,94140,,,,,,
20090301:0600,2009,03,01,06,11,623.25,310.4,14.56,48.68,447.61,304.85,1.92,297,94170,,,,,,
20090301:0700,2009,03,01,07,12,678,296.45,14.88,45.94,510.67,303.7,1.88,313,94130,,,,,,
20090301:0800,2009,03,01,08,13,659.1,247,20.51,31.95,557.31,326.65,2.76,314,94060,,,,,,
20090301:0900,2009,03,01,09,14,526.55,221.95,20.72,30.9,450.36,328.2,2.69,312,94000,,,,,,
20090301:1000,2009,03,01,10,15,331.6,230.05,20.45,34.45,180.64,330.55,2.83,313,93980,,,,,,
20090301:1100,2009,03,01,11,16,151.15,136,19.67,39.8,37.44,331.5,2.07,314,93960,,,,,,
20090301:1200,2009,03,01,12,17,41.75,39.05,18.32,47.55,12.58,333.65,1.79,313,93960,,,,,,
20090301:1300,2009,03,01,13,18,0,0,16.58,54.6,0,328.05,1.86,319,93970,,,,,,
20090301:1400,2009,03,01,14,19,0,0,14.77,64.95,0,322.4,1.86,340,94020,,,,,,
20090301:1500,2009,03,01,15,20,0,0,13.62,69.65,0,321.65,1.93,356,94100,,,,,,
20090301:1600,2009,03,01,16,21,0,0,12.92,69.45,0,319.7,2.21,13,94140,,,,,,
20090301:1700,2009,03,01,17,22,0,0,12.27,71.95,0,316.2,2.34,24,94160,,,,,,
20090301:1800,2009,03,01,18,23,0,0,11.58,74.55,0,314.85,2.28,24,94160,,,,,,
20090301:1900,2009,03,01,19,0,0,0,11.05,77.2,0,310.8,2,29,94120,,,,,,
20090301:2000,2009,03,01,20,1,0,0,10.51,80.05,0,305.75,2.07,28,94070,,,,,,
20090301:2100,2009,03,01,21,2,0,0,9.8,82.9,0,294.15,2.14,29,94030,,,,,,
20090301:2200,2009,03,01,22,3,0,0,9.39,82.85,0,298.2,2.07,25,94010,,,,,,
20090301:2300,2009,03,01,23,4,0,0,8.96,76.95,0,292.05,2.14,22,93970,,,,,,
20090302:0000,2009,03,02,00,5,0,0,8.5,76.85,0,287.6,2.14,18,93970,,,,,,
20090302:0100,2009,03,02,01,6,0,0,8.31,76.8,0,288.45,2.21,16,94010,,,,,,
20090302:0200,2009,03,02,02,7,120.6,58.2,8.29,73.95,919.4,288.75,2.34,23,94030,,,,,,
20090302:0300,2009,03,02,03,8,335.25,85.7,10.59,77.15,911.76,294.55,1.38,16,94050,,,,,,
20090302:0400,2009,03,02,04,9,531.3,103.35,16.73,58.7,938.21,293,1.1,306,94130,,,,,,
20090302:0500,2009,03,02,05,10,676.65,118.4,19.44,38.2,926.2,299.75,1.86,309,94170,,,,,,
20090302:0600,2009,03,02,06,11,762.2,124.95,20.97,35.9,905.82,307.5,2.14,317,94190,,,,,,
20090302:0700,2009,03,02,07,12,771.95,155.55,22.16,33.7,820.13,316.2,1.93,309,94190,,,,,,
20090302:0800,2009,03,02,08,13,707.35,186.25,22.87,35.1,700.68,322.8,2.14,298,94130,,,,,,
20090302:0900,2009,03,02,09,14,497.15,268.1,23.12,35.25,336.64,333.85,2.28,298,94050,,,,,,
20090302:1000,2009,03,02,10,15,298.7,231.35,22.86,37.75,119,354.75,2.62,304,94020,,,,,,
20090302:1100,2009,03,02,11,16,185.55,134.95,21.97,43.4,123.96,363.05,1.93,316,94010,,,,,,
20090302:1200,2009,03,02,12,17,63.6,41.95,21.02,51.65,99.36,350.1,1.52,322,93970,,,,,,
20090302:1300,2009,03,02,13,18,0,0,19.36,61.3,0,330.95,1.66,313,93980,,,,,,
20090302:1400,2009,03,02,14,19,0,0,16.96,72.7,0,326.85,1.66,317,94060,,,,,,
20090302:1500,2009,03,02,15,20,0,0,15.61,75.15,0,332.5,1.59,350,94130,,,,,,
20090302:1600,2009,03,02,16,21,0,0,15.37,72.45,0,342.75,2.41,39,94100,,,,,,
20090302:1700,2009,03,02,17,22,0,0,14.83,75,0,349.9,2.28,49,94070,,,,,,
20090302:1800,2009,03,02,18,23,0,0,13.81,80.4,0,336.55,1.79,50,94080,,,,,,
20090302:1900,2009,03,02,19,0,0,0,13.42,83.25,0,337.5,1.79,43,94090,,,,,,
20090302:2000,2009,03,02,20,1,0,0,13.21,83.25,0,340.6,2,30,94060,,,,,,
20090302:2100,2009,03,02,21,2,0,0,13.09,83.25,0,338.85,2.28,17,94010,,,,,,
20090302:2200,2009,03,02,22,3,0,0,13.49,74.85,0,343.5,2.62,15,93960,,,,,,
20090302:2300,2009,03,02,23,4,0,0,13.48,72.2,0,348.95,2.69,17,93870,,,,,,
20090303:0000,2009,03,03,00,5,0,0,13.48,67.15,0,345.65,2.9,25,93810,,,,,,
20090303:0100,2009,03,03,01,6,0,0,12.97,67.05,0,317.9,2.9,35,93780,,,,,,
20090303:0200,2009,03,03,02,7,118.05,56.65,12.59,69.45,848.55,315.85,2.69,45,93760,,,,,,
20090303:0300,2009,03,03,03,8,240.25,127.35,13.55,77.6,405.67,315.05,1.52,60,93750,,,,,,
20090303:0400,2009,03,03,04,9,371.25,182.75,16.74,60.85,409.08,329.2,0.34,106,93820,,,,,,
20090303:0500,2009,03,03,05,10,569.85,211.65,18.43,59.05,589.75,332.5,0.48,230,93830,,,,,,
20090303:0600,2009,03,03,06,11,456.25,264.75,19.58,57.2,270.45,338.85,1.31,276,93830,,,,,,
20090303:0700,2009,03,03,07,12,538.5,314.85,18.19,68.05,295.83,351.65,2.9,351,93860,,,,,,
20090303:0800,2009,03,03,08,13,429.75,308.15,18.77,68.05,162.58,350.1,2.9,6,93760,,,,,,
20090303:0900,2009,03,03,09,14,383.55,250.85,18.57,68.05,193.89,356.3,3.24,360,93680,,,,,,
20090303:1000,2009,03,03,10,15,287.55,161.55,17.99,72.9,221.16,357.45,3.1,360,93620,,,,,,
20090303:1100,2009,03,03,11,16,123.4,76.7,17.81,72.9,113.43,357.65,2.28,341,93650,,,,,,
20090303:1200,2009,03,03,12,17,46.5,27.15,16.71,80.8,87.49,361.9,1.72,298,93660,,,,,,
20090303:1300,2009,03,03,13,18,0.05,0.05,15.67,86.5,0,353.4,1.24,345,93690,,,,,,
20090303:1400,2009,03,03,14,19,0,0,14.64,86.45,0,326.3,2.41,37,93720,,,,,,
20090303:1500,2009,03,03,15,20,0,0,14.22,86.4,0,329.55,2.48,37,93780,,,,,,
20090303:1600,2009,03,03,16,21,0,0,13.4,86.3,0,317.95,2.34,15,93840,,,,,,
20090303:1700,2009,03,03,17,22,0,0,12.32,86.2,0,305.75,2.34,2,93900,,,,,,
20090303:1800,2009,03,03,18,23,0,0,11.69,86.15,0,308.3,2.41,10,93940,,,,,,
20090303:1900,2009,03,03,19,0,0,0,11.79,80.15,0,306.55,2.69,31,93960,,,,,,
20090303:2000,2009,03,03,20,1,0,0,11.19,83.05,0,305.4,2.48,22,93920,,,,,,
20090303:2100,2009,03,03,21,2,0,0,10.76,83,0,310.2,2.34,14,93860,,,,,,
20090303:2200,2009,03,03,22,3,0,0,10.24,86,0,306.35,2.21,8,93820,,,,,,
20090303:2300,2009,03,03,23,4,0,0,9.82,85.95,0,305.4,2.14,3,93770,,,,,,
20090304:0000,2009,03,04,00,5,0,0,9.82,85.95,0,310.4,2.21,3,93770,,,,,,
20090304:0100,2009,03,04,01,6,0,0,10.13,86,0,321.55,2.28,2,93790,,,,,,
20090304:0200,2009,03,04,02,7,116.5,56.25,10.31,86,783.55,318.75,2.21,358,93810,,,,,,
20090304:0300,2009,03,04,03,8,310.05,104.4,12.76,80.3,726.82,305.95,1.93,352,93850,,,,,,
20090304:0400,2009,03,04,04,9,519.7,101.7,16.29,65.25,898.01,306.75,2.14,340,93910,,,,,,
20090304:0500,2009,03,04,05,10,651.85,112,18.45,56.95,882.06,323,2.62,340,93950,,,,,,
20090304:0600,2009,03,04,06,11,745.75,116,19.75,55.2,883.69,324.75,2.55,344,93940,,,,,,
20090304:0700,2009,03,04,07,12,760.5,116.85,20.89,55.45,846.42,329.95,2.41,357,93890,,,,,,
20090304:0800,2009,03,04,08,13,712.15,124.45,21.55,53.6,781.35,330.15,1.59,6,93810,,,,,,
20090304:0900,2009,03,04,09,14,571.4,127.4,21.7,51.9,644.98,338.3,0.97,57,93760,,,,,,
20090304:1000,2009,03,04,10,15,463.2,88.1,21.8,51.9,654.1,346,1.72,92,93740,,,,,,
20090304:1100,2009,03,04,11,16,248.2,69.1,21.61,51.9,431.36,338.1,1.66,100,93730,,,,,,
20090304:1200,2009,03,04,12,17,70.2,28.7,21.24,55.55,184.93,341.55,1.17,100,93760,,,,,,
20090304:1300,2009,03,04,13,18,0.1,0.1,20.13,61.5,0,333.85,0.69,75,93740,,,,,,
20090304:1400,2009,03,04,14,19,0,0,17.73,72.9,0,320.1,1.03,44,93830,,,,,,
20090304:1500,2009,03,04,15,20,0,0,15.79,80.65,0,325.1,1.72,54,93900,,,,,,
20090304:1600,2009,03,04,16,21,0,0,14.64,77.75,0,322.2,2.21,57,93940,,,,,,
20090304:1700,2009,03,04,17,22,0,0,13.82,80.4,0,328.8,2.34,48,93980,,,,,,
20090304:1800,2009,03,04,18,23,0,0,13.2,80.35,0,326.85,2.55,35,93960,,,,,,
20090304:1900,2009,03,04,19,0,0,0,13.15,77.5,0,322.6,2.21,41,93960,,,,,,
20090304:2000,2009,03,04,20,1,0,0,12.74,77.45,0,320.65,2.21,38,93910,,,,,,
20090304:2100,2009,03,04,21,2,0,0,12.27,74.6,0,311.55,2.28,32,93880,,,,,,
20090304:2200,2009,03,04,22,3,0,0,11.71,74.55,0,302.3,2.48,27,93850,,,,,,
20090304:2300,2009,03,04,23,4,0,0,11.18,77.2,0,303.45,2.48,23,93840,,,,,,
20090305:0000,2009,03,05,00,5,0,0,11.12,77.2,0,309.85,2.48,25,93850,,,,,,
20090305:0100,2009,03,05,01,6,0,0,10.79,77.15,0,296.2,2.62,32,93880,,,,,,
20090305:0200,2009,03,05,02,7,144.65,50.55,10.61,77.15,1154.99,295.5,2.55,38,93920,,,,,,
20090305:0300,2009,03,05,03,8,357.2,78.6,12.56,74.7,968.65,295.5,1.72,38,93960,,,,,,
20090305:0400,2009,03,05,04,9,548.7,92.3,16.24,60.75,970.71,293.95,1.1,13,94010,,,,,,
20090305:0500,2009,03,05,05,10,702.8,102.8,18.57,54.95,972.93,305.75,1.17,317,94070,,,,,,
20090305:0600,2009,03,05,06,11,792.95,107.5,19.88,53.25,955.74,313.5,1.86,294,94100,,,,,,
20090305:0700,2009,03,05,07,12,816.7,109.5,21.04,51.65,924.65,315.45,2.48,306,94070,,,,,,
20090305:0800,2009,03,05,08,13,753.7,103.8,21.61,44.95,859.25,319.7,2.62,308,94030,,,,,,
20090305:0900,2009,03,05,09,14,618.25,116.25,21.72,41.85,725.07,318.35,2.76,313,93990,,,,,,
20090305:1000,2009,03,05,10,15,455.85,92.15,21.47,41.7,630.16,322.6,3.1,318,93940,,,,,,
20090305:1100,2009,03,05,11,16,282.65,72.45,20.87,43.1,502.09,321.25,3.24,330,93930,,,,,,
20090305:1200,2009,03,05,12,17,82.5,33.65,20.05,47.9,214.61,310.8,2.41,330,93920,,,,,,
20090305:1300,2009,03,05,13,18,0.15,0.15,18.25,54.95,0,303.65,1.93,320,93930,,,,,,
20090305:1400,2009,03,05,14,19,0,0,15.95,65.15,0,298.4,1.93,336,94020,,,,,,
20090305:1500,2009,03,05,15,20,0,0,14.27,69.75,0,297.85,2,355,94070,,,,,,
20090305:1600,2009,03,05,16,21,0,0,13.02,72.1,0,291.05,2.14,10,94110,,,,,,
20090305:1700,2009,03,05,17,22,0,0,12.09,71.95,0,287.75,2.48,28,94120,,,,,,
20090305:1800,2009,03,05,18,23,0,0,11.06,77.2,0,285.65,2.48,33,94120,,,,,,
20090305:1900,2009,03,05,19,0,0,0,10.7,80.05,0,283.9,2.41,36,94040,,,,,,
20090305:2000,2009,03,05,20,1,0,0,10.1,82.95,0,285.65,2.28,32,94050,,,,,,
20090305:2100,2009,03,05,21,2,0,0,9.5,85.95,0,283.1,2.28,25,94010,,,,,,
20090305:2200,2009,03,05,22,3,0,0,9.44,82.9,0,291.65,2.28,18,94010,,,,,,
20090305:2300,2009,03,05,23,4,0,0,9.86,82.9,0,302.1,2.41,13,93990,,,,,,
20090306:0000,2009,03,06,00,5,0,0,10,77.1,0,297.25,2.55,12,93980,,,,,,
20090306:0100,2009,03,06,01,6,0,0,9.87,77,0,295.25,2.55,15,93990,,,,,,
20090306:0200,2009,03,06,02,7,140.75,64.85,9.67,77,881.61,288.55,2.48,14,94030,,,,,,
20090306:0300,2009,03,06,03,8,332,118.4,12.31,71.95,730.71,287,2.14,4,94060,,,,,,
20090306:0400,2009,03,06,04,9,509,150.95,16.81,54.6,753.97,294.95,2.34,346,94090,,,,,,
20090306:0500,2009,03,06,05,10,662.7,167.6,19.17,45.95,796.8,304.8,2.83,334,94120,,,,,,
20090306:0600,2009,03,06,06,11,800.7,117.8,20.74,41.55,946.18,308.1,3.1,331,94120,,,,,,
20090306:0700,2009,03,06,07,12,823.6,106.25,21.69,40.35,932.57,306.75,3.24,324,94070,,,,,,
20090306:0800,2009,03,06,08,13,767.35,112.15,22.33,39.05,861.51,313.1,3.17,326,94000,,,,,,
20090306:0900,2009,03,06,09,14,633.8,136.6,22.65,36.4,714.09,317.95,2.9,326,93910,,,,,,
20090306:1000,2009,03,06,10,15,420.85,146,22.58,36.4,473.2,318.95,2.69,326,93830,,,,,,
20090306:1100,2009,03,06,11,16,235,109.3,22.18,37.65,297.82,324.75,2.83,323,93790,,,,,,
20090306:1200,2009,03,06,12,17,51.5,44.7,20.85,48.05,29.46,325.9,2.62,314,93760,,,,,,
20090306:1300,2009,03,06,13,18,0.15,0.15,18.75,54.95,0,329.55,2.41,319,93760,,,,,,
20090306:1400,2009,03,06,14,19,0,0,17.04,58.8,0,333.85,2.21,320,93800,,,,,,
20090306:1500,2009,03,06,15,20,0,0,15.81,62.85,0,337.1,2.34,310,93830,,,,,,
20090306:1600,2009,03,06,16,21,0,0,15.07,62.75,0,341.55,2.48,326,93880,,,,,,
20090306:1700,2009,03,06,17,22,0,0,14.66,62.65,0,344.1,2.83,341,93890,,,,,,
20090306:1800,2009,03,06,18,23,0,0,13.98,64.85,0,341.4,2.97,337,93910,,,,,,
20090306:1900,2009,03,06,19,0,0,0,14.33,62.55,0,339.45,3.52,332,93900,,,,,,
20090306:2000,2009,03,06,20,1,0,0,13.94,62.45,0,337.3,3.52,329,93880,,,,,,
20090306:2100,2009,03,06,21,2,0,0,13.53,62.45,0,340,3.17,331,93900,,,,,,
20090306:2200,2009,03,06,22,3,0,0,12.66,69.45,0,344.1,2.48,326,93940,,,,,,
20090306:2300,2009,03,06,23,4,0,0,11.35,86.1,0,344.85,2.21,335,94000,,,,,,
20090307:0000,2009,03,07,00,5,0,0,11.18,80.1,0,347.2,2.76,13,94030,,,,,,
20090307:0100,2009,03,07,01,6,0,0,10.83,86.05,0,343.8,3.52,29,94060,,,,,,
20090307:0200,2009,03,07,02,7,113.95,49.25,10.66,86.05,712.93,326.1,3.59,33,94070,,,,,,
20090307:0300,2009,03,07,03,8,335.5,85.85,11.84,77.3,840.44,308.1,3.17,34,94110,,,,,,
20090307:0400,2009,03,07,04,9,536.85,98.3,14.27,62.55,914.37,290.65,3.45,40,94180,,,,,,
20090307:0500,2009,03,07,05,10,700.45,104.05,16.05,54.45,952.67,296.1,2.48,47,94250,,,,,,
20090307:0600,2009,03,07,06,11,801.85,108.1,17.32,50.85,955.2,300.95,0.97,42,94300,,,,,,
20090307:0700,2009,03,07,07,12,833.15,110.4,20.22,41.45,934.3,308.85,1.38,1,94240,,,,,,
20090307:0800,2009,03,07,08,13,782.8,104.3,20.78,41.55,887.32,310.6,1.52,323,94230,,,,,,
20090307:0900,2009,03,07,09,14,663.2,98.1,21.03,41.55,807.1,312.35,1.79,315,94150,,,,,,
20090307:1000,2009,03,07,10,15,492.9,92.1,21.11,40.2,685.76,310.8,1.86,316,94130,,,,,,
20090307:1100,2009,03,07,11,16,286.15,75.4,20.88,41.55,495.35,311,2,326,94100,,,,,,
20090307:1200,2009,03,07,12,17,87.35,33.9,20.18,44.6,228.45,309.45,1.86,324,94090,,,,,,
20090307:1300,2009,03,07,13,18,0.35,0.35,18.4,53,0,305.55,2.07,320,94090,,,,,,
20090307:1400,2009,03,07,14,19,0,0,16.19,62.95,0,299.2,2.07,330,94110,,,,,,
20090307:1500,2009,03,07,15,20,0,0,14.42,69.75,0,295.3,2.07,348,94140,,,,,,
20090307:1600,2009,03,07,16,21,0,0,13.15,72.1,0,293.2,2.14,2,94170,,,,,,
20090307:1700,2009,03,07,17,22,0,0,12.14,74.6,0,290.3,2.34,11,94160,,,,,,
20090307:1800,2009,03,07,18,23,0,0,11.36,77.2,0,288.75,2.48,14,94160,,,,,,
20090307:1900,2009,03,07,19,0,0,0,10.97,77.2,0,284.65,2.34,17,94110,,,,,,
20090307:2000,2009,03,07,20,1,0,0,10.58,80.05,0,284.65,2.41,14,94060,,,,,,
20090307:2100,2009,03,07,21,2,0,0,10.27,79.95,0,286.2,2.41,12,94000,,,,,,
20090307:2200,2009,03,07,22,3,0,0,10,77.1,0,289.1,2.34,11,93930,,,,,,
20090307:2300,2009,03,07,23,4,0,0,9.83,77,0,291.85,2.34,9,93890,,,,,,
20090308:0000,2009,03,08,00,5,0,0,9.85,77,0,297.45,2.41,8,93860,,,,,,
20090308:0100,2009,03,08,01,6,0,0,9.85,74.2,0,300.85,2.41,10,93860,,,,,,
20090308:0200,2009,03,08,02,7,109.65,93.8,9.97,74.3,166.06,304.2,2.28,10,93870,,,,,,
20090308:0300,2009,03,08,03,8,244.45,189.3,12.02,71.95,182.74,308.3,1.79,3,93920,,,,,,
20090308:0400,2009,03,08,04,9,422.4,243.45,15.44,60.5,369.45,312.75,1.72,340,93960,,,,,,
20090308:0500,2009,03,08,05,10,524.05,315.65,17.69,47.4,330.43,322.05,2.21,321,93970,,,,,,
20090308:0600,2009,03,08,06,11,632.05,337.45,18.71,44.2,403.11,326.85,2.55,312,93990,,,,,,
20090308:0700,2009,03,08,07,12,708.8,290.05,19.94,42.85,538.29,322.4,2.55,309,94000,,,,,,
20090308:0800,2009,03,08,08,13,704.55,197.15,20.69,41.55,660.01,318.15,2.83,305,93960,,,,,,
20090308:0900,2009,03,08,09,14,635.85,131.5,21.11,40.2,716.38,313.5,2.69,303,93910,,,,,,
20090308:1000,2009,03,08,10,15,503.85,93.35,21.21,40.2,698.05,311.95,2.41,305,93850,,,,,,
20090308:1100,2009,03,08,11,16,286.8,79.1,21.06,38.75,484.36,307.5,1.59,323,93840,,,,,,
20090308:1200,2009,03,08,12,17,81.85,36.8,20.36,44.6,190,305.4,1.31,16,93840,,,,,,
20090308:1300,2009,03,08,13,18,0.45,0.45,18.84,53,0,307.7,1.79,35,93870,,,,,,
20090308:1400,2009,03,08,14,19,0,0,16.4,60.75,0,308.3,2.62,57,93920,,,,,,
20090308:1500,2009,03,08,15,20,0,0,14.54,62.65,0,300.15,2.76,66,93990,,,,,,
20090308:1600,2009,03,08,16,21,0,0,13.38,69.55,0,299.55,2.69,66,94050,,,,,,
20090308:1700,2009,03,08,17,22,0,0,12.35,71.95,0,292.05,2.69,64,94110,,,,,,
20090308:1800,2009,03,08,18,23,0,0,11.57,71.85,0,290.5,2.62,57,94140,,,,,,
20090308:1900,2009,03,08,19,0,0,0,11.38,74.45,0,293.6,2.55,72,94140,,,,,,
20090308:2000,2009,03,08,20,1,0,0,10.96,69.15,0,286.2,2.76,68,94140,,,,,,
20090308:2100,2009,03,08,21,2,0,0,10.75,69.1,0,287.75,2.76,62,94110,,,,,,
20090308:2200,2009,03,08,22,3,0,0,10.45,66.55,0,283.3,2.9,55,94100,,,,,,
20090308:2300,2009,03,08,23,4,0,0,10.05,69,0,283.1,2.97,48,94110,,,,,,
20090309:0000,2009,03,09,00,5,0,0,9.61,68.9,0,281.2,2.97,47,94150,,,,,,
20090309:0100,2009,03,09,01,6,0,0,9.25,71.4,0,281.1,2.9,51,94200,,,,,,
20090309:0200,2009,03,09,02,7,162.95,55.1,9.18,71.4,1076.6,280.6,2.69,53,94280,,,,,,
20090309:0300,2009,03,09,03,8,377.6,80.7,11.73,74.55,968.43,283.9,1.79,53,94360,,,,,,
20090309:0400,2009,03,09,04,9,571.4,91.95,16.87,56.6,980.23,289.9,0.97,46,94470,,,,,,
20090309:0500,2009,03,09,05,10,717.25,108.4,19.42,45.95,958.27,299.75,0.34,51,94550,,,,,,
20090309:0600,2009,03,09,06,11,793.05,128.85,20.29,43,903.26,308.3,1.03,112,94570,,,,,,
20090309:0700,2009,03,09,07,12,787.85,160.3,21.12,41.7,802.25,315.45,2.41,113,94610,,,,,,
20090309:0800,2009,03,09,08,13,726.25,180.95,21.02,41.55,705.56,324.15,1.59,143,94530,,,,,,
20090309:0900,2009,03,09,09,14,546.05,226.25,20.82,41.55,451.79,333.05,0.69,228,94460,,,,,,
20090309:1000,2009,03,09,10,15,398.45,184.2,19.92,46.1,362.13,343.7,1.52,23,94410,,,,,,
20090309:1100,2009,03,09,11,16,196.7,124.3,19.56,47.8,167.54,334.2,3.24,46,94400,,,,,,
20090309:1200,2009,03,09,12,17,56.65,34.85,18.85,53,90.75,331.9,2.62,54,94380,,,,,,
20090309:1300,2009,03,09,13,18,0.5,0.5,17.5,56.75,0,328.6,2.41,61,94400,,,,,,
20090309:1400,2009,03,09,14,19,0,0,15.87,60.65,0,315.45,2.55,60,94420,,,,,,
20090309:1500,2009,03,09,15,20,0,0,14.18,64.85,0,296.3,2.62,58,94460,,,,,,
20090309:1600,2009,03,09,16,21,0,0,12.89,72.05,0,293.4,2.62,52,94500,,,,,,
20090309:1700,2009,03,09,17,22,0,0,11.97,71.95,0,293.2,2.69,47,94520,,,,,,
20090309:1800,2009,03,09,18,23,0,0,11.12,74.45,0,286.2,2.62,45,94510,,,,,,
20090309:1900,2009,03,09,19,0,0,0,10.49,80.05,0,285.05,2.21,46,94490,,,,,,
20090309:2000,2009,03,09,20,1,0,0,9.96,82.95,0,283.1,2.34,39,94460,,,,,,
20090309:2100,2009,03,09,21,2,0,0,9.55,82.9,0,281.6,2.41,30,94460,,,,,,
20090309:2200,2009,03,09,22,3,0,0,9.25,82.85,0,280.05,2.41,25,94430,,,,,,
20090309:2300,2009,03,09,23,4,0,0,8.91,82.75,0,277.3,2.41,22,94440,,,,,,
20090310:0000,2009,03,10,00,5,0,0,8.61,79.75,0,275.95,2.41,20,94460,,,,,,
20090310:0100,2009,03,10,01,6,0,0,8.28,79.7,0,273.35,2.41,22,94510,,,,,,
20090310:0200,2009,03,10,02,7,173.95,54.65,7.99,79.7,1136.87,270.75,2.14,20,94530,,,,,,
20090310:0300,2009,03,10,03,8,392.55,81.2,11.31,80.1,999.93,271.9,1.38,0,94580,,,,,,
20090310:0400,2009,03,10,04,9,591.2,96.35,16.35,50.6,1001.96,277.7,1.86,329,94650,,,,,,
20090310:0500,2009,03,10,05,10,743.4,106.4,18.06,42.6,995.28,284.3,2.62,318,94690,,,,,,
20090310:0600,2009,03,10,06,11,833.7,112.05,19.2,41.15,975.41,290.3,3.45,315,94720,,,,,,
20090310:0700,2009,03,10,07,12,856.15,113.2,19.98,39.8,944.59,294.55,3.66,316,94720,,,,,,
20090310:0800,2009,03,10,08,13,810.75,108.65,20.61,37.25,903.7,297.05,3.66,316,94680,,,,,,
20090310:0900,2009,03,10,09,14,691.55,102.35,20.98,37.25,827.94,299,3.66,315,94610,,,,,,
20090310:1000,2009,03,10,10,15,509.1,99.85,21.06,34.7,687.62,299.55,3.45,315,94560,,,,,,
20090310:1100,2009,03,10,11,16,310.8,74.1,20.8,37.25,543.61,299.55,3.17,316,94540,,,,,,
20090310:1200,2009,03,10,12,17,99,37.5,19.96,44.45,252.78,295.5,2.41,310,94550,,,,,,
20090310:1300,2009,03,10,13,18,0.75,0.75,18.16,47.55,0,290.85,2.07,315,94530,,,,,,
20090310:1400,2009,03,10,14,19,0,0,15.72,60.65,0,283.5,2.07,340,94560,,,,,,
20090310:1500,2009,03,10,15,20,0,0,13.87,64.75,0,279.05,2.34,4,94570,,,,,,
20090310:1600,2009,03,10,16,21,0,0,12.35,71.95,0,275.75,2.48,12,94570,,,,,,
20090310:1700,2009,03,10,17,22,0,0,11.22,74.45,0,272.65,2.55,14,94560,,,,,,
20090310:1800,2009,03,10,18,23,0,0,10.45,74.4,0,269.95,2.62,16,94540,,,,,,
20090310:1900,2009,03,10,19,0,0,0,9.91,79.9,0,271.1,2.41,17,94540,,,,,,
20090310:2000,2009,03,10,20,1,0,0,9.6,77,0,269,2.62,19,94520,,,,,,
20090310:2100,2009,03,10,21,2,0,0,9.14,76.95,0,266.65,2.69,24,94490,,,,,,
20090310:2200,2009,03,10,22,3,0,0,8.44,76.85,0,263.4,2.62,24,94440,,,,,,
20090310:2300,2009,03,10,23,4,0,0,7.63,76.8,0,260.65,2.48,24,94420,,,,,,
20090311:0000,2009,03,11,00,5,0,0,6.93,76.7,0,257.95,2.41,23,94410,,,,,,
20090311:0100,2009,03,11,01,6,0,0,6.4,79.5,0,256.15,2.41,23,94410,,,,,,
20090311:0200,2009,03,11,02,7,184.95,56.8,6.18,82.55,1167.91,254.5,2.14,23,94450,,,,,,
20090311:0300,2009,03,11,03,8,408.35,83.1,10.5,80.05,1028.67,256.8,1.1,8,94510,,,,,,
20090311:0400,2009,03,11,04,9,609.4,98.5,16.53,48.9,1024.57,264.55,1.17,319,94600,,,,,,
20090311:0500,2009,03,11,05,10,762.4,107.6,18.89,38.1,1015.7,273.85,1.86,305,94630,,,,,,
20090311:0600,2009,03,11,06,11,853.15,115,20.34,35.75,991.7,281.75,2.21,304,94660,,,,,,
20090311:0700,2009,03,11,07,12,872.2,116.85,21.27,34.7,955.17,287.75,2.48,303,94620,,,,,,
20090311:0800,2009,03,11,08,13,821.4,111.4,22.06,35,909.17,294.15,2.62,301,94560,,,,,,
20090311:0900,2009,03,11,09,14,703.05,103.55,22.46,35,838,298.6,2.69,298,94490,,,,,,
20090311:1000,2009,03,11,10,15,528.3,92.5,22.51,36.3,727.96,301.5,2.76,297,94450,,,,,,
20090311:1100,2009,03,11,11,16,314.05,77.1,22.09,37.65,540.15,302.3,2.69,300,94430,,,,,,
20090311:1200,2009,03,11,12,17,99.3,41.45,21.07,43.25,234.83,301.1,1.79,304,94410,,,,,,
20090311:1300,2009,03,11,13,18,0.95,0.95,19.21,53.15,0,297.05,1.93,317,94380,,,,,,
20090311:1400,2009,03,11,14,19,0,0,16.73,63.05,0,293.2,2,345,94390,,,,,,
20090311:1500,2009,03,11,15,20,0,0,14.94,69.85,0,295.9,2.21,8,94430,,,,,,
20090311:1600,2009,03,11,16,21,0,0,13.56,72.2,0,294.15,2.28,17,94440,,,,,,
20090311:1700,2009,03,11,17,22,0,0,12.62,77.45,0,299.75,2.21,21,94440,,,,,,
20090311:1800,2009,03,11,18,23,0,0,11.74,80.15,0,293.55,2.21,23,94410,,,,,,
20090311:1900,2009,03,11,19,0,0,0,11.14,80.1,0,288.95,2.07,24,94390,,,,,,
20090311:2000,2009,03,11,20,1,0,0,10.58,80.05,0,285.65,2.14,21,94330,,,,,,
20090311:2100,2009,03,11,21,2,0,0,10.1,82.95,0,282.15,2.21,21,94290,,,,,,
20090311:2200,2009,03,11,22,3,0,0,9.65,82.9,0,281.95,2.21,20,94220,,,,,,
20090311:2300,2009,03,11,23,4,0,0,9.13,82.85,0,273.45,2.28,19,94170,,,,,,
20090312:0000,2009,03,12,00,5,0,0,8.67,82.75,0,271.9,2.34,20,94140,,,,,,
20090312:0100,2009,03,12,01,6,0,0,8.19,82.7,0,270.05,2.34,20,94120,,,,,,
20090312:0200,2009,03,12,02,7,187,56.9,8.07,82.7,1135.84,267.65,2.14,19,94140,,,,,,
20090312:0300,2009,03,12,03,8,409.35,83,12.24,77.35,1016.63,269.75,1.24,8,94170,,,,,,
20090312:0400,2009,03,12,04,9,610.45,97.95,18.25,47.55,1018.05,276.35,1.31,323,94230,,,,,,
20090312:0500,2009,03,12,05,10,762.85,108,20.45,41.45,1008.51,284.5,1.79,304,94250,,,,,,
20090312:0600,2009,03,12,06,11,854.1,113.3,21.98,37.5,989.33,292.2,2.28,302,94260,,,,,,
20090312:0700,2009,03,12,07,12,873.55,114.3,23.03,35.1,954.99,297.05,2.62,303,94220,,,,,,
20090312:0800,2009,03,12,08,13,821.65,111.45,23.74,34.1,904.81,302.5,2.97,301,94180,,,,,,
20090312:0900,2009,03,12,09,14,703.45,104.55,24.03,34.1,832.83,306.55,2.9,303,94090,,,,,,
20090312:1000,2009,03,12,10,15,529.45,92.95,24.06,34.1,724.94,308.3,2.69,303,94020,,,,,,
20090312:1100,2009,03,12,11,16,317.5,74.45,23.71,35.4,550.01,309.25,2.34,302,94000,,,,,,
20090312:1200,2009,03,12,12,17,103.35,39.05,22.72,43.65,257.85,307.7,1.52,298,93980,,,,,,
20090312:1300,2009,03,12,13,18,1,1,20.94,53.5,0,303.85,1.52,310,94010,,,,,,
20090312:1400,2009,03,12,14,19,0,0,17.75,70.35,0,297.05,1.52,350,94070,,,,,,
20090312:1500,2009,03,12,15,20,0,0,15.85,72.55,0,294.95,2,25,94110,,,,,,
20090312:1600,2009,03,12,16,21,0,0,14.48,72.4,0,293.2,2.34,43,94130,,,,,,
20090312:1700,2009,03,12,17,22,0,0,13.27,77.5,0,291.65,2.34,53,94130,,,,,,
20090312:1800,2009,03,12,18,23,0,0,12.35,80.2,0,290.1,2.28,56,94130,,,,,,
20090312:1900,2009,03,12,19,0,0,0,11.65,83.1,0,291.25,2.28,52,94130,,,,,,
20090312:2000,2009,03,12,20,1,0,0,11.19,83.05,0,289.7,2.28,51,94110,,,,,,
20090312:2100,2009,03,12,21,2,0,0,10.9,86.05,0,288.55,2.34,51,94080,,,,,,
20090312:2200,2009,03,12,22,3,0,0,10.58,83,0,286.8,2.41,50,94050,,,,,,
20090312:2300,2009,03,12,23,4,0,0,10.2,82.95,0,285.25,2.41,47,94020,,,,,,
20090313:0000,2009,03,13,00,5,0,0,9.8,85.95,0,283.9,2.34,41,94030,,,,,,
20090313:0100,2009,03,13,01,6,0,0,9.5,82.9,0,282.45,2.34,33,94090,,,,,,
20090313:0200,2009,03,13,02,7,186.6,59,9.61,82.9,1068.86,281.4,2.28,30,94140,,,,,,
20090313:0300,2009,03,13,03,8,400.65,85.8,13.73,77.6,966.25,284.1,1.24,29,94210,,,,,,
20090313:0400,2009,03,13,04,9,604,97.2,19.88,55.2,997.28,293.95,0.62,350,94290,,,,,,
20090313:0500,2009,03,13,05,10,752.1,111.5,22.09,41.95,979.58,299.75,0.97,299,94330,,,,,,
20090313:0600,2009,03,13,06,11,841.3,113.4,23.36,40.75,966.37,307.9,1.45,287,94380,,,,,,
20090313:0700,2009,03,13,07,12,860.25,115,24.53,38.15,932.44,316.2,1.59,293,94360,,,,,,
20090313:0800,2009,03,13,08,13,808.5,112,25.11,35.8,882.91,321.05,1.66,287,94320,,,,,,
20090313:0900,2009,03,13,09,14,691.15,105.4,25.44,35.8,810.4,325.3,1.66,285,94290,,,,,,
20090313:1000,2009,03,13,10,15,518.5,94.55,25.48,35.8,700.12,327.05,1.24,293,94270,,,,,,
20090313:1100,2009,03,13,11,16,309.6,76.15,25.26,35.8,524.51,327.45,0.9,294,94310,,,,,,
20090313:1200,2009,03,13,12,17,101.8,39.75,24.45,42.5,245.87,326.65,0.55,294,94310,,,,,,
20090313:1300,2009,03,13,13,18,1.3,1.2,22.76,54,2.47,321.45,0.69,23,94370,,,,,,
20090313:1400,2009,03,13,14,19,0,0,19.9,65.85,0,316.2,2,52,94420,,,,,,
20090313:1500,2009,03,13,15,20,0,0,17.8,67.95,0,311.95,2.48,58,94490,,,,,,
20090313:1600,2009,03,13,16,21,0,0,16.37,72.65,0,310.6,2.62,62,94530,,,,,,
20090313:1700,2009,03,13,17,22,0,0,15.39,75.1,0,306.55,2.69,65,94590,,,,,,
20090313:1800,2009,03,13,18,23,0,0,14.58,75,0,307.3,2.69,66,94620,,,,,,
20090313:1900,2009,03,13,19,0,0,0,14.14,77.65,0,304.05,2.62,67,94590,,,,,,
20090313:2000,2009,03,13,20,1,0,0,13.44,80.35,0,302.3,2.62,63,94570,,,,,,
20090313:2100,2009,03,13,21,2,0,0,12.75,83.25,0,301.5,2.62,58,94560,,,,,,
20090313:2200,2009,03,13,22,3,0,0,12.16,83.15,0,301.7,2.62,54,94520,,,,,,
20090313:2300,2009,03,13,23,4,0,0,11.59,83.1,0,299.95,2.55,51,94500,,,,,,
20090314:0000,2009,03,14,00,5,0,0,11.13,83.05,0,298.4,2.55,48,94500,,,,,,
20090314:0100,2009,03,14,01,6,0,0,10.76,83,0,296.2,2.48,45,94540,,,,,,
20090314:0200,2009,03,14,02,7,186.15,61.2,10.93,83,1005.72,293.95,2.28,42,94570,,,,,,
20090314:0300,2009,03,14,03,8,405.55,84.4,14.71,83.45,971.14,295.1,1.24,35,94650,,,,,,
20090314:0400,2009,03,14,04,9,601.45,99.45,21.37,53.6,978.66,302.1,0.76,353,94700,,,,,,
20090314:0500,2009,03,14,05,10,751.4,107.5,23.21,40.75,977.72,311.95,1.17,311,94710,,,,,,
20090314:0600,2009,03,14,06,11,837.5,114,24.29,36.8,954.93,318.55,1.52,305,94700,,,,,,
20090314:0700,2009,03,14,07,12,863.85,109.65,24.88,35.65,938.73,325.9,1.52,297,94630,,,,,,
20090314:0800,2009,03,14,08,13,797.6,132.25,25.37,34.5,839.26,328.4,1.86,302,94570,,,,,,
20090314:0900,2009,03,14,09,14,692.4,103.65,25.55,34.5,810.46,330.55,2.34,303,94480,,,,,,
20090314:1000,2009,03,14,10,15,517,96.75,25.37,34.5,690.16,330.55,2.55,305,94400,,,,,,
20090314:1100,2009,03,14,11,16,297.55,86.4,24.96,36.95,471.07,333.05,2.55,318,94370,,,,,,
20090314:1200,2009,03,14,12,17,102.45,41.2,23.87,43.9,239.88,326.1,1.86,324,94340,,,,,,
20090314:1300,2009,03,14,13,18,1.5,1.35,22.21,52,3.46,321.65,1.66,327,94330,,,,,,
20090314:1400,2009,03,14,14,19,0,0,19.37,70.55,0,313.1,1.52,350,94350,,,,,,
20090314:1500,2009,03,14,15,20,0,0,17.49,70.3,0,307.5,2.07,20,94370,,,,,,
20090314:1600,2009,03,14,16,21,0,0,15.96,72.55,0,304.4,2.34,35,94410,,,,,,
20090314:1700,2009,03,14,17,22,0,0,14.58,75,0,300.75,2.41,42,94410,,,,,,
20090314:1800,2009,03,14,18,23,0,0,13.5,74.85,0,298.2,2.41,43,94390,,,,,,
20090314:1900,2009,03,14,19,0,0,0,12.99,77.5,0,298.2,2.34,43,94310,,,,,,
20090314:2000,2009,03,14,20,1,0,0,12.32,80.2,0,295.3,2.41,44,94260,,,,,,
20090314:2100,2009,03,14,21,2,0,0,11.66,80.15,0,292.05,2.41,46,94250,,,,,,
20090314:2200,2009,03,14,22,3,0,0,11.06,77.2,0,288.95,2.41,44,94180,,,,,,
20090314:2300,2009,03,14,23,4,0,0,10.58,77.15,0,285.65,2.48,40,94160,,,,,,
20090315:0000,2009,03,15,00,5,0,0,10.12,77.1,0,282.95,2.55,37,94150,,,,,,
20090315:0100,2009,03,15,01,6,0,0,9.65,74.2,0,280.15,2.55,35,94200,,,,,,
20090315:0200,2009,03,15,02,7,196.65,59.3,9.63,74.2,1063.77,277.7,2.28,33,94230,,,,,,
20090315:0300,2009,03,15,03,8,417.1,84.8,13.57,74.85,990.32,278.65,1.31,24,94280,,,,,,
20090315:0400,2009,03,15,04,9,615.8,99.95,20.29,43,996.41,285.85,0.97,346,94330,,,,,,
20090315:0500,2009,03,15,05,10,766.9,109.35,22.53,31.3,991.52,294.35,1.38,315,94340,,,,,,
20090315:0600,2009,03,15,06,11,852.95,114.05,23.74,29.45,969.63,301.5,1.72,308,94350,,,,,,
20090315:0700,2009,03,15,07,12,872.3,114.7,24.6,27.6,938.13,309.65,1.72,309,94300,,,,,,
20090315:0800,2009,03,15,08,13,819.15,112,25.23,27.7,887.65,314.3,2,307,94270,,,,,,
20090315:0900,2009,03,15,09,14,700.7,107.35,25.52,27.7,812.77,317.4,2.14,310,94170,,,,,,
20090315:1000,2009,03,15,10,15,528.65,95.05,25.59,26.85,708.19,319.5,2.07,311,94120,,,,,,
20090315:1100,2009,03,15,11,16,313.8,85,25.25,28.75,506.92,319.1,1.86,306,94070,,,,,,
20090315:1200,2009,03,15,12,17,103.35,47.95,24.25,36.8,214.49,318.35,1.31,296,94070,,,,,,
20090315:1300,2009,03,15,13,18,1.7,1.6,22.52,46.75,2.16,316.6,1.45,310,94050,,,,,,
20090315:1400,2009,03,15,14,19,0,0,19.44,65.75,0,313.1,1.66,346,94080,,,,,,
20090315:1500,2009,03,15,15,20,0,0,17.68,63.3,0,314.5,2.14,14,94090,,,,,,
20090315:1600,2009,03,15,16,21,0,0,16.1,65.25,0,310.8,2.28,24,94130,,,,,,
20090315:1700,2009,03,15,17,22,0,0,14.88,69.85,0,303.85,2.41,32,94150,,,,,,
20090315:1800,2009,03,15,18,23,0,0,13.83,69.65,0,299,2.55,40,94140,,,,,,
20090315:1900,2009,03,15,19,0,0,0,13.01,74.75,0,297.65,2.41,54,94100,,,,,,
20090315:2000,2009,03,15,20,1,0,0,12.29,77.35,0,295.9,2.41,54,94070,,,,,,
20090315:2100,2009,03,15,21,2,0,0,11.83,80.15,0,300.55,2.34,55,94050,,,,,,
20090315:2200,2009,03,15,22,3,0,0,11.72,77.3,0,307.7,2.28,56,94010,,,,,,
20090315:2300,2009,03,15,23,4,0,0,11.92,74.55,0,312.95,2.28,58,93980,,,,,,
20090316:0000,2009,03,16,00,5,0,0,12.16,71.95,0,310.6,2.41,60,93990,,,,,,
20090316:0100,2009,03,16,01,6,0,0,12.3,69.35,0,314,2.55,62,94010,,,,,,
20090316:0200,2009,03,16,02,7,162.45,99.7,12.37,71.95,468.25,313.7,2.41,66,94050,,,,,,
20090316:0300,2009,03,16,03,8,382.95,131.8,15.03,75.1,737.8,313.7,1.31,73,94130,,,,,,
20090316:0400,2009,03,16,04,9,556.25,147.05,21.3,44.85,783.22,312.55,0.83,109,94160,,,,,,
20090316:0500,2009,03,16,05,10,517.1,274,23.2,35.25,364.05,320.5,0.9,149,94200,,,,,,
20090316:0600,2009,03,16,06,11,787.3,191.9,23.47,36.55,776.87,342.95,1.66,213,94250,,,,,,
20090316:0700,2009,03,16,07,12,764.15,260.35,24.99,33.15,620.69,338.65,1.52,160,94210,,,,,,
20090316:0800,2009,03,16,08,13,659.9,282.75,25.45,32.1,471.15,349.3,1.59,182,94160,,,,,,
20090316:0900,2009,03,16,09,14,531.2,235.45,24.65,34.4,403.15,360.95,1.66,276,94160,,,,,,
20090316:1000,2009,03,16,10,15,388.75,170.7,22.36,45.1,354.23,357.25,3.66,343,94190,,,,,,
20090316:1100,2009,03,16,11,16,116.75,91.9,20.76,51.65,54.68,351.05,3.59,354,94150,,,,,,
20090316:1200,2009,03,16,12,17,43.9,42.1,19.51,59.15,6.89,364,2.62,339,94190,,,,,,
20090316:1300,2009,03,16,13,18,0.6,0.6,17.73,67.95,0,350.1,2.41,337,94220,,,,,,
20090316:1400,2009,03,16,14,19,0,0,16.61,72.7,0,354.35,2.55,329,94310,,,,,,
20090316:1500,2009,03,16,15,20,0,0,15.93,77.85,0,354.15,2.69,1,94350,,,,,,
20090316:1600,2009,03,16,16,21,0,0,16.05,70.1,0,343.7,3.45,23,94330,,,,,,
20090316:1700,2009,03,16,17,22,0,0,16.13,65.25,0,336.35,3.38,25,94320,,,,,,
20090316:1800,2009,03,16,18,23,0,0,15.67,65.15,0,335.95,2.9,11,94330,,,,,,
20090316:1900,2009,03,16,19,0,0,0,14.76,80.55,0,322.6,2.41,25,94230,,,,,,
20090316:2000,2009,03,16,20,1,0,0,14.68,75,0,318.95,2.76,27,94200,,,,,,
20090316:2100,2009,03,16,21,2,0,0,14.46,72.3,0,315.25,2.83,22,94170,,,,,,
20090316:2200,2009,03,16,22,3,0,0,14,67.25,0,312.75,2.9,21,94130,,,,,,
20090316:2300,2009,03,16,23,4,0,0,13.71,64.75,0,308.5,3.17,26,94100,,,,,,
20090317:0000,2009,03,17,00,5,0,0,13.37,64.65,0,305.2,3.24,25,94100,,,,,,
20090317:0100,2009,03,17,01,6,0,0,12.86,66.95,0,299.3,3.03,24,94140,,,,,,
20090317:0200,2009,03,17,02,7,198.05,60,12.67,66.95,993.78,297.05,2.69,21,94180,,,,,,
20090317:0300,2009,03,17,03,8,411.4,85.3,15.47,62.75,944.5,299.2,2.07,13,94230,,,,,,
20090317:0400,2009,03,17,04,9,603.8,100.05,19.17,51.25,955.52,305.55,1.72,346,94290,,,,,,
20090317:0500,2009,03,17,05,10,752.45,107.3,21.42,44.85,959.59,314.1,2,321,94320,,,,,,
20090317:0600,2009,03,17,06,11,835.7,114.35,22.9,40.6,935.92,322.2,2.28,309,94350,,,,,,
20090317:0700,2009,03,17,07,12,852.9,114.85,24.7,34.4,904.75,332.5,1.45,310,94300,,,,,,
20090317:0800,2009,03,17,08,13,780.8,138.35,25.23,33.3,798.79,339.65,1.52,309,94260,,,,,,
20090317:0900,2009,03,17,09,14,613.25,134.2,25.5,34.5,649.9,343.3,1.66,328,94210,,,,,,
20090317:1000,2009,03,17,10,15,425.25,157.85,25.18,34.5,432.1,344.65,1.24,39,94160,,,,,,
20090317:1100,2009,03,17,11,16,276.15,103.3,24.63,36.95,377.82,345.85,1.52,110,94110,,,,,,
20090317:1200,2009,03,17,12,17,98.5,48.85,23.37,47,188.01,340.8,2.28,87,94140,,,,,,
20090317:1300,2009,03,17,13,18,2.1,1.95,21.11,55.55,2.9,340,2.9,70,94170,,,,,,
20090317:1400,2009,03,17,14,19,0,0,19.01,63.4,0,335.2,2.69,58,94160,,,,,,
20090317:1500,2009,03,17,15,20,0,0,17.65,65.55,0,332.1,2.34,43,94190,,,,,,
20090317:1600,2009,03,17,16,21,0,0,16.38,70.1,0,321.45,2.34,30,94220,,,,,,
20090317:1700,2009,03,17,17,22,0,0,15.53,72.55,0,320.65,2.55,21,94250,,,,,,
20090317:1800,2009,03,17,18,23,0,0,14.86,75,0,315.45,2.62,25,94250,,,,,,
20090317:1900,2009,03,17,19,0,0,0,14.13,80.45,0,315.85,2.07,41,94210,,,,,,
20090317:2000,2009,03,17,20,1,0,0,13.83,83.35,0,319.1,2.21,39,94180,,,,,,
20090317:2100,2009,03,17,21,2,0,0,13.57,80.4,0,318.35,2.41,42,94120,,,,,,
20090317:2200,2009,03,17,22,3,0,0,13.04,80.35,0,312.15,2.28,40,94050,,,,,,
20090317:2300,2009,03,17,23,4,0,0,12.62,83.25,0,322,1.93,23,94050,,,,,,
20090318:0000,2009,03,18,00,5,0,0,12.8,80.3,0,332.65,2.07,13,94100,,,,,,
20090318:0100,2009,03,18,01,6,0,0,13.14,74.75,0,333.15,2.21,9,94140,,,,,,
20090318:0200,2009,03,18,02,7,124.1,106.45,13.39,74.75,122.72,334.4,2,5,94160,,,,,,
20090318:0300,2009,03,18,03,8,266.4,200.3,15.58,70,188.79,337.3,1.66,344,94210,,,,,,
20090318:0400,2009,03,18,04,9,361.35,273.95,18.58,54.95,164.31,337.7,2.14,331,94270,,,,,,
20090318:0500,2009,03,18,05,10,455.1,353.15,20.19,46.2,150.62,346.4,2.62,331,94290,,,,,,
20090318:0600,2009,03,18,06,11,482.25,390.8,21.09,43.25,117.99,351.65,3.31,319,94300,,,,,,
20090318:0700,2009,03,18,07,12,389.9,352.4,21.35,44.85,45.74,363.05,4.07,306,94330,,,,,,
20090318:0800,2009,03,18,08,13,408.35,359.35,20.82,49.8,60.64,366.55,4.34,318,94300,,,,,,
20090318:0900,2009,03,18,09,14,389.8,289.75,20.98,49.8,135.09,368.45,4.55,347,94210,,,,,,
20090318:1000,2009,03,18,10,15,285.8,228.7,21.32,48.2,91.79,360.35,4.41,5,94110,,,,,,
20090318:1100,2009,03,18,11,16,154.45,135.7,21.37,49.95,40.72,361.1,3.31,353,94090,,,,,,
20090318:1200,2009,03,18,12,17,61.9,45.3,19.94,57.2,62.18,360.95,3.38,339,94140,,,,,,
20090318:1300,2009,03,18,13,18,1.55,1.55,18.24,59.05,0,352.8,3.24,346,94140,,,,,,
20090318:1400,2009,03,18,14,19,0,0,17.08,60.95,0,350.5,3.72,358,94180,,,,,,
20090318:1500,2009,03,18,15,20,0,0,16.19,60.75,0,338.1,4.14,2,94240,,,,,,
20090318:1600,2009,03,18,16,21,0,0,15.44,62.75,0,331.9,4.28,11,94270,,,,,,
20090318:1700,2009,03,18,17,22,0,0,15.06,62.75,0,334.6,4.34,20,94300,,,,,,
20090318:1800,2009,03,18,18,23,0,0,14.58,64.95,0,323.75,3.86,19,94290,,,,,,
20090318:1900,2009,03,18,19,0,0,0,14.6,69.85,0,349.3,3.38,6,94320,,,,,,
20090318:2000,2009,03,18,20,1,0,0,14.4,72.3,0,351.65,3.52,23,94260,,,,,,
20090318:2100,2009,03,18,21,2,0,0,13.99,72.3,0,338.5,3.72,34,94200,,,,,,
20090318:2200,2009,03,18,22,3,0,0,13.98,69.75,0,333.25,3.45,38,94110,,,,,,
20090318:2300,2009,03,18,23,4,0,0,13.56,69.65,0,320.85,2.9,29,94060,,,,,,
20090319:0000,2009,03,19,00,5,0,0,12.68,74.7,0,312.35,2.41,10,94060,,,,,,
20090319:0100,2009,03,19,01,6,0,0,11.74,80.15,0,309.75,2.28,358,94060,,,,,,
20090319:0200,2009,03,19,02,7,196.35,67.7,11.69,83.1,864.87,306.75,2.07,358,94100,,,,,,
20090319:0300,2009,03,19,03,8,420.9,85.4,14.99,69.9,945.15,304.8,1.93,355,94140,,,,,,
20090319:0400,2009,03,19,04,9,612.1,99.05,18.21,56.95,956.04,309.05,2,340,94160,,,,,,
20090319:0500,2009,03,19,05,10,756.6,109.55,20.41,49.7,949.62,317.55,2,331,94160,,,,,,
20090319:0600,2009,03,19,06,11,841.15,111.9,21.82,46.6,935.76,324.75,1.79,311,94140,,,,,,
20090319:0700,2009,03,19,07,12,855.95,117.3,23.19,43.75,896.66,333.25,2,306,94100,,,,,,
20090319:0800,2009,03,19,08,13,775,130.65,23.71,43.9,793.79,337.9,1.86,299,94030,,,,,,
20090319:0900,2009,03,19,09,14,636.3,167.35,23.88,43.9,630.29,341.75,1.86,298,93960,,,,,,
20090319:1000,2009,03,19,10,15,408.5,195.7,23.64,43.9,340.35,346.2,0.76,320,93900,,,,,,
20090319:1100,2009,03,19,11,16,218.15,83.85,23.18,43.75,289.76,347,0.48,51,93870,,,,,,
20090319:1200,2009,03,19,12,17,55.3,37.7,22.52,46.75,65.24,353.75,0.48,261,93880,,,,,,
20090319:1300,2009,03,19,13,18,2.15,2.05,20.69,57.45,1.74,350.5,1.52,310,93930,,,,,,
20090319:1400,2009,03,19,14,19,0,0,18.24,65.65,0,341.75,2.9,26,93960,,,,,,
20090319:1500,2009,03,19,15,20,0,0,17.38,67.85,0,332.5,2.83,40,93970,,,,,,
20090319:1600,2009,03,19,16,21,0,0,16.3,70.1,0,317.2,2.62,49,94000,,,,,,
20090319:1700,2009,03,19,17,22,0,0,15.31,72.45,0,315.05,2.62,39,94010,,,,,,
20090319:1800,2009,03,19,18,23,0,0,14.39,74.95,0,309.05,2.69,33,94030,,,,,,
20090319:1900,2009,03,19,19,0,0,0,14.18,74.95,0,310.6,2.34,49,93990,,,,,,
20090319:2000,2009,03,19,20,1,0,0,13.77,77.6,0,310.6,2.34,47,93930,,,,,,
20090319:2100,2009,03,19,21,2,0,0,13.23,77.5,0,307.5,2.34,40,93920,,,,,,
20090319:2200,2009,03,19,22,3,0,0,12.86,77.45,0,305.95,2.48,37,93870,,,,,,
20090319:2300,2009,03,19,23,4,0,0,12.71,74.7,0,308.1,2.62,37,93860,,,,,,
20090320:0000,2009,03,20,00,5,0,0,12.65,72.05,0,315.65,2.48,38,93860,,,,,,
20090320:0100,2009,03,20,01,6,0,0,12.63,72.05,0,326,2.28,35,93890,,,,,,
20090320:0200,2009,03,20,02,7,109.35,105.75,12.81,74.7,23.43,328.05,2,35,93940,,,,,,
20090320:0300,2009,03,20,03,8,209.25,191.4,14.76,75,49.61,336.95,1.38,34,93990,,,,,,
20090320:0400,2009,03,20,04,9,247.95,222.1,17.11,63.2,47.75,332.65,0.97,253,94080,,,,,,
20090320:0500,2009,03,20,05,10,290.35,276.35,17.14,63.2,20.41,339.25,1.79,265,94210,,,,,,
20090320:0600,2009,03,20,06,11,339.95,322.75,17.45,63.2,21.95,347.4,2.55,344,94220,,,,,,
20090320:0700,2009,03,20,07,12,344.8,317,17.17,67.85,33.59,354.55,3.79,310,94270,,,,,,
20090320:0800,2009,03,20,08,13,165.55,165.55,16.82,70.2,0,353.4,3.52,320,94210,,,,,,
20090320:0900,2009,03,20,09,14,264.45,197.45,15.78,77.85,89.64,353.4,2.28,344,94130,,,,,,
20090320:1000,2009,03,20,10,15,270.95,177.15,16.69,72.7,149.27,355.1,3.24,26,94010,,,,,,
20090320:1100,2009,03,20,11,16,183.25,128.35,17.8,67.95,117.7,357.85,2.83,27,93930,,,,,,
20090320:1200,2009,03,20,12,17,75.75,60.4,18.01,65.55,56.31,353.95,1.72,4,93910,,,,,,
20090320:1300,2009,03,20,13,18,2.8,2.6,17.17,70.3,3.33,343.9,1.59,317,93930,,,,,,
20090320:1400,2009,03,20,14,19,0,0,15.39,80.6,0,328.2,2.14,350,93980,,,,,,
20090320:1500,2009,03,20,15,20,0,0,14.09,80.45,0,325.7,2.62,23,94070,,,,,,
20090320:1600,2009,03,20,16,21,0,0,13.48,80.4,0,335.2,2.76,38,94100,,,,,,
20090320:1700,2009,03,20,17,22,0,0,13.18,80.35,0,338.3,3.1,39,94160,,,,,,
20090320:1800,2009,03,20,18,23,0,0,12.68,80.3,0,332.1,3.31,42,94170,,,,,,
20090320:1900,2009,03,20,19,0,0,0,11.63,83.1,0,299.95,2,22,94020,,,,,,
20090320:2000,2009,03,20,20,1,0,0,11.02,83.05,0,302.5,2.07,39,94040,,,,,,
20090320:2100,2009,03,20,21,2,0,0,10.79,83,0,302.85,2.48,58,94040,,,,,,
20090320:2200,2009,03,20,22,3,0,0,10.83,80.05,0,302.3,2.76,65,94010,,,,,,
20090320:2300,2009,03,20,23,4,0,0,10.87,80.05,0,302.85,2.76,68,94000,,,,,,
20090321:0000,2009,03,21,00,5,0,0,10.69,80.05,0,305.55,2.48,68,94030,,,,,,
20090321:0100,2009,03,21,01,6,0,0,10.04,82.95,0,296.6,2.34,63,94090,,,,,,
20090321:0200,2009,03,21,02,7,205.05,65.9,10.28,82.95,877.33,298.4,2,60,94160,,,,,,
20090321:0300,2009,03,21,03,8,418.8,92.65,14.29,72.3,894.41,300.75,1.17,57,94250,,,,,,
20090321:0400,2009,03,21,04,9,600.6,113.25,17.25,56.75,892.56,308.65,0.34,74,94320,,,,,,
20090321:0500,2009,03,21,05,10,722.1,116.2,18.52,56.95,877.71,318.95,0.69,178,94370,,,,,,
20090321:0600,2009,03,21,06,11,805.85,149.2,19.49,57.1,833.58,330.75,1.03,180,94390,,,,,,
20090321:0700,2009,03,21,07,12,742.4,173.8,19.89,57.2,683.71,329.95,0.28,118,94400,,,,,,
20090321:0800,2009,03,21,08,13,740.2,147.1,20.63,53.5,724.15,334.6,0.48,70,94360,,,,,,
20090321:0900,2009,03,21,09,14,680.25,136.55,21.32,49.95,724.2,337.1,0.69,46,94290,,,,,,
20090321:1000,2009,03,21,10,15,513.9,100.55,21.67,46.6,654.56,331.1,0.83,14,94240,,,,,,
20090321:1100,2009,03,21,11,16,311.45,86.4,21.65,46.6,479.5,330.15,1.1,348,94190,,,,,,
20090321:1200,2009,03,21,12,17,111.4,54.05,21.26,48.2,208.26,328.8,1.45,328,94170,,,,,,
20090321:1300,2009,03,21,13,18,3.5,3.1,19.88,57.2,6.37,321.45,1.66,317,94180,,,,,,
20090321:1400,2009,03,21,14,19,0,0,17.97,65.55,0,319.5,1.86,341,94230,,,,,,
20090321:1500,2009,03,21,15,20,0,0,16.21,72.65,0,314.85,1.93,352,94270,,,,,,
20090321:1600,2009,03,21,16,21,0,0,15.12,75.1,0,312.75,2.21,4,94280,,,,,,
20090321:1700,2009,03,21,17,22,0,0,14.23,77.65,0,309.65,2.34,10,94290,,,,,,
20090321:1800,2009,03,21,18,23,0,0,13.39,80.35,0,304.05,2.41,9,94280,,,,,,
20090321:1900,2009,03,21,19,0,0,0,12.69,83.25,0,297.25,2.21,3,94260,,,,,,
20090321:2000,2009,03,21,20,1,0,0,12.13,83.15,0,295.9,2.21,1,94230,,,,,,
20090321:2100,2009,03,21,21,2,0,0,11.56,83.1,0,293.6,2.21,7,94180,,,,,,
20090321:2200,2009,03,21,22,3,0,0,10.93,86.05,0,291.25,2.14,12,94100,,,,,,
20090321:2300,2009,03,21,23,4,0,0,10.29,86,0,288.15,2.07,11,94070,,,,,,
20090322:0000,2009,03,22,00,5,0,0,9.65,89.15,0,286.2,1.86,10,94100,,,,,,
20090322:0100,2009,03,22,01,6,0,0,9.06,89.1,0,284,1.79,10,94110,,,,,,
20090322:0200,2009,03,22,02,7,223.4,66.6,9.46,85.95,958.83,283.1,1.59,15,94150,,,,,,
20090322:0300,2009,03,22,03,8,432.6,101.5,14.6,75,896.13,286.6,1.03,352,94200,,,,,,
20090322:0400,2009,03,22,04,9,619.95,134.8,18.39,49.3,881.03,296.3,1.59,325,94270,,,,,,
20090322:0500,2009,03,22,05,10,775.4,130.15,20.03,44.6,928.76,306.55,2.14,319,94290,,,,,,
20090322:0600,2009,03,22,06,11,856.05,140.15,21.46,41.7,904.03,310.4,2.34,322,94320,,,,,,
20090322:0700,2009,03,22,07,12,870.7,149.65,22.07,37.65,863,317.55,2.14,318,94280,,,,,,
20090322:0800,2009,03,22,08,13,820.05,144.85,22.9,37.75,820.8,320.5,1.86,313,94250,,,,,,
20090322:0900,2009,03,22,09,14,707.95,133.05,23.35,36.55,762.4,324.75,1.52,295,94160,,,,,,
20090322:1000,2009,03,22,10,15,528.85,121.05,23.46,36.55,642.66,326.85,1.79,281,94100,,,,,,
20090322:1100,2009,03,22,11,16,307.75,113.65,23.12,37.9,411.04,328.8,2,289,94090,,,,,,
20090322:1200,2009,03,22,12,17,106.35,62.25,22.15,43.5,158.56,327.25,1.72,318,94060,,,,,,
20090322:1300,2009,03,22,13,18,3.5,3.3,20.56,53.5,3.05,329.95,1.59,338,94070,,,,,,
20090322:1400,2009,03,22,14,19,0,0,18.54,61.2,0,327.05,1.79,360,94110,,,,,,
20090322:1500,2009,03,22,15,20,0,0,17.05,65.45,0,328.6,2.07,16,94160,,,,,,
20090322:1600,2009,03,22,16,21,0,0,15.88,70,0,321.45,2.21,24,94200,,,,,,
20090322:1700,2009,03,22,17,22,0,0,14.82,75,0,314.5,2.21,24,94220,,,,,,
20090322:1800,2009,03,22,18,23,0,0,13.93,80.4,0,311.55,2.14,25,94210,,,,,,
20090322:1900,2009,03,22,19,0,0,0,13,80.35,0,300.95,2,31,94190,,,,,,
20090322:2000,2009,03,22,20,1,0,0,12.25,83.15,0,298.2,2.14,31,94150,,,,,,
20090322:2100,2009,03,22,21,2,0,0,11.56,83.1,0,295.7,2.14,29,94130,,,,,,
20090322:2200,2009,03,22,22,3,0,0,10.95,86.1,0,294.35,2.07,30,94080,,,,,,
20090322:2300,2009,03,22,23,4,0,0,10.44,89.2,0,292.8,2,38,94110,,,,,,
20090323:0000,2009,03,23,00,5,0,0,9.95,86,0,293.4,1.86,41,94120,,,,,,
20090323:0100,2009,03,23,01,6,0,0,9.73,85.95,0,297.75,1.79,38,94160,,,,,,
20090323:0200,2009,03,23,02,7,205.2,97.25,10.35,86,640.82,298.05,1.66,40,94200,,,,,,
20090323:0300,2009,03,23,03,8,349.1,139.85,14.86,77.75,559.06,301.5,0.9,43,94270,,,,,,
20090323:0400,2009,03,23,04,9,571.85,224.1,19.28,49.45,626.25,316.05,0.34,7,94310,,,,,,
20090323:0500,2009,03,23,05,10,687.45,275.65,21.19,41.7,589.01,327.25,0.69,292,94390,,,,,,
20090323:0600,2009,03,23,06,11,830.55,202.15,22.1,40.5,789.43,332.65,1.38,285,94410,,,,,,
20090323:0700,2009,03,23,07,12,807.15,277.15,22.92,39.15,631.45,332.65,1.24,290,94410,,,,,,
20090323:0800,2009,03,23,08,13,687.6,316.85,23.41,39.3,448.77,341.75,1.1,285,94350,,,,,,
20090323:0900,2009,03,23,09,14,537.45,326.85,23.56,39.3,278.09,346.2,1.17,281,94300,,,,,,
20090323:1000,2009,03,23,10,15,396.8,232.95,23.31,39.3,256.99,354.95,1.59,295,94210,,,,,,
20090323:1100,2009,03,23,11,16,262.85,148.7,22.75,40.6,240.28,352.6,2.21,305,94200,,,,,,
20090323:1200,2009,03,23,12,17,90.7,66.95,21.7,46.6,84.56,346.4,2.62,308,94190,,,,,,
20090323:1300,2009,03,23,13,18,3.25,3.1,19.75,55.2,2.2,342.35,2.55,312,94220,,,,,,
20090323:1400,2009,03,23,14,19,0,0,18.09,56.95,0,340.4,2.41,322,94280,,,,,,
20090323:1500,2009,03,23,15,20,0,0,17.06,58.8,0,344.1,2.48,336,94330,,,,,,
20090323:1600,2009,03,23,16,21,0,0,16.3,62.95,0,347,2.69,329,94370,,,,,,
20090323:1700,2009,03,23,17,22,0,0,15.53,62.85,0,343.1,2.76,333,94410,,,,,,
20090323:1800,2009,03,23,18,23,0,0,14.91,67.35,0,343.7,2.55,343,94410,,,,,,
20090323:1900,2009,03,23,19,0,0,0,14.76,69.85,0,337.7,2.28,345,94350,,,,,,
20090323:2000,2009,03,23,20,1,0,0,14.26,72.3,0,331.7,2.34,333,94320,,,,,,
20090323:2100,2009,03,23,21,2,0,0,13.94,74.85,0,338.5,2.34,331,94290,,,,,,
20090323:2200,2009,03,23,22,3,0,0,13.68,74.85,0,340,2.28,339,94230,,,,,,
20090323:2300,2009,03,23,23,4,0,0,13.51,77.6,0,342.95,2.28,347,94200,,,,,,
20090324:0000,2009,03,24,00,5,0,0,13.48,77.6,0,346.2,2.14,355,94180,,,,,,
20090324:0100,2009,03,24,01,6,0,0,13.5,80.4,0,350.95,1.93,352,94180,,,,,,
20090324:0200,2009,03,24,02,7,128.9,116.75,13.67,83.35,70.08,343.3,1.86,328,94220,,,,,,
20090324:0300,2009,03,24,03,8,273.25,207,15.32,75.1,174.77,349.7,2.55,304,94290,,,,,,
20090324:0400,2009,03,24,04,9,342.6,275.25,16.06,67.65,120.29,344.5,3.38,306,94360,,,,,,
20090324:0500,2009,03,24,05,10,477.2,299.75,16.3,67.65,252.24,345.45,3.66,313,94390,,,,,,
20090324:0600,2009,03,24,06,11,216.55,200.7,16.72,65.35,19.81,350.65,3.66,313,94390,,,,,,
20090324:0700,2009,03,24,07,12,113.95,113.8,14.88,72.4,0.18,355.9,3.24,305,94430,,,,,,
20090324:0800,2009,03,24,08,13,153.35,138.3,14.14,80.45,18.14,357.05,2.55,327,94370,,,,,,
20090324:0900,2009,03,24,09,14,102.9,102.55,14.39,86.4,0.46,359.55,2.69,354,94290,,,,,,
20090324:1000,2009,03,24,10,15,34.95,34.6,14.47,86.4,0.55,360.95,1.72,344,94220,,,,,,
20090324:1100,2009,03,24,11,16,22.4,22.4,14.26,86.4,0,365.75,1.38,301,94230,,,,,,
20090324:1200,2009,03,24,12,17,17.15,16.2,13.72,92.65,3.35,370.8,1.59,309,94210,,,,,,
20090324:1300,2009,03,24,13,18,0.8,0.8,13.59,92.65,0,371.2,1.52,326,94190,,,,,,
20090324:1400,2009,03,24,14,19,0,0,13.57,92.65,0,372.35,1.45,341,94180,,,,,,
20090324:1500,2009,03,24,15,20,0,0,13.59,92.65,0,372.15,0.83,348,94220,,,,,,
20090324:1600,2009,03,24,16,21,0,0,13.69,92.65,0,368.85,0.83,315,94260,,,,,,
20090324:1700,2009,03,24,17,22,0,0,13.74,92.65,0,373.1,0.97,332,94290,,,,,,
20090324:1800,2009,03,24,18,23,0,0,13.57,89.45,0,370.6,1.17,336,94290,,,,,,
20090324:1900,2009,03,24,19,0,0,0,13.31,89.4,0,366.95,1.52,348,94210,,,,,,
20090324:2000,2009,03,24,20,1,0,0,13.03,86.3,0,359,1.86,348,94190,,,,,,
20090324:2100,2009,03,24,21,2,0,0,12.85,89.4,0,367.7,2.14,355,94110,,,,,,
20090324:2200,2009,03,24,22,3,0,0,12.81,86.25,0,369.65,2.07,359,94070,,,,,,
20090324:2300,2009,03,24,23,4,0,0,12.95,86.25,0,371.2,1.79,6,94060,,,,,,
20090325:0000,2009,03,25,00,5,0,0,13.07,80.35,0,373.5,1.52,20,94050,,,,,,
20090325:0100,2009,03,25,01,6,0,0,13.12,80.35,0,373.05,1.59,28,94100,,,,,,
20090325:0200,2009,03,25,02,7,71.15,67.25,13.17,83.25,21.88,367.7,1.66,36,94130,,,,,,
20090325:0300,2009,03,25,03,8,229.65,141.85,13.79,80.4,228.73,369.45,1.59,34,94190,,,,,,
20090325:0400,2009,03,25,04,9,328.4,221.35,15.11,72.45,189.65,353.75,1.66,38,94240,,,,,,
20090325:0500,2009,03,25,05,10,462.05,223.6,16.15,70.1,336.88,359.55,1.17,39,94310,,,,,,
20090325:0600,2009,03,25,06,11,538.7,274.9,17.27,65.45,328.06,346,0.62,90,94300,,,,,,
20090325:0700,2009,03,25,07,12,681.85,199.7,17.03,72.8,569.35,367.1,0.83,45,94340,,,,,,
20090325:0800,2009,03,25,08,13,497.8,181.25,18.03,70.45,379.98,345.05,0.83,59,94290,,,,,,
20090325:0900,2009,03,25,09,14,489.65,211.75,18.34,70.45,363.89,363.05,0.34,51,94200,,,,,,
20090325:1000,2009,03,25,10,15,385.65,145.3,18.76,70.45,373.5,360.55,0.34,218,94140,,,,,,
20090325:1100,2009,03,25,11,16,233.95,127,18.39,70.45,222.51,348.95,0.62,194,94090,,,,,,
20090325:1200,2009,03,25,12,17,71.55,52.5,17.23,72.8,66.55,366.55,1.17,84,94120,,,,,,
20090325:1300,2009,03,25,13,18,3,2.55,15.93,80.65,6.12,335,0.83,86,94120,,,,,,
20090325:1400,2009,03,25,14,19,0,0,15.17,80.6,0,336.75,0.76,93,94120,,,,,,
20090325:1500,2009,03,25,15,20,0,0,13.93,92.65,0,317.2,1.03,49,94150,,,,,,
20090325:1600,2009,03,25,16,21,0,0,12.79,92.6,0,311.2,1.17,29,94200,,,,,,
20090325:1700,2009,03,25,17,22,0,0,11.89,95.9,0,309.65,1.45,19,94220,,,,,,
20090325:1800,2009,03,25,18,23,0,0,11.15,95.9,0,307.1,1.79,25,94220,,,,,,
20090325:1900,2009,03,25,19,0,0,0,10.75,92.5,0,304.05,1.93,20,94270,,,,,,
20090325:2000,2009,03,25,20,1,0,0,10.54,92.5,0,302.3,2.07,24,94210,,,,,,
20090325:2100,2009,03,25,21,2,0,0,10.18,92.5,0,300.15,2.07,25,94170,,,,,,
20090325:2200,2009,03,25,22,3,0,0,9.63,92.45,0,297.25,1.79,12,94100,,,,,,
20090325:2300,2009,03,25,23,4,0,0,9.2,92.45,0,295.5,1.79,12,94080,,,,,,
20090326:0000,2009,03,26,00,5,0,0,8.91,95.85,0,293.6,1.93,18,94090,,,,,,
20090326:0100,2009,03,26,01,6,0,0,8.62,92.4,0,291.75,2,21,94090,,,,,,
20090326:0200,2009,03,26,02,7,239.9,68,9.55,92.45,938.43,291.05,1.66,25,94100,,,,,,
20090326:0300,2009,03,26,03,8,457.15,90.85,14.74,75,942.61,293.95,1.1,356,94110,,,,,,
20090326:0400,2009,03,26,04,9,648.7,105.65,17.25,63.2,954.38,301.1,2,310,94180,,,,,,
20090326:0500,2009,03,26,05,10,794.65,112.35,18.66,61.2,958.16,308.85,2.41,314,94210,,,,,,
20090326:0600,2009,03,26,06,11,877.65,121.2,19.91,57.2,936.06,316.2,2.14,329,94180,,,,,,
20090326:0700,2009,03,26,07,12,871.3,175.8,20.97,51.65,817.72,321.65,1.24,300,94140,,,,,,
20090326:0800,2009,03,26,08,13,757.4,261.85,21.63,50.05,592.44,330.95,1.59,264,94090,,,,,,
20090326:0900,2009,03,26,09,14,596.3,270.15,21.83,50.05,425.33,336.55,1.86,261,94020,,,,,,
20090326:1000,2009,03,26,10,15,399,245.45,21.78,50.05,237.55,347.55,1.86,270,93970,,,,,,
20090326:1100,2009,03,26,11,16,222.55,167.9,21.38,51.75,113.06,351.25,1.45,298,93920,,,,,,
20090326:1200,2009,03,26,12,17,83.7,54.3,20.71,55.45,101.76,354.35,1.52,329,93890,,,,,,
20090326:1300,2009,03,26,13,18,3.2,3,19.47,65.75,2.63,359,1.52,346,93890,,,,,,
20090326:1400,2009,03,26,14,19,0,0,17.86,70.35,0,342.15,1.52,4,93870,,,,,,
20090326:1500,2009,03,26,15,20,0,0,16.23,80.75,0,327.65,1.45,317,93980,,,,,,
20090326:1600,2009,03,26,16,21,0,0,15.36,83.5,0,335.55,1.38,2,94010,,,,,,
20090326:1700,2009,03,26,17,22,0,0,14.61,83.45,0,317.55,2.14,31,94030,,,,,,
20090326:1800,2009,03,26,18,23,0,0,14.03,83.4,0,317.4,2.41,38,94000,,,,,,
20090326:1900,2009,03,26,19,0,0,0,13.42,89.4,0,312.35,1.93,38,93970,,,,,,
20090326:2000,2009,03,26,20,1,0,0,12.82,89.4,0,308.85,2.07,36,93920,,,,,,
20090326:2100,2009,03,26,21,2,0,0,12.42,92.6,0,312.55,2,36,93870,,,,,,
20090326:2200,2009,03,26,22,3,0,0,12.22,92.6,0,318.75,2,42,93810,,,,,,
20090326:2300,2009,03,26,23,4,0,0,11.83,92.55,0,317.55,1.93,49,93750,,,,,,
20090327:0000,2009,03,27,00,5,0,0,11.33,95.9,0,317.55,1.52,39,93710,,,,,,
20090327:0100,2009,03,27,01,6,0,0,11.17,92.55,0,315.15,1.59,9,93770,,,,,,
20090327:0200,2009,03,27,02,7,165.8,87.1,12.36,92.6,418.48,324.55,1.66,8,93830,,,,,,
20090327:0300,2009,03,27,03,8,322.2,148.45,15.36,83.5,441.74,324.55,1.72,346,93890,,,,,,
20090327:0400,2009,03,27,04,9,434.85,204.5,17.22,72.8,401.65,331.5,2.34,344,93940,,,,,,
20090327:0500,2009,03,27,05,10,638.95,169.1,18.33,65.65,655.91,342.15,3.1,342,93970,,,,,,
20090327:0600,2009,03,27,06,11,498.25,212.85,19.71,61.4,351.45,344.5,3.03,338,93980,,,,,,
20090327:0700,2009,03,27,07,12,592.5,260.35,19.88,61.4,388.86,352.2,2.28,340,93920,,,,,,
20090327:0800,2009,03,27,08,13,480.5,272.6,20.5,59.35,247.56,361.3,0.9,1,93920,,,,,,
20090327:0900,2009,03,27,09,14,479.25,212.7,20.73,51.65,346.21,361.5,0.34,177,93870,,,,,,
20090327:1000,2009,03,27,10,15,405.2,158.55,20.71,51.65,379.89,374.45,0.34,200,93840,,,,,,
20090327:1100,2009,03,27,11,16,224.85,91,19.09,59.15,275.35,356.85,0.21,208,93870,,,,,,
20090327:1200,2009,03,27,12,17,80,56.85,18.69,63.4,79.41,353.95,1.1,33,93890,,,,,,
20090327:1300,2009,03,27,13,18,3.85,3.2,18.09,68.05,8.25,359.4,1.59,70,93950,,,,,,
20090327:1400,2009,03,27,14,19,0,0,16.85,75.3,0,349.1,1.72,99,94030,,,,,,
20090327:1500,2009,03,27,15,20,0,0,15.7,80.65,0,329,1.52,89,94090,,,,,,
20090327:1600,2009,03,27,16,21,0,0,14.87,83.45,0,333.45,1.72,56,94140,,,,,,
20090327:1700,2009,03,27,17,22,0,0,14.28,86.4,0,336.55,1.86,52,94200,,,,,,
20090327:1800,2009,03,27,18,23,0,0,13.65,86.35,0,325.3,2.21,44,94230,,,,,,
20090327:1900,2009,03,27,19,0,0,0,12.8,89.4,0,328.6,2.07,41,94310,,,,,,
20090327:2000,2009,03,27,20,1,0,0,12.92,86.25,0,336.95,3.1,33,94320,,,,,,
20090327:2100,2009,03,27,21,2,0,0,13.03,80.35,0,332.1,3.31,48,94310,,,,,,
20090327:2200,2009,03,27,22,3,0,0,12.96,74.75,0,329.55,3.03,54,94260,,,,,,
20090327:2300,2009,03,27,23,4,0,0,12.4,77.35,0,311.4,2.69,41,94230,,,,,,
20090328:0000,2009,03,28,00,5,0,0,11.79,77.3,0,308.85,2.48,32,94220,,,,,,
20090328:0100,2009,03,28,01,6,0,0,11,80.1,0,302.95,2.28,28,94250,,,,,,
20090328:0200,2009,03,28,02,7,238.8,74.3,11.37,86.1,852.66,304.2,1.72,30,94280,,,,,,
20090328:0300,2009,03,28,03,8,432,133.2,15.1,75.1,750.7,308.85,1.17,15,94330,,,,,,
20090328:0400,2009,03,28,04,9,586.5,196.55,18.27,56.95,674.67,313.7,1.66,344,94330,,,,,,
20090328:0500,2009,03,28,05,10,661.7,282.05,19.82,53.25,526.9,325.9,1.79,332,94320,,,,,,
20090328:0600,2009,03,28,06,11,495.85,375.95,20.71,51.65,146.94,338.3,1.66,292,94320,,,,,,
20090328:0700,2009,03,28,07,12,468.1,389.25,20.59,57.45,91.93,353.95,2.55,271,94330,,,,,,
20090328:0800,2009,03,28,08,13,387.95,333.55,20.38,59.35,64.53,361.9,2.28,284,94310,,,,,,
20090328:0900,2009,03,28,09,14,316.35,276.25,20.44,59.35,51.88,363.05,2,316,94280,,,,,,
20090328:1000,2009,03,28,10,15,257.25,201.45,20.35,59.35,85.57,370.2,1.93,355,94220,,,,,,
20090328:1100,2009,03,28,11,16,155.55,144.05,20.36,59.35,23.53,364.8,2.14,4,94180,,,,,,
20090328:1200,2009,03,28,12,17,71.75,53.75,19.99,63.6,61.19,361.5,2.14,349,94110,,,,,,
20090328:1300,2009,03,28,13,18,3.3,3.15,18.92,70.45,1.84,358.4,1.79,317,94080,,,,,,
20090328:1400,2009,03,28,14,19,0,0,17.53,72.9,0,357.25,1.66,286,94090,,,,,,
20090328:1500,2009,03,28,15,20,0,0,16.42,80.75,0,352.4,1.59,282,94120,,,,,,
20090328:1600,2009,03,28,16,21,0,0,15.63,80.65,0,349.9,1.52,330,94130,,,,,,
20090328:1700,2009,03,28,17,22,0,0,15.27,80.6,0,343.7,2.28,23,94080,,,,,,
20090328:1800,2009,03,28,18,23,0,0,15.03,77.8,0,351.65,2.55,28,94050,,,,,,
20090328:1900,2009,03,28,19,0,0,0,14.46,86.4,0,346.2,2.14,11,94050,,,,,,
20090328:2000,2009,03,28,20,1,0,0,14.56,80.55,0,352.8,2.21,358,94010,,,,,,
20090328:2100,2009,03,28,21,2,0,0,13.71,83.35,0,337.7,1.79,347,93960,,,,,,
20090328:2200,2009,03,28,22,3,0,0,13.62,83.35,0,356.85,1.38,347,93940,,,,,,
20090328:2300,2009,03,28,23,4,0,0,13.51,86.35,0,359.2,1.17,352,93970,,,,,,
20090329:0000,2009,03,29,00,5,0,0,13.64,83.35,0,362.65,1.59,2,94010,,,,,,
20090329:0100,2009,03,29,01,6,0,0,13.54,80.4,0,364.15,2.21,11,94020,,,,,,
20090329:0200,2009,03,29,02,7,51.15,49.25,13.5,80.4,9.61,362.5,2.48,14,94050,,,,,,
20090329:0300,2009,03,29,03,8,108.55,94.55,13.79,77.6,34.77,364.2,2.55,12,94080,,,,,,
20090329:0400,2009,03,29,04,9,231.45,173.55,14.25,77.65,99.41,362.5,2.48,11,94110,,,,,,
20090329:0500,2009,03,29,05,10,384.55,251.15,15.46,69.9,184.08,356.85,2.69,16,94150,,,,,,
20090329:0600,2009,03,29,06,11,472.8,258.5,16.73,63.05,261.4,361.9,2.48,19,94160,,,,,,
20090329:0700,2009,03,29,07,12,529.1,172.1,17.76,61.05,414.49,366.95,1.38,40,94130,,,,,,
20090329:0800,2009,03,29,08,13,469.9,183.05,18.33,61.2,338.94,369.65,1.03,46,94090,,,,,,
20090329:0900,2009,03,29,09,14,573.2,131.95,18.63,61.2,568.68,372.75,0.9,34,94080,,,,,,
20090329:1000,2009,03,29,10,15,416.55,125.25,19.27,63.5,444.82,354.95,0.83,350,94030,,,,,,
20090329:1100,2009,03,29,11,16,277.6,92.55,19.23,63.5,376.56,344.1,1.24,352,94010,,,,,,
20090329:1200,2009,03,29,12,17,104.9,49.1,18.76,63.4,188.05,333.65,1.66,24,93990,,,,,,
20090329:1300,2009,03,29,13,18,5.2,4.2,17.05,70.3,11.9,336.15,1.66,64,94070,,,,,,
20090329:1400,2009,03,29,14,19,0,0,15.84,77.85,0,338.5,1.72,82,94100,,,,,,
20090329:1500,2009,03,29,15,20,0,0,15.24,80.6,0,347.2,1.45,82,94160,,,,,,
20090329:1600,2009,03,29,16,21,0,0,14.25,86.4,0,331.9,1.52,68,94220,,,,,,
20090329:1700,2009,03,29,17,22,0,0,13.26,89.4,0,327.25,1.72,44,94270,,,,,,
20090329:1800,2009,03,29,18,23,0,0,12.9,92.6,0,330.35,2.14,34,94270,,,,,,
20090329:1900,2009,03,29,19,0,0,0,12.81,86.25,0,316.6,2.34,20,94220,,,,,,
20090329:2000,2009,03,29,20,1,0,0,12.45,89.35,0,316.6,2.34,18,94190,,,,,,
20090329:2100,2009,03,29,21,2,0,0,12.1,86.2,0,314.1,2.41,17,94160,,,,,,
20090329:2200,2009,03,29,22,3,0,0,11.8,86.15,0,315.45,2.34,16,94110,,,,,,
20090329:2300,2009,03,29,23,4,0,0,11.1,86.1,0,302.3,2.28,15,94060,,,,,,
20090330:0000,2009,03,30,00,5,0,0,10.62,86.05,0,302.5,2.28,14,94080,,,,,,
20090330:0100,2009,03,30,01,6,0,0,10.23,89.2,0,302.6,2.28,11,94080,,,,,,
20090330:0200,2009,03,30,02,7,256.9,71.05,11.29,86.1,917.35,297.45,2,5,94120,,,,,,
20090330:0300,2009,03,30,03,8,472.5,94.3,15.83,70,928.47,301.1,1.93,346,94150,,,,,,
20090330:0400,2009,03,30,04,9,662.8,108.5,18.37,53,944.59,311.95,2.62,326,94170,,,,,,
20090330:0500,2009,03,30,05,10,802.55,117.5,19.87,49.55,939.98,314.5,3.17,321,94200,,,,,,
20090330:0600,2009,03,30,06,11,882.95,125.35,20.97,48.05,919.86,320.85,3.31,318,94210,,,,,,
20090330:0700,2009,03,30,07,12,885,130.95,21.93,50.05,871.96,328.2,2.9,313,94170,,,,,,
20090330:0800,2009,03,30,08,13,813.55,131.55,22.44,48.45,802.81,332.85,2.69,309,94120,,,,,,
20090330:0900,2009,03,30,09,14,691.5,129.85,22.73,46.85,721.12,336.75,2.69,307,94090,,,,,,
20090330:1000,2009,03,30,10,15,517.35,102,22.61,46.85,631.61,337.9,2.69,308,94030,,,,,,
20090330:1100,2009,03,30,11,16,344.8,82.7,22.49,46.75,530.52,338.65,2.83,319,94010,,,,,,
20090330:1200,2009,03,30,12,17,136.8,51.2,22.03,50.05,286,335,2.41,326,94010,,,,,,
20090330:1300,2009,03,30,13,18,7.45,5.35,20.7,57.45,24.23,323.95,1.79,313,94030,,,,,,
20090330:1400,2009,03,30,14,19,0,0,18.61,65.65,0,316.8,1.79,319,94080,,,,,,
20090330:1500,2009,03,30,15,20,0,0,16.72,72.7,0,313.7,1.72,351,94110,,,,,,
20090330:1600,2009,03,30,16,21,0,0,15.55,72.55,0,311.2,2.14,21,94120,,,,,,
20090330:1700,2009,03,30,17,22,0,0,14.43,77.65,0,310.4,2.21,30,94130,,,,,,
20090330:1800,2009,03,30,18,23,0,0,13.53,80.4,0,308.5,2.14,33,94090,,,,,,
20090330:1900,2009,03,30,19,0,0,0,13.12,83.25,0,308.1,1.93,33,94010,,,,,,
20090330:2000,2009,03,30,20,1,0,0,12.53,86.25,0,305.95,1.72,23,94030,,,,,,
20090330:2100,2009,03,30,21,2,0,0,12.27,86.2,0,304.05,1.72,14,93970,,,,,,
20090330:2200,2009,03,30,22,3,0,0,11.79,86.15,0,302.65,1.93,12,93940,,,,,,
20090330:2300,2009,03,30,23,4,0,0,11.57,86.15,0,301.3,2.14,13,93930,,,,,,
20090331:0000,2009,03,31,00,5,0,0,11.41,86.1,0,299.95,2.28,20,93920,,,,,,
20090331:0100,2009,03,31,01,6,0,0,11.06,86.1,0,296.95,2.28,26,93900,,,,,,
20090331:0200,2009,03,31,02,7,269.15,71.65,11.98,86.2,952.3,294.15,1.79,22,93910,,,,,,
20090331:0300,2009,03,31,03,8,490.25,92.95,17.5,70.3,964.46,295.9,1.52,350,93950,,,,,,
20090331:0400,2009,03,31,04,9,683.9,108.35,20.44,53.35,973.58,301.7,2.21,326,93960,,,,,,
20090331:0500,2009,03,31,05,10,829.4,117.45,21.94,46.6,971.48,308.5,2.9,322,93960,,,,,,
20090331:0600,2009,03,31,06,11,912.45,122.15,23.07,42.25,955.22,313.7,3.45,314,93950,,,,,,
20090331:0700,2009,03,31,07,12,926.8,122.7,24.24,39.55,926.16,319.3,3.79,307,93930,,,,,,
20090331:0800,2009,03,31,08,13,871.5,119.4,24.77,38.3,882.07,323.4,3.66,306,93870,,,,,,
20090331:0900,2009,03,31,09,14,751.7,112.25,25.08,38.3,817.98,325.3,3.52,306,93790,,,,,,
20090331:1000,2009,03,31,10,15,576.35,99.6,25.2,35.8,722.01,325.9,3.45,307,93730,,,,,,
20090331:1100,2009,03,31,11,16,363.6,82.1,24.85,36.95,566.83,324.95,3.31,305,93690,,,,,,
20090331:1200,2009,03,31,12,17,144.3,51.15,23.9,45.5,308.6,322.6,2.34,301,93690,,,,,,
20090331:1300,2009,03,31,13,18,8.3,5.7,22.39,52,29.13,318.75,1.72,300,93680,,,,,,
20090331:1400,2009,03,31,14,19,0,0,19.58,70.65,0,311.4,1.45,320,93730,,,,,,
20090331:1500,2009,03,31,15,20,0,0,17.79,70.35,0,307.5,1.66,10,93770,,,,,,
20090331:1600,2009,03,31,16,21,0,0,13.78,77.56,0,297.74,1.77,30,93830,,,,,,
20090331:1700,2009,03,31,17,22,0,0,13.89,78.48,0,303.25,1.86,38,93840,,,,,,
20090331:1800,2009,03,31,18,23,0,0,14.01,79.41,0,308.76,1.95,46,93830,,,,,,
20090331:1900,2009,03,31,19,0,0,0,14.13,80.34,0,314.27,2.05,54,93770,,,,,,
20090331:2000,2009,03,31,20,1,0,0,14.24,81.27,0,319.78,2.14,59,93790,,,,,,
20090331:2100,2009,03,31,21,2,0,0,14.36,82.2,0,325.29,2.23,65,93740,,,,,,
20090331:2200,2009,03,31,22,3,0,0,14.47,83.12,0,330.8,2.33,64,93720,,,,,,
20090331:2300,2009,03,31,23,4,0,0,14.59,84.05,0,336.31,2.42,58,93690,,,,,,
20150401:0000,2015,04,01,00,5,0,0,14.7,84.98,0,341.82,2.51,50,93840,,,,,,
20150401:0100,2015,04,01,01,6,0,0,14.82,85.91,0,347.33,2.61,62,93850,,,,,,
20150401:0200,2015,04,01,02,7,80.15,75.4,14.93,86.84,22.39,352.84,2.7,79,93890,,,,,,
20150401:0300,2015,04,01,03,8,124.3,114.85,15.05,87.76,22.69,358.35,2.79,92,93910,,,,,,
20150401:0400,2015,04,01,04,9,126.35,125.45,15.17,88.69,1.51,363.86,2.88,100,93920,,,,,,
20150401:0500,2015,04,01,05,10,156.05,140.65,15.28,89.62,20.9,369.37,2.98,105,93940,,,,,,
20150401:0600,2015,04,01,06,11,87.4,87.4,15.4,90.55,0,374.88,3.07,108,93940,,,,,,
20150401:0700,2015,04,01,07,12,160.15,155,15.51,91.47,5.91,380.39,3.16,108,93880,,,,,,
20150401:0800,2015,04,01,08,13,307.65,218.25,16.35,86.55,104.47,376.4,3.79,109,93820,,,,,,
20150401:0900,2015,04,01,09,14,239.3,192.95,16.87,86.6,59.08,375.25,4.62,115,93750,,,,,,
20150401:1000,2015,04,01,10,15,126.2,118.1,16.84,86.6,12.22,377,4.69,122,93660,,,,,,
20150401:1100,2015,04,01,11,16,53.5,49.75,16.61,86.55,7.51,381.05,4.14,121,93620,,,,,,
20150401:1200,2015,04,01,12,17,37.55,35.25,16.45,83.6,7.56,382.4,4.21,115,93600,,,,,,
20150401:1300,2015,04,01,13,18,2.45,2.4,16.1,83.55,0.54,380.45,4.07,113,93640,,,,,,
20150401:1400,2015,04,01,14,19,0,0,15.57,80.6,0,377.2,3.59,114,93670,,,,,,
20150401:1500,2015,04,01,15,20,0,0,15.04,83.45,0,368.65,2.62,107,93780,,,,,,
20150401:1600,2015,04,01,16,21,0,0,14.09,92.65,0,362.1,1.93,89,93840,,,,,,
20150401:1700,2015,04,01,17,22,0,0,14.05,92.65,0,370.6,1.93,57,93870,,,,,,
20150401:1800,2015,04,01,18,23,0,0,13.94,89.45,0,370.2,2.14,37,93860,,,,,,
20150401:1900,2015,04,01,19,0,0,0,13.84,89.45,0,376,2,50,93900,,,,,,
20150401:2000,2015,04,01,20,1,0,0,13.94,83.35,0,375.05,2.21,38,93870,,,,,,
20150401:2100,2015,04,01,21,2,0,0,13.97,83.35,0,369.25,2,30,93820,,,,,,
20150401:2200,2015,04,01,22,3,0,0,14.16,83.35,0,379.3,1.79,26,93810,,,,,,
20150401:2300,2015,04,01,23,4,0,0,13.96,83.35,0,373.9,1.79,24,93820,,,,,,
20150402:0000,2015,04,02,00,5,0,0,13.73,83.35,0,369.85,2,28,93830,,,,,,
20150402:0100,2015,04,02,01,6,22,22,13.61,86.3,0,370.15,1.93,35,93840,,,,,,
20150402:0200,2015,04,02,02,7,149.05,78.95,14,86.35,323.18,363.85,1.52,35,93890,,,,,,
20150402:0300,2015,04,02,03,8,295.55,146.8,15.28,83.5,353.29,348.35,1.31,22,93970,,,,,,
20150402:0400,2015,04,02,04,9,556.4,226.75,17.08,75.3,549.66,347,1.38,8,93970,,,,,,
20150402:0500,2015,04,02,05,10,602.5,314.15,18.59,70.45,389.23,343.3,1.17,330,94030,,,,,,
20150402:0600,2015,04,02,06,11,708.95,368.7,19.55,65.85,407.64,356.1,0.76,330,93990,,,,,,
20150402:0700,2015,04,02,07,12,603.65,392.5,20.89,61.7,241.34,357.85,1.31,312,93950,,,,,,
20150402:0800,2015,04,02,08,13,527.15,327.15,21.17,61.7,232.89,369.25,0.62,313,93900,,,,,,
20150402:0900,2015,04,02,09,14,434.55,268.3,21.28,63.9,211.14,375.05,0.76,100,93760,,,,,,
20150402:1000,2015,04,02,10,15,218,189.2,21.47,61.85,43.27,379.9,1.72,126,93690,,,,,,
20150402:1100,2015,04,02,11,16,92.3,87.4,19.23,73.05,9.77,380.45,1.45,160,93650,,,,,,
20150402:1200,2015,04,02,12,17,36.8,36.7,17.75,83.7,0.33,381.65,1.17,211,93620,,,,,,
20150402:1300,2015,04,02,13,18,2.2,2.2,16.43,92.8,0,372.75,0.48,264,93600,,,,,,
20150402:1400,2015,04,02,14,19,0,0,15.52,99.4,0,371.2,0.97,14,93620,,,,,,
20150402:1500,2015,04,02,15,20,0,0,15.2,99.4,0,363.25,1.38,30,93610,,,,,,
20150402:1600,2015,04,02,16,21,0,0,15.03,99.4,0,368.5,1.1,34,93640,,,,,,
20150402:1700,2015,04,02,17,22,0,0,14.9,96,0,372.95,1.86,73,93560,,,,,,
20150402:1800,2015,04,02,18,23,0,0,14.85,92.7,0,370,2.34,101,93480,,,,,,
20150402:1900,2015,04,02,19,0,0,0,15.02,96,0,370,2.07,150,93320,,,,,,
20150402:2000,2015,04,02,20,1,0,0,14.89,96,0,376.8,2.48,168,93280,,,,,,
20150402:2100,2015,04,02,21,2,0,0,14.68,99.35,0,372.75,2,156,93220,,,,,,
20150402:2200,2015,04,02,22,3,0,0,14.36,99.35,0,360.55,2.07,150,93220,,,,,,
20150402:2300,2015,04,02,23,4,0,0,14.35,99.35,0,368.85,2.41,148,93190,,,,,,
20150403:0000,2015,04,03,00,5,0,0,14.2,100,0,366.15,2.28,158,93210,,,,,,
20150403:0100,2015,04,03,01,6,16.45,16.45,14.13,100,0,377.5,1.93,173,93270,,,,,,
20150403:0200,2015,04,03,02,7,85.95,47.85,14.15,99.4,171.92,365.55,1.66,178,93320,,,,,,
20150403:0300,2015,04,03,03,8,278.6,133.6,14.8,96,340.75,368.3,1.24,189,93420,,,,,,
20150403:0400,2015,04,03,04,9,408.35,181,15.94,86.5,376.44,358.4,0.97,198,93440,,,,,,
20150403:0500,2015,04,03,05,10,497.75,150.3,17.44,83.7,466.54,361.3,1.31,172,93520,,,,,,
20150403:0600,2015,04,03,06,11,635.5,238.2,18.47,78.25,473.95,355.9,2.28,182,93530,,,,,,
20150403:0700,2015,04,03,07,12,694.65,172.8,18.95,78.3,594.23,362.65,0.97,156,93560,,,,,,
20150403:0800,2015,04,03,08,13,606.45,199.95,19.75,73.15,471.7,365.4,1.24,177,93560,,,,,,
20150403:0900,2015,04,03,09,14,589.6,165.05,19.82,68.3,537.31,366.75,1.17,168,93510,,,,,,
20150403:1000,2015,04,03,10,15,465.1,110.5,20.33,68.4,530.7,360.15,1.38,156,93480,,,,,,
20150403:1100,2015,04,03,11,16,259.95,90.35,20.37,63.8,336.38,353,1.31,158,93460,,,,,,
20150403:1200,2015,04,03,12,17,81.4,44.35,20.01,63.7,119.77,369.05,1.66,141,93450,,,,,,
20150403:1300,2015,04,03,13,18,6.55,4.7,18.63,70.45,19.08,347.2,1.86,128,93490,,,,,,
20150403:1400,2015,04,03,14,19,0,0,17.03,80.8,0,350.65,1.79,86,93560,,,,,,
20150403:1500,2015,04,03,15,20,0,0,16.09,86.5,0,345.65,1.86,64,93590,,,,,,
20150403:1600,2015,04,03,16,21,0,0,15.47,89.55,0,341.2,1.86,50,93600,,,,,,
20150403:1700,2015,04,03,17,22,0,0,14.75,89.5,0,331.7,2,32,93610,,,,,,
20150403:1800,2015,04,03,18,23,0,0,13.95,92.65,0,321.65,2.07,24,93620,,,,,,
20150403:1900,2015,04,03,19,0,0,0,13.34,95.95,0,325.9,1.66,23,93580,,,,,,
20150403:2000,2015,04,03,20,1,0,0,13.05,92.65,0,326.1,1.86,14,93580,,,,,,
20150403:2100,2015,04,03,21,2,0,0,12.66,92.6,0,318.55,2,12,93530,,,,,,
20150403:2200,2015,04,03,22,3,0,0,12.49,89.4,0,322.6,2,10,93500,,,,,,
20150403:2300,2015,04,03,23,4,0,0,12.44,89.4,0,324.15,2.07,2,93480,,,,,,
20150404:0000,2015,04,04,00,5,0,0,12.2,89.35,0,316.8,2.21,3,93460,,,,,,
20150404:0100,2015,04,04,01,6,31.75,31.75,11.78,86.2,0,310.9,2.28,10,93460,,,,,,
20150404:0200,2015,04,04,02,7,244,76.2,13.09,89.4,741.53,312.75,1.72,7,93450,,,,,,
20150404:0300,2015,04,04,03,8,460.3,102.15,17.32,70.3,832.96,319.5,1.86,343,93500,,,,,,
20150404:0400,2015,04,04,04,9,661.35,113.1,19.43,59.25,901.55,325.7,2.48,328,93510,,,,,,
20150404:0500,2015,04,04,05,10,819.35,117.55,20.92,53.6,937.5,328.8,2.83,325,93510,,,,,,
20150404:0600,2015,04,04,06,11,902.1,130.95,22.04,52,916.07,332.65,2.9,319,93500,,,,,,
20150404:0700,2015,04,04,07,12,850.55,145.85,22.77,48.55,799.51,332.85,2.55,305,93480,,,,,,
20150404:0800,2015,04,04,08,13,736.45,156,23.13,45.35,671.26,341.75,2.41,299,93440,,,,,,
20150404:0900,2015,04,04,09,14,663.1,143,22.95,43.75,655.98,341.55,2,290,93380,,,,,,
20150404:1000,2015,04,04,10,15,487.15,131.6,22.95,43.75,530.1,351.05,1.72,303,93350,,,,,,
20150404:1100,2015,04,04,11,16,285.35,98,22.77,43.65,369.78,345.25,1.24,306,93340,,,,,,
20150404:1200,2015,04,04,12,17,130.2,60.45,22.39,45.25,223.69,345.05,0.97,322,93320,,,,,,
20150404:1300,2015,04,04,13,18,9.55,6.6,21.6,51.9,29.65,337.3,0.62,20,93380,,,,,,
20150404:1400,2015,04,04,14,19,0,0,19.39,70.65,0,334.6,1.24,76,93440,,,,,,
20150404:1500,2015,04,04,15,20,0,0,17.64,72.8,0,322.4,1.93,90,93520,,,,,,
20150404:1600,2015,04,04,16,21,0,0,16.5,75.25,0,323.4,2.21,96,93580,,,,,,
20150404:1700,2015,04,04,17,22,0,0,15.52,80.6,0,317.55,2.34,92,93610,,,,,,
20150404:1800,2015,04,04,18,23,0,0,14.7,86.4,0,316.6,2.41,85,93660,,,,,,
20150404:1900,2015,04,04,19,0,0,0,14.83,77.75,0,315.25,2.76,99,93580,,,,,,
20150404:2000,2015,04,04,20,1,0,0,14.3,80.45,0,315.45,2.55,93,93640,,,,,,
20150404:2100,2015,04,04,21,2,0,0,13.81,80.4,0,316.4,2.34,87,93600,,,,,,
20150404:2200,2015,04,04,22,3,0,0,13.41,83.25,0,314.1,2.28,83,93600,,,,,,
20150404:2300,2015,04,04,23,4,0,0,13.19,80.35,0,316.2,2.28,84,93590,,,,,,
20150405:0000,2015,04,05,00,5,0,0,12.96,80.35,0,313.7,2.21,84,93610,,,,,,
20150405:0100,2015,04,05,01,6,34.8,34.8,12.67,83.25,0,310.9,2.21,79,93680,,,,,,
20150405:0200,2015,04,05,02,7,277.8,75.3,13.68,89.4,876.9,311.75,1.59,80,93750,,,,,,
20150405:0300,2015,04,05,03,8,488.55,99.55,18.25,67.95,895.54,317.55,1.24,108,93820,,,,,,
20150405:0400,2015,04,05,04,9,665.8,109.3,19.99,61.5,908.96,326.3,1.31,137,93870,,,,,,
20150405:0500,2015,04,05,05,10,810.95,130.3,21.07,63.9,904.65,334.6,1.1,163,93940,,,,,,
20150405:0600,2015,04,05,06,11,830.45,165.65,21.89,59.8,786.49,341.2,0.76,185,93940,,,,,,
20150405:0700,2015,04,05,07,12,839.2,158.6,22.23,61.95,769.41,352,0.9,243,93930,,,,,,
20150405:0800,2015,04,05,08,13,770.45,172,22.79,57.9,689.77,356.3,1.03,268,93880,,,,,,
20150405:0900,2015,04,05,09,14,683.15,171,23.26,54.1,643.79,359.55,1.03,280,93840,,,,,,
20150405:1000,2015,04,05,10,15,475.05,150,23.52,50.55,482.82,354.95,1.24,286,93800,,,,,,
20150405:1100,2015,04,05,11,16,298.75,101.9,23.4,48.8,386.67,352.6,1.45,298,93780,,,,,,
20150405:1200,2015,04,05,12,17,84.45,58.85,22.91,48.7,81.46,354.75,0.83,342,93760,,,,,,
20150405:1300,2015,04,05,13,18,6.85,5.9,21.62,57.65,9.31,361.1,0.62,27,93850,,,,,,
20150405:1400,2015,04,05,14,19,0,0,19.96,65.95,0,359.2,0.9,297,93910,,,,,,
20150405:1500,2015,04,05,15,20,0,0,18.47,78.25,0,355.1,1.17,341,93940,,,,,,
20150405:1600,2015,04,05,16,21,0,0,17.37,78.1,0,336.55,2,7,93980,,,,,,
20150405:1700,2015,04,05,17,22,0,0,16.04,86.5,0,335.55,1.86,24,93980,,,,,,
20150405:1800,2015,04,05,18,23,0,0,15.19,92.7,0,338.3,1.59,29,93990,,,,,,
20150405:1900,2015,04,05,19,0,0,0,15.05,92.7,0,320.65,1.45,45,93890,,,,,,
20150405:2000,2015,04,05,20,1,0,0,14.55,92.7,0,319.7,1.52,33,93860,,,,,,
20150405:2100,2015,04,05,21,2,0,0,14.01,92.65,0,317,1.79,34,93810,,,,,,
20150405:2200,2015,04,05,22,3,0,0,13.62,92.65,0,319.3,1.93,36,93780,,,,,,
20150405:2300,2015,04,05,23,4,0,0,13.23,92.65,0,324.35,1.72,41,93740,,,,,,
20150406:0000,2015,04,06,00,5,0,0,12.97,92.65,0,328.6,1.52,38,93750,,,,,,
20150406:0100,2015,04,06,01,6,33,33,12.92,89.4,0,331.25,1.38,44,93770,,,,,,
20150406:0200,2015,04,06,02,7,201.15,130.7,14.71,89.5,299.12,333.05,0.41,112,93840,,,,,,
20150406:0300,2015,04,06,03,8,445.75,130.1,17.75,78.1,719.46,331.1,0.83,217,93920,,,,,,
20150406:0400,2015,04,06,04,9,665.45,123.25,19.69,70.65,879.77,329.2,1.17,283,93920,,,,,,
20150406:0500,2015,04,06,05,10,821.4,122.9,21.26,63.9,923.78,336.75,1.59,313,93930,,,,,,
20150406:0600,2015,04,06,06,11,815.65,250.5,22.33,55.9,665.91,342.35,1.59,310,93920,,,,,,
20150406:0700,2015,04,06,07,12,726,237,22.6,57.9,550.87,355.5,1.93,299,93880,,,,,,
20150406:0800,2015,04,06,08,13,559.2,285.1,22.88,56,314.9,359,1.93,290,93850,,,,,,
20150406:0900,2015,04,06,09,14,431.5,250.45,22.58,55.9,226.84,364.4,0.76,287,93780,,,,,,
20150406:1000,2015,04,06,10,15,223.8,177.85,21.8,55.8,68,361.3,1.03,158,93790,,,,,,
20150406:1100,2015,04,06,11,16,124.6,112.4,20.33,61.6,23.85,367.1,1.38,81,93780,,,,,,
20150406:1200,2015,04,06,12,17,47.05,45.4,19.98,65.95,5.21,365.55,1.52,107,93790,,,,,,
20150406:1300,2015,04,06,13,18,5.35,4.7,19.07,73.05,6.22,365.55,1.93,164,93760,,,,,,
20150406:1400,2015,04,06,14,19,0,0,17.87,80.9,0,348.75,1.03,120,93810,,,,,,
20150406:1500,2015,04,06,15,20,0,0,17.02,86.6,0,343.7,1.31,41,93900,,,,,,
20150406:1600,2015,04,06,16,21,0,0,16.12,92.75,0,338.65,1.24,54,93960,,,,,,
20150406:1700,2015,04,06,17,22,0,0,15.42,92.75,0,332.3,1.52,60,93940,,,,,,
20150406:1800,2015,04,06,18,23,0,0,14.86,92.7,0,335.95,1.45,50,93940,,,,,,
20150406:1900,2015,04,06,19,0,0,0,14.15,99.4,0,327.45,1.24,50,93890,,,,,,
20150406:2000,2015,04,06,20,1,0,0,13.85,95.95,0,328.2,1.52,48,93900,,,,,,
20150406:2100,2015,04,06,21,2,0,0,13.57,99.4,0,328.05,1.66,47,93850,,,,,,
20150406:2200,2015,04,06,22,3,0,0,13.27,95.95,0,327.05,1.66,52,93850,,,,,,
20150406:2300,2015,04,06,23,4,0,0,12.59,95.95,0,331.9,1.66,52,93850,,,,,,
20150407:0000,2015,04,07,00,5,0,0,12.54,95.95,0,331.3,1.72,44,93870,,,,,,
20150407:0100,2015,04,07,01,6,43.3,43.3,12.33,92.6,0,326,1.79,44,93920,,,,,,
20150407:0200,2015,04,07,02,7,253.55,97.35,14.26,92.7,650.61,331.5,1.24,42,93980,,,,,,
20150407:0300,2015,04,07,03,8,465.55,138.85,18.47,72.95,737.41,331.3,1.1,37,94050,,,,,,
20150407:0400,2015,04,07,04,9,608.85,172.05,20.35,61.6,704.16,346,0.76,23,94060,,,,,,
20150407:0500,2015,04,07,05,10,645.2,258.1,21.51,57.65,509.46,348.15,0.34,352,94100,,,,,,
20150407:0600,2015,04,07,06,11,417.05,254.2,20.6,61.6,191.13,355.9,1.59,133,94160,,,,,,
20150407:0700,2015,04,07,07,12,358.55,301,19.03,68.1,64.61,360.35,3.38,134,94130,,,,,,
20150407:0800,2015,04,07,08,13,483.25,306.9,18.93,63.5,201.95,369.05,3.03,123,94110,,,,,,
20150407:0900,2015,04,07,09,14,401.6,296.9,19.49,59.25,130.76,358.4,2.48,116,94070,,,,,,
20150407:1000,2015,04,07,10,15,379.05,216,19.9,55.3,240.44,358.8,2.62,119,94030,,,,,,
20150407:1100,2015,04,07,11,16,260.4,132,20.18,53.35,249.87,350.5,3.03,118,94030,,,,,,
20150407:1200,2015,04,07,12,17,103.75,71.15,19.55,55.2,102.17,348.35,3.24,119,94050,,,,,,
20150407:1300,2015,04,07,13,18,10.25,8.55,18.3,59.05,15.88,344.1,3.03,123,94070,,,,,,
20150407:1400,2015,04,07,14,19,0,0,16.74,67.65,0,331.9,2.21,125,94110,,,,,,
20150407:1500,2015,04,07,15,20,0,0,15.45,72.45,0,325.9,1.66,118,94160,,,,,,
20150407:1600,2015,04,07,16,21,0,0,14.42,80.45,0,322.05,1.38,93,94230,,,,,,
20150407:1700,2015,04,07,17,22,0,0,13.59,83.25,0,316.8,1.38,62,94260,,,,,,
20150407:1800,2015,04,07,18,23,0,0,12.86,83.25,0,308.65,1.52,35,94280,,,,,,
20150407:1900,2015,04,07,19,0,0,0,12.88,86.3,0,322.6,1.45,39,94280,,,,,,
20150407:2000,2015,04,07,20,1,0,0,12.6,89.4,0,322.2,1.38,19,94280,,,,,,
20150407:2100,2015,04,07,21,2,0,0,11.97,89.35,0,307.3,1.45,10,94280,,,,,,
20150407:2200,2015,04,07,22,3,0,0,11.55,92.55,0,309.85,1.45,19,94260,,,,,,
20150407:2300,2015,04,07,23,4,0,0,11.21,92.55,0,307.9,1.59,26,94290,,,,,,
20150408:0000,2015,04,08,00,5,0,0,10.9,92.55,0,307.3,1.59,29,94310,,,,,,
20150408:0100,2015,04,08,01,6,37.6,37.6,10.52,95.9,0,299.7,1.66,32,94380,,,,,,
20150408:0200,2015,04,08,02,7,283.15,83.25,12.15,92.6,817.27,303.85,0.83,29,94440,,,,,,
20150408:0300,2015,04,08,03,8,510.35,96.65,16.18,77.85,924.9,308.65,0.69,344,94510,,,,,,
20150408:0400,2015,04,08,04,9,681.9,111.15,18.08,70.35,914.28,319.9,1.31,333,94560,,,,,,
20150408:0500,2015,04,08,05,10,825.7,123.85,19.36,61.4,919.32,327.05,1.45,333,94590,,,,,,
20150408:0600,2015,04,08,06,11,915.3,120.7,20.48,55.45,928.97,332.1,0.83,331,94610,,,,,,
20150408:0700,2015,04,08,07,12,688.25,195.35,21.76,51.9,551.51,342.35,1.52,327,94480,,,,,,
20150408:0800,2015,04,08,08,13,742.95,150.3,21.98,50.2,676.57,356.3,1.52,314,94470,,,,,,
20150408:0900,2015,04,08,09,14,642.05,134.35,22.36,48.55,632.06,347,1.52,308,94410,,,,,,
20150408:1000,2015,04,08,10,15,551.45,100.25,22.49,48.55,663,350.3,1.59,302,94340,,,,,,
20150408:1100,2015,04,08,11,16,319.4,88.15,22.56,50.3,447.97,343.3,1.59,303,94320,,,,,,
20150408:1200,2015,04,08,12,17,150.3,55.6,22.08,52,294.58,343.9,1.66,313,94290,,,,,,
20150408:1300,2015,04,08,13,18,11.55,7.9,21.04,59.6,33.31,334,1.59,317,94290,,,,,,
20150408:1400,2015,04,08,14,19,0,0,19.31,68.2,0,331.9,1.72,341,94310,,,,,,
20150408:1500,2015,04,08,15,20,0,0,17.65,78.1,0,329,1.86,359,94340,,,,,,
20150408:1600,2015,04,08,16,21,0,0,16.6,80.75,0,329.2,2,12,94360,,,,,,
20150408:1700,2015,04,08,17,22,0,0,15.61,83.5,0,316.4,2.14,15,94360,,,,,,
20150408:1800,2015,04,08,18,23,0,0,14.82,86.45,0,313.7,2.14,16,94340,,,,,,
20150408:1900,2015,04,08,19,0,0,0,14.4,89.5,0,318.15,1.86,16,94260,,,,,,
20150408:2000,2015,04,08,20,1,0,0,13.82,89.45,0,309.85,2,13,94250,,,,,,
20150408:2100,2015,04,08,21,2,0,0,13.28,92.65,0,309.25,1.93,9,94180,,,,,,
20150408:2200,2015,04,08,22,3,0,0,12.77,89.4,0,307.3,1.86,3,94140,,,,,,
20150408:2300,2015,04,08,23,4,0,0,12.39,89.4,0,306.55,1.86,3,94100,,,,,,
20150409:0000,2015,04,09,00,5,0,0,12.06,92.6,0,304.6,2,10,94060,,,,,,
20150409:0100,2015,04,09,01,6,39.15,39.15,11.87,89.35,0,306.25,2,14,94070,,,,,,
20150409:0200,2015,04,09,02,7,299.6,77.45,13.6,92.65,891.94,307.7,1.45,11,94100,,,,,,
20150409:0300,2015,04,09,03,8,510.9,99.75,18.55,68.05,910.64,309.85,1.52,344,94140,,,,,,
20150409:0400,2015,04,09,04,9,704.05,114.85,20.65,59.5,937.98,319.3,2,325,94170,,,,,,
20150409:0500,2015,04,09,05,10,843.3,122.15,22.11,52,940.2,324.15,2.48,322,94200,,,,,,
20150409:0600,2015,04,09,06,11,925.4,127,23.24,48.7,929.89,331.3,2.62,318,94220,,,,,,
20150409:0700,2015,04,09,07,12,925.65,131.15,24.14,47.15,886.05,335.2,2.9,312,94160,,,,,,
20150409:0800,2015,04,09,08,13,863.2,124.45,24.72,45.6,840.79,340.6,2.97,309,94140,,,,,,
20150409:0900,2015,04,09,09,14,749.8,118.25,25.02,44.15,783.83,343.1,2.9,306,94080,,,,,,
20150409:1000,2015,04,09,10,15,567.5,112.15,25.09,44.15,666.79,344.65,2.55,302,94030,,,,,,
20150409:1100,2015,04,09,11,16,344.6,98.35,24.9,44.15,474.89,346.4,2.41,293,94020,,,,,,
20150409:1200,2015,04,09,12,17,145.35,64.25,24.22,48.8,250.43,348.15,2,289,93990,,,,,,
20150409:1300,2015,04,09,13,18,12.15,9.45,22.91,56,24.09,338.5,1.38,302,94010,,,,,,
20150409:1400,2015,04,09,14,19,0,0,20.7,70.8,0,334.6,1.45,350,94050,,,,,,
20150409:1500,2015,04,09,15,20,0,0,18.9,73.05,0,327.65,2,25,94090,,,,,,
20150409:1600,2015,04,09,16,21,0,0,17.4,78.1,0,324.55,2.14,34,94130,,,,,,
20150409:1700,2015,04,09,17,22,0,0,16.31,80.75,0,323.2,2.07,34,94150,,,,,,
20150409:1800,2015,04,09,18,23,0,0,15.44,83.5,0,319.5,2.07,36,94130,,,,,,
20150409:1900,2015,04,09,19,0,0,0,15.5,83.5,0,318.15,1.79,35,94110,,,,,,
20150409:2000,2015,04,09,20,1,0,0,14.85,83.45,0,317,1.93,30,94100,,,,,,
20150409:2100,2015,04,09,21,2,0,0,14.28,86.4,0,315.85,1.93,30,94030,,,,,,
20150409:2200,2015,04,09,22,3,0,0,13.79,86.35,0,313.5,2,32,94020,,,,,,
20150409:2300,2015,04,09,23,4,0,0,13.27,86.3,0,310.2,2,33,93980,,,,,,
20150410:0000,2015,04,10,00,5,0,0,12.81,86.3,0,307.7,2.07,32,93990,,,,,,
20150410:0100,2015,04,10,01,6,40.85,40.85,12.42,86.25,0,304.35,2.21,28,93990,,,,,,
20150410:0200,2015,04,10,02,7,310.1,78.3,14.04,89.45,914.46,302.65,1.59,24,94030,,,,,,
20150410:0300,2015,04,10,03,8,529.4,99.05,20.01,65.95,944.48,305.95,1.31,357,94030,,,,,,
20150410:0400,2015,04,10,04,9,719.75,112.6,22.55,48.55,960.68,312.35,1.86,328,94070,,,,,,
20150410:0500,2015,04,10,05,10,860.45,121.25,24.02,43.9,959.35,318.95,2.21,316,94070,,,,,,
20150410:0600,2015,04,10,06,11,938.95,126.15,25.15,41.15,943.16,324.35,2.69,311,94070,,,,,,
20150410:0700,2015,04,10,07,12,951.35,124.3,25.96,38.55,919.4,329,3.17,306,94030,,,,,,
20150410:0800,2015,04,10,08,13,891.65,123.15,26.51,36.05,872.04,332.5,3.17,303,93960,,,,,,
20150410:0900,2015,04,10,09,14,767.25,118.75,26.76,34.8,802.43,335.2,3.1,301,93910,,,,,,
20150410:1000,2015,04,10,10,15,593.55,113.4,26.77,33.55,700.71,336.35,2.83,300,93840,,,,,,
20150410:1100,2015,04,10,11,16,371.1,105.85,26.5,33.55,509.27,336.35,2.28,299,93800,,,,,,
20150410:1200,2015,04,10,12,17,138.55,84.8,25.68,41.25,164.78,335.4,1.79,290,93780,,,,,,
20150410:1300,2015,04,10,13,18,12.3,11.05,24.25,52.35,10.91,337.7,1.31,295,93820,,,,,,
20150410:1400,2015,04,10,14,19,0,0,21.88,61.95,0,338.85,1.1,358,93880,,,,,,
20150410:1500,2015,04,10,15,20,0,0,19.99,65.95,0,334.8,2.14,42,93930,,,,,,
20150410:1600,2015,04,10,16,21,0,0,18.37,70.45,0,334.6,2.28,55,93990,,,,,,
20150410:1700,2015,04,10,17,22,0,0,17.36,72.8,0,337.9,2.28,59,93990,,,,,,
20150410:1800,2015,04,10,18,23,0,0,16.56,77.95,0,332.85,2.21,62,93990,,,,,,
20150410:1900,2015,04,10,19,0,0,0,16.04,80.65,0,324.15,1.93,62,93970,,,,,,
20150410:2000,2015,04,10,20,1,0,0,15.46,80.6,0,322.6,2,59,93960,,,,,,
20150410:2100,2015,04,10,21,2,0,0,15.07,83.45,0,324.15,2.07,56,93920,,,,,,
20150410:2200,2015,04,10,22,3,0,0,14.68,83.4,0,322.2,2.21,56,93900,,,,,,
20150410:2300,2015,04,10,23,4,0,0,14.33,83.4,0,324.95,2.21,59,93870,,,,,,
20150411:0000,2015,04,11,00,5,0,0,14.11,86.35,0,328.05,2.21,61,93850,,,,,,
20150411:0100,2015,04,11,01,6,87.55,58.4,13.86,83.35,664.32,321.75,2.14,62,93870,,,,,,
20150411:0200,2015,04,11,02,7,271.95,122.45,15.37,86.5,579.79,326.85,1.24,54,93920,,,,,,
20150411:0300,2015,04,11,03,8,482.15,157.95,20.61,70.8,705.18,328.2,0.41,358,93980,,,,,,
20150411:0400,2015,04,11,04,9,680.2,186.7,23.26,48.7,776.21,330.35,1.1,299,94030,,,,,,
20150411:0500,2015,04,11,05,10,841,154.05,24.5,45.6,887.56,344.1,1.59,297,94090,,,,,,
20150411:0600,2015,04,11,06,11,920.05,143.75,25.48,42.75,897.55,339.25,1.86,292,94130,,,,,,
20150411:0700,2015,04,11,07,12,908.95,191.95,26.37,40.1,794.56,345.65,0.9,305,94100,,,,,,
20150411:0800,2015,04,11,08,13,850.35,172.25,26.99,37.5,767.21,353.95,0.9,11,94080,,,,,,
20150411:0900,2015,04,11,09,14,663,224.15,27.41,35.05,541.41,356.5,1.03,11,94020,,,,,,
20150411:1000,2015,04,11,10,15,511.8,210.2,27.4,33.8,438.68,362.85,0.97,4,93980,,,,,,
20150411:1100,2015,04,11,11,16,236.65,130.55,27.18,34.9,202.82,357.45,0.34,174,93940,,,,,,
20150411:1200,2015,04,11,12,17,102.55,69.3,25.92,42.9,101.21,369.25,1.38,208,93940,,,,,,
20150411:1300,2015,04,11,13,18,11.5,9.65,24.53,52.5,15.8,357.65,1.38,237,93980,,,,,,
20150411:1400,2015,04,11,14,19,0,0,22.4,66.45,0,350.85,0.97,295,94030,,,,,,
20150411:1500,2015,04,11,15,20,0,0,20.61,70.8,0,345.85,1.59,358,94090,,,,,,
20150411:1600,2015,04,11,16,21,0,0,19.41,73.15,0,342.95,1.93,17,94140,,,,,,
20150411:1700,2015,04,11,17,22,0,0,18.52,75.55,0,344.85,2.21,31,94160,,,,,,
20150411:1800,2015,04,11,18,23,0,0,17.61,80.85,0,342.55,2.14,34,94140,,,,,,
20150411:1900,2015,04,11,19,0,0,0,17,75.3,0,327.85,2,35,94090,,,,,,
20150411:2000,2015,04,11,20,1,0,0,16.33,77.95,0,325.7,2.07,33,94060,,,,,,
20150411:2100,2015,04,11,21,2,0,0,15.7,83.5,0,327.85,2,27,94010,,,,,,
20150411:2200,2015,04,11,22,3,0,0,15.12,83.45,0,323.4,1.93,24,94010,,,,,,
20150411:2300,2015,04,11,23,4,0,0,14.61,83.4,0,318.15,1.93,25,94020,,,,,,
20150412:0000,2015,04,12,00,5,0,0,14.15,86.35,0,313.9,2.07,28,94080,,,,,,
20150412:0100,2015,04,12,01,6,105.95,46.64,13.74,83.35,1224.76,311.1,2.21,34,94100,,,,,,
20150412:0200,2015,04,12,02,7,314.25,78.35,15.32,86.5,899.79,310.8,1.45,42,94160,,,,,,
20150412:0300,2015,04,12,03,8,530,98.55,21.27,63.9,930.3,316.05,0.55,16,94190,,,,,,
20150412:0400,2015,04,12,04,9,715.55,113.1,23.91,47.15,942.07,324.55,0.97,306,94270,,,,,,
20150412:0500,2015,04,12,05,10,852.85,122,25.22,45.75,940.17,332.5,1.38,304,94320,,,,,,
20150412:0600,2015,04,12,06,11,927,125.4,26.3,42.9,923.53,339.45,1.31,305,94350,,,,,,
20150412:0700,2015,04,12,07,12,935.2,129.5,26.6,41.55,890.12,348.35,0.48,50,94410,,,,,,
20150412:0800,2015,04,12,08,13,844,137.05,27.43,37.6,797.57,353.55,0.76,105,94410,,,,,,
20150412:0900,2015,04,12,09,14,755.9,113.65,27.82,35.05,790.06,356.65,0.76,150,94330,,,,,,
20150412:1000,2015,04,12,10,15,586.95,106.55,27.96,32.75,696.45,356.65,0.41,181,94260,,,,,,
20150412:1100,2015,04,12,11,16,377.9,85,27.63,33.8,557.52,355.5,0.48,343,94230,,,,,,
20150412:1200,2015,04,12,12,17,162.75,56.45,27.16,37.5,321.28,354.35,0.62,324,94230,,,,,,
20150412:1300,2015,04,12,13,18,15.35,9.6,25.83,50.95,48.1,348.55,0.62,325,94240,,,,,,
20150412:1400,2015,04,12,14,19,0,0,23.26,68.85,0,340.6,1.1,359,94290,,,,,,
20150412:1500,2015,04,12,15,20,0,0,21.28,68.5,0,334.6,1.93,21,94320,,,,,,
20150412:1600,2015,04,12,16,21,0,0,19.74,73.15,0,329.75,2.28,32,94360,,,,,,
20150412:1700,2015,04,12,17,22,0,0,18.37,75.55,0,327.05,2.28,38,94390,,,,,,
20150412:1800,2015,04,12,18,23,0,0,17.35,78.1,0,324.35,2.28,42,94400,,,,,,
20150412:1900,2015,04,12,19,0,0,0,16.79,80.8,0,323.2,2.07,52,94330,,,,,,
20150412:2000,2015,04,12,20,1,0,0,16.08,86.5,0,323.2,2.07,54,94320,,,,,,
20150412:2100,2015,04,12,21,2,0,0,15.4,86.5,0,323,2,55,94260,,,,,,
20150412:2200,2015,04,12,22,3,0,0,14.95,89.5,0,320.85,2,53,94290,,,,,,
20150412:2300,2015,04,12,23,4,0,0,14.68,89.5,0,319.5,2.14,53,94290,,,,,,
20150413:0000,2015,04,13,00,5,0,0,14.33,86.4,0,319.1,2.21,56,94300,,,,,,
20150413:0100,2015,04,13,01,6,108,43.6,13.91,89.45,1216.87,318.05,2.28,59,94330,,,,,,
20150413:0200,2015,04,13,02,7,316,79.5,15.87,89.6,887.65,318.35,1.52,65,94380,,,,,,
20150413:0300,2015,04,13,03,8,530.85,100.15,21.85,61.95,920.79,323.75,0.97,96,94410,,,,,,
20150413:0400,2015,04,13,04,9,716.2,113.75,24.41,48.95,936.72,332.5,0.76,163,94420,,,,,,
20150413:0500,2015,04,13,05,10,851.95,122.7,25.65,45.9,934.12,341,1.1,230,94470,,,,,,
20150413:0600,2015,04,13,06,11,926.2,127.75,26.5,43.05,916.73,348.15,1.45,254,94470,,,,,,
20150413:0700,2015,04,13,07,12,936,127.5,26.71,44.55,890.55,353.2,1.24,254,94460,,,,,,
20150413:0800,2015,04,13,08,13,883.5,121.1,27.27,43.15,857.73,357.05,1.24,264,94400,,,,,,
20150413:0900,2015,04,13,09,14,761.3,117.2,27.62,41.8,790.09,358.8,1.31,271,94290,,,,,,
20150413:1000,2015,04,13,10,15,580.85,116.15,27.74,40.35,671.53,359.55,1.45,272,94210,,,,,,
20150413:1100,2015,04,13,11,16,360.45,113.45,27.57,40.35,468.17,360.75,1.66,275,94150,,,,,,
20150413:1200,2015,04,13,12,17,150.3,74.35,26.96,43.15,227.96,360.55,1.38,287,94120,,,,,,
20150413:1300,2015,04,13,13,18,14.05,11.55,25.81,52.75,20.49,361.1,0.9,328,94100,,,,,,
20150413:1400,2015,04,13,14,19,0,0,23.49,66.65,0,356.85,1.17,19,94120,,,,,,
20150413:1500,2015,04,13,15,20,0,0,21.87,66.35,0,348.75,1.93,41,94160,,,,,,
20150413:1600,2015,04,13,16,21,0,0,20.42,70.8,0,343.7,2.28,53,94190,,,,,,
20150413:1700,2015,04,13,17,22,0,0,18.96,75.65,0,335,2.34,59,94230,,,,,,
20150413:1800,2015,04,13,18,23,0,0,17.76,78.15,0,332.1,2.28,64,94230,,,,,,
20150413:1900,2015,04,13,19,0,0,0,17.94,80.9,0,334.2,2.28,81,94220,,,,,,
20150413:2000,2015,04,13,20,1,0,0,17.66,80.85,0,333.65,2.41,86,94240,,,,,,
20150413:2100,2015,04,13,21,2,0,0,17.45,80.85,0,333.65,2.55,87,94270,,,,,,
20150413:2200,2015,04,13,22,3,0,0,17.35,78.1,0,333.65,2.76,88,94260,,,,,,
20150413:2300,2015,04,13,23,4,0,0,17.24,80.8,0,332.85,2.83,85,94290,,,,,,
20150414:0000,2015,04,14,00,5,0,0,17.1,80.8,0,333.45,2.83,84,94320,,,,,,
20150414:0100,2015,04,14,01,6,106.9,47.6,16.98,80.8,1033.6,334.15,2.76,84,94390,,,,,,
20150414:0200,2015,04,14,02,7,304.25,100.4,18.62,81,753.2,337.3,2.21,89,94470,,,,,,
20150414:0300,2015,04,14,03,8,513.25,128.7,22.63,62.05,815.3,345.25,2.14,108,94510,,,,,,
20150414:0400,2015,04,14,04,9,690.7,157.15,24.27,58.1,824.98,356.3,2.83,131,94540,,,,,,
20150414:0500,2015,04,14,05,10,805.45,153.05,25.27,54.45,832.2,363.45,2.62,145,94560,,,,,,
20150414:0600,2015,04,14,06,11,805.45,143.95,26.01,51.05,756.94,375.85,1.66,160,94530,,,,,,
20150414:0700,2015,04,14,07,12,766.9,187.8,26.49,49.45,636.01,379.7,1.03,173,94490,,,,,,
20150414:0800,2015,04,14,08,13,749.55,141.95,26.76,49.45,681.71,384.15,0.62,196,94440,,,,,,
20150414:0900,2015,04,14,09,14,549.65,135.4,26.91,47.9,506.73,382,0.55,233,94340,,,,,,
20150414:1000,2015,04,14,10,15,409.15,127.55,26.95,47.9,405.65,389,0.48,229,94260,,,,,,
20150414:1100,2015,04,14,11,16,294.1,89.4,26.68,49.45,386.38,390.35,0.48,208,94210,,,,,,
20150414:1200,2015,04,14,12,17,140.4,69.05,26.36,49.45,212.69,391.3,0.48,197,94170,,,,,,
20150414:1300,2015,04,14,13,18,13.55,9.25,25.49,54.55,34.54,382.6,0.21,140,94160,,,,,,
20150414:1400,2015,04,14,14,19,0,0,23.86,68.95,0,365.95,0.69,75,94200,,,,,,
20150414:1500,2015,04,14,15,20,0,0,22.05,76.1,0,364,1.17,58,94260,,,,,,
20150414:1600,2015,04,14,16,21,0,0,21.05,78.55,0,363.45,1.66,46,94290,,,,,,
20150414:1700,2015,04,14,17,22,0,0,20.16,78.45,0,353.75,2.14,50,94310,,,,,,
20150414:1800,2015,04,14,18,23,0,0,19.02,81.05,0,355.3,2.14,53,94300,,,,,,
20150414:1900,2015,04,14,19,0,0,0,18.98,83.85,0,354.95,1.93,67,94250,,,,,,
20150414:2000,2015,04,14,20,1,0,0,18.49,86.75,0,354.55,1.93,67,94240,,,,,,
20150414:2100,2015,04,14,21,2,0,0,17.92,86.7,0,350.85,1.86,66,94170,,,,,,
20150414:2200,2015,04,14,22,3,0,0,17.6,89.7,0,351.45,1.86,70,94150,,,,,,
20150414:2300,2015,04,14,23,4,0,0,17.39,86.65,0,349.9,1.93,73,94190,,,,,,
20150415:0000,2015,04,15,00,5,0,0,17.25,89.65,0,350.65,2,75,94200,,,,,,
20150415:0100,2015,04,15,01,6,105.65,45.75,17.28,86.65,969.71,350.4,2.14,78,94270,,,,,,
20150415:0200,2015,04,15,02,7,293.2,86.1,19.43,83.9,753.65,355.1,1.79,92,94320,,,,,,
20150415:0300,2015,04,15,03,8,496,107.4,22.9,66.55,817.21,364.2,2.14,114,94390,,,,,,
20150415:0400,2015,04,15,04,9,660.3,147.45,24.37,64.5,788.67,368.45,2.21,134,94460,,,,,,
20150415:0500,2015,04,15,05,10,747.4,163.15,25.28,62.45,742.25,382.2,2.34,151,94520,,,,,,
20150415:0600,2015,04,15,06,11,686.35,212.4,25.73,62.55,540.55,384.55,2.28,154,94530,,,,,,
20150415:0700,2015,04,15,07,12,585,269.65,25.61,60.45,345.35,393.45,0.55,204,94490,,,,,,
20150415:0800,2015,04,15,08,13,598.95,268,25.42,60.45,370.33,396.35,0.62,276,94430,,,,,,
20150415:0900,2015,04,15,09,14,419.3,256.25,25.33,62.45,198.91,387.65,0.76,330,94380,,,,,,
20150415:1000,2015,04,15,10,15,235.85,194.15,24.93,62.45,59.88,393.05,0.69,318,94330,,,,,,
20150415:1100,2015,04,15,11,16,167.5,142.2,24.76,64.5,47.56,393.45,0.34,332,94260,,,,,,
20150415:1200,2015,04,15,12,17,86.15,71.25,24.56,64.5,44.12,387.45,0.69,353,94250,,,,,,
20150415:1300,2015,04,15,13,18,12.35,10.55,24.02,71.35,14.18,390.95,0.97,341,94280,,,,,,
20150415:1400,2015,04,15,14,19,0,0,22.89,73.7,0,381.25,1.31,355,94260,,,,,,
20150415:1500,2015,04,15,15,20,0,0,21.64,81.35,0,369.05,1.72,334,94360,,,,,,
20150415:1600,2015,04,15,16,21,0,0,20.75,86.9,0,373.1,1.86,305,94430,,,,,,
20150415:1700,2015,04,15,17,22,0,0,20.4,84.05,0,382.8,1.72,310,94460,,,,,,
20150415:1800,2015,04,15,18,23,0,0,19.89,86.85,0,380.85,1.52,348,94430,,,,,,
20150415:1900,2015,04,15,19,0,0,0,18.13,92.85,0,378.15,3.38,4,94540,,,,,,
20150415:2000,2015,04,15,20,1,0,0,18.36,86.75,0,375.85,2.9,17,94430,,,,,,
20150415:2100,2015,04,15,21,2,0,0,18.15,89.75,0,369.85,2.07,334,94410,,,,,,
20150415:2200,2015,04,15,22,3,0,0,17.49,92.85,0,371.4,1.1,311,94490,,,,,,
20150415:2300,2015,04,15,23,4,0,0,17.3,92.85,0,377.4,0.97,349,94470,,,,,,
20150416:0000,2015,04,16,00,5,0,0,17.09,92.8,0,374.45,1.45,2,94490,,,,,,
20150416:0100,2015,04,16,01,6,44.65,39.15,16.97,92.8,83.19,376.5,1.24,19,94530,,,,,,
20150416:0200,2015,04,16,02,7,171.75,97.8,17.32,89.7,265.16,381.85,1.45,43,94610,,,,,,
20150416:0300,2015,04,16,03,8,219.55,138.7,18.24,89.75,168.68,381.25,1.72,76,94670,,,,,,
20150416:0400,2015,04,16,04,9,357.45,176.65,19.04,78.3,276.56,384.55,1.59,87,94720,,,,,,
20150416:0500,2015,04,16,05,10,451.2,244.2,20.09,73.2,261.94,384.15,1.52,86,94760,,,,,,
20150416:0600,2015,04,16,06,11,573.15,198.35,20.82,68.5,426.1,395.75,0.97,93,94780,,,,,,
20150416:0700,2015,04,16,07,12,397,236.4,21.85,64.1,175.39,390.75,1.38,196,94760,,,,,,
20150416:0800,2015,04,16,08,13,429.05,261.15,22.27,66.35,187.39,391.9,1.52,206,94690,,,,,,
20150416:0900,2015,04,16,09,14,457,260.7,22.63,64.2,238.83,405.85,1.45,212,94610,,,,,,
20150416:1000,2015,04,16,10,15,301.8,187.65,22.87,62.15,163.43,403.5,1.17,232,94570,,,,,,
20150416:1100,2015,04,16,11,16,170.55,112.2,23.1,62.15,109.25,403.3,1.52,250,94520,,,,,,
20150416:1200,2015,04,16,12,17,75.75,51.65,22.97,62.15,70.88,397.3,1.72,258,94500,,,,,,
20150416:1300,2015,04,16,13,18,12.3,9.2,22.27,68.7,23.96,385.5,1.17,266,94520,,,,,,
20150416:1400,2015,04,16,14,19,0,0,21.23,78.55,0,376.8,0.62,333,94530,,,,,,
20150416:1500,2015,04,16,15,20,0,0,20.04,81.15,0,358.6,1.59,358,94570,,,,,,
20150416:1600,2015,04,16,16,21,0,0,18.86,83.85,0,348.95,1.86,5,94590,,,,,,
20150416:1700,2015,04,16,17,22,0,0,18.04,89.75,0,347,1.93,0,94580,,,,,,
20150416:1800,2015,04,16,18,23,0,0,17.48,89.7,0,341.2,2,353,94550,,,,,,
20150416:1900,2015,04,16,19,0,0,0,17.09,92.8,0,352.4,1.52,23,94500,,,,,,
20150416:2000,2015,04,16,20,1,0,0,16.95,92.8,0,347.95,1.86,20,94420,,,,,,
20150416:2100,2015,04,16,21,2,0,0,16.64,92.8,0,342.75,1.93,14,94350,,,,,,
20150416:2200,2015,04,16,22,3,0,0,16.24,96,0,340.2,1.79,10,94280,,,,,,
20150416:2300,2015,04,16,23,4,0,0,15.89,96,0,337.7,1.86,10,94210,,,,,,
20150417:0000,2015,04,17,00,5,0,0,15.67,96,0,336.75,1.93,6,94200,,,,,,
20150417:0100,2015,04,17,01,6,118.1,47.2,15.41,92.75,1007,331.25,1.79,3,94180,,,,,,
20150417:0200,2015,04,17,02,7,317.35,89.75,17.49,86.65,804.48,329.4,1.45,357,94200,,,,,,
20150417:0300,2015,04,17,03,8,529.15,110.95,21.04,68.5,865.77,336.35,1.72,327,94200,,,,,,
20150417:0400,2015,04,17,04,9,702,145.25,22.89,60.05,847.24,341.2,2.69,308,94210,,,,,,
20150417:0500,2015,04,17,05,10,794.5,228.85,24.09,58.1,713,353.75,3.17,307,94210,,,,,,
20150417:0600,2015,04,17,06,11,848.85,272.95,24.93,54.45,652.68,362.65,3.24,307,94150,,,,,,
20150417:0700,2015,04,17,07,12,883,248.6,25.61,54.55,690.95,367.1,3.52,300,94070,,,,,,
20150417:0800,2015,04,17,08,13,829.75,163.55,26.22,54.7,741.65,367.9,3.52,298,94000,,,,,,
20150417:0900,2015,04,17,09,14,719.8,124.05,26.58,51.2,722.95,365.2,3.31,304,93910,,,,,,
20150417:1000,2015,04,17,10,15,565.25,115.4,26.79,51.2,642.12,365.55,3.24,306,93810,,,,,,
20150417:1100,2015,04,17,11,16,349,112.45,26.54,49.45,441.13,366.95,3.1,302,93750,,,,,,
20150417:1200,2015,04,17,12,17,143.85,72.65,25.93,54.7,208.03,368.45,2.55,306,93710,,,,,,
20150417:1300,2015,04,17,13,18,18.85,12.2,24.76,62.35,50.44,358.6,1.52,323,93680,,,,,,
20150417:1400,2015,04,17,14,19,0,0,22.8,76.15,0,353,1.24,352,93670,,,,,,
20150417:1500,2015,04,17,15,20,0,0,21.06,78.55,0,344.65,1.72,21,93730,,,,,,
20150417:1600,2015,04,17,16,21,0,0,19.58,81.1,0,341.2,1.93,27,93740,,,,,,
20150417:1700,2015,04,17,17,22,0,0,18.32,83.8,0,338.5,1.72,24,93780,,,,,,
20150417:1800,2015,04,17,18,23,0,0,17.65,86.65,0,337.7,1.59,24,93780,,,,,,
20150417:1900,2015,04,17,19,0,0,0,17.01,86.6,0,329.55,1.86,34,93680,,,,,,
20150417:2000,2015,04,17,20,1,0,0,16.62,83.6,0,329.55,2.07,40,93630,,,,,,
20150417:2100,2015,04,17,21,2,0,0,16.2,83.55,0,329.2,2.21,38,93580,,,,,,
20150417:2200,2015,04,17,22,3,0,0,15.74,86.5,0,327.85,2.21,42,93530,,,,,,
20150417:2300,2015,04,17,23,4,0,0,15.38,83.5,0,331.1,2.14,44,93470,,,,,,
20150418:0000,2015,04,18,00,5,0,0,15.02,83.45,0,326.3,2.21,39,93490,,,,,,
20150418:0100,2015,04,18,01,6,113.1,63.5,14.91,83.45,664.52,327.75,2.21,38,93520,,,,,,
20150418:0200,2015,04,18,02,7,306.95,118.1,16.86,83.65,658.28,329.55,1.45,32,93580,,,,,,
20150418:0300,2015,04,18,03,8,494.75,180.1,22.44,59.95,646.5,339.45,0.97,10,93620,,,,,,
20150418:0400,2015,04,18,04,9,647.35,232.65,24.84,45.75,627.9,345.45,1.1,340,93580,,,,,,
20150418:0500,2015,04,18,05,10,808,212.3,26.14,44.45,748.05,349.3,1.52,309,93620,,,,,,
20150418:0600,2015,04,18,06,11,801.8,329.9,27.1,41.65,533.19,356.3,2.07,301,93630,,,,,,
20150418:0700,2015,04,18,07,12,813.1,357.65,27.72,41.8,494.74,373.1,2.41,298,93580,,,,,,
20150418:0800,2015,04,18,08,13,684.45,396.05,28.19,40.5,320.27,380.3,2.48,293,93560,,,,,,
20150418:0900,2015,04,18,09,14,578.95,346.3,28.19,40.5,281.61,389.2,2.48,297,93490,,,,,,
20150418:1000,2015,04,18,10,15,387.25,251.45,27.96,40.5,193.27,379.3,2.28,309,93440,,,,,,
20150418:1100,2015,04,18,11,16,230.1,138.55,27.7,41.8,170.06,384.15,1.66,310,93410,,,,,,
20150418:1200,2015,04,18,12,17,111.35,83,27.02,47.9,82.29,374.45,1.17,328,93360,,,,,,
20150418:1300,2015,04,18,13,18,16.9,13.45,25.86,56.6,25.69,374.3,1.03,347,93390,,,,,,
20150418:1400,2015,04,18,14,19,0,0,23.43,68.95,0,358.8,1.45,352,93400,,,,,,
20150418:1500,2015,04,18,15,20,0,0,21.71,68.6,0,341,2.14,11,93500,,,,,,
20150418:1600,2015,04,18,16,21,0,0,20.22,73.2,0,335.4,2.48,29,93530,,,,,,
20150418:1700,2015,04,18,17,22,0,0,18.98,75.65,0,346.8,2.41,34,93560,,,,,,
20150418:1800,2015,04,18,18,23,0,0,18.31,75.55,0,357.25,2.41,36,93570,,,,,,
20150418:1900,2015,04,18,19,0,0,0,19.07,75.65,0,363.05,2.48,39,93590,,,,,,
20150418:2000,2015,04,18,20,1,0,0,18.99,73.05,0,366.55,2.41,31,93600,,,,,,
20150418:2100,2015,04,18,21,2,0,0,19.27,68.2,0,365.2,3.17,41,93560,,,,,,
20150418:2200,2015,04,18,22,3,0,0,18.63,75.55,0,369.05,1.86,3,93600,,,,,,
20150418:2300,2015,04,18,23,4,0,0,18.59,78.25,0,382.8,1.24,58,93570,,,,,,
20150419:0000,2015,04,19,00,5,0,0,18.5,72.95,0,362.3,2.62,56,93570,,,,,,
20150419:0100,2015,04,19,01,6,70.95,57.55,18.02,75.45,170.02,352.5,2.41,45,93610,,,,,,
20150419:0200,2015,04,19,02,7,181.7,109.25,19.07,73.05,249.15,357.85,2.14,39,93610,,,,,,
20150419:0300,2015,04,19,03,8,238.45,161.9,21.19,68.5,156.13,351.65,0.9,29,93650,,,,,,
20150419:0400,2015,04,19,04,9,278.2,239.3,22.66,62.05,58.61,359.95,0.97,241,93730,,,,,,
20150419:0500,2015,04,19,05,10,232.6,222.2,22.88,60.05,13.01,370.6,1.59,241,93800,,,,,,
20150419:0600,2015,04,19,06,11,168.9,167.65,22.79,64.2,1.41,381.65,1.93,234,93880,,,,,,
20150419:0700,2015,04,19,07,12,213.25,210.45,21.49,73.45,3.03,388,2.14,342,93900,,,,,,
20150419:0800,2015,04,19,08,13,331.95,295.1,22.28,71.05,40.82,380.85,3.31,43,93850,,,,,,
20150419:0900,2015,04,19,09,14,236.85,232.7,23.22,62.15,5.01,379.7,4.55,38,93730,,,,,,
20150419:1000,2015,04,19,10,15,224.4,205.2,22.98,60.05,27.25,380.65,4.76,29,93650,,,,,,
20150419:1100,2015,04,19,11,16,171.8,149.35,22.64,62.05,41.54,378.95,4.55,29,93560,,,,,,
20150419:1200,2015,04,19,12,17,97.25,70.8,21.92,61.95,76.29,376.8,4.55,17,93520,,,,,,
20150419:1300,2015,04,19,13,18,12.9,10.85,21.07,63.9,14.99,366.35,4.83,25,93490,,,,,,
20150419:1400,2015,04,19,14,19,0,0,20.03,63.7,0,359.75,4.41,15,93490,,,,,,
20150419:1500,2015,04,19,15,20,0,0,19.04,70.55,0,368.85,4.28,355,93600,,,,,,
20150419:1600,2015,04,19,16,21,0,0,18.5,72.95,0,371.55,3.66,356,93740,,,,,,
20150419:1700,2015,04,19,17,22,0,0,18.05,75.45,0,373.5,3.31,6,93840,,,,,,
20150419:1800,2015,04,19,18,23,0,0,17.52,78.1,0,371,4,11,93850,,,,,,
20150419:1900,2015,04,19,19,0,0,0,17.35,78.1,0,369.05,4.41,20,93810,,,,,,
20150419:2000,2015,04,19,20,1,0,0,17.3,78.1,0,369.25,3.66,22,93810,,,,,,
20150419:2100,2015,04,19,21,2,0,0,17.02,78,0,368.85,4,39,93780,,,,,,
20150419:2200,2015,04,19,22,3,0,0,17.08,78,0,364,4.14,46,93630,,,,,,
20150419:2300,2015,04,19,23,4,0,0,17.05,75.3,0,347.2,3.03,31,93620,,,,,,
20150420:0000,2015,04,20,00,5,0,0,16.69,77.95,0,339.65,2.9,33,93590,,,,,,
20150420:0100,2015,04,20,01,6,119.6,53.75,16.46,77.95,794.05,336.65,2.76,30,93600,,,,,,
20150420:0200,2015,04,20,02,7,330.9,89.6,17.68,80.85,819,329.75,1.93,355,93670,,,,,,
20150420:0300,2015,04,20,03,8,530,111.1,20.38,68.4,848.3,332.1,2.34,331,93760,,,,,,
20150420:0400,2015,04,20,04,9,689.5,133.35,22.14,61.95,833.92,346.2,3.38,314,93850,,,,,,
20150420:0500,2015,04,20,05,10,733.05,149.45,23.39,58.1,727.56,356.65,3.52,319,93900,,,,,,
20150420:0600,2015,04,20,06,11,867.55,160.95,24.13,58.1,793.71,367.3,3.59,339,93930,,,,,,
20150420:0700,2015,04,20,07,12,663.1,147.75,25.8,52.75,556.97,369.85,3.45,327,93990,,,,,,
20150420:0800,2015,04,20,08,13,783.35,175.9,26.1,51.05,671.36,378.15,3.1,340,93960,,,,,,
20150420:0900,2015,04,20,09,14,681.05,141.5,26.9,47.9,649.87,378.15,3.17,347,93900,,,,,,
20150420:1000,2015,04,20,10,15,577.4,115.65,27.04,46.25,653.42,372.15,3.38,359,93880,,,,,,
20150420:1100,2015,04,20,11,16,379.3,93.25,26.73,47.75,527.28,369.85,3.72,11,93840,,,,,,
20150420:1200,2015,04,20,12,17,168.5,60.55,25.79,52.75,309.37,364.4,3.52,18,93830,,,,,,
20150420:1300,2015,04,20,13,18,21.2,12.95,24.09,58.1,59.29,358.8,3.38,22,93830,,,,,,
20150420:1400,2015,04,20,14,19,0,0,21.97,59.8,0,352,3.24,24,93870,,,,,,
20150420:1500,2015,04,20,15,20,0,0,20.37,63.8,0,342.55,2.97,31,93930,,,,,,
20150420:1600,2015,04,20,16,21,0,0,19.28,65.85,0,343.3,2.83,41,94010,,,,,,
20150420:1700,2015,04,20,17,22,0,0,18.33,65.65,0,336.15,2.76,50,94060,,,,,,
20150420:1800,2015,04,20,18,23,0,0,17.53,67.85,0,335.4,2.62,53,94060,,,,,,
20150420:1900,2015,04,20,19,0,0,0,17.84,78.15,0,337.3,2.62,60,94010,,,,,,
20150420:2000,2015,04,20,20,1,0,0,17.95,72.9,0,336.35,3.03,52,94010,,,,,,
20150420:2100,2015,04,20,21,2,0,0,17.79,65.55,0,333.85,3.24,45,93950,,,,,,
20150420:2200,2015,04,20,22,3,0,0,17.45,65.45,0,332.65,3.24,38,93950,,,,,,
20150420:2300,2015,04,20,23,4,0,0,16.85,67.75,0,328.6,3.17,32,93920,,,,,,
20150421:0000,2015,04,21,00,5,0,0,16.28,70.1,0,323.95,3.03,28,93930,,,,,,
20150421:0100,2015,04,21,01,6,134.25,51.75,15.97,72.55,948.48,321.15,2.83,27,93970,,,,,,
20150421:0200,2015,04,21,02,7,342.4,84.25,17.75,75.4,865.12,320.85,2.21,22,94010,,,,,,
20150421:0300,2015,04,21,03,8,558.25,103.9,21.92,61.95,913.69,325.5,1.93,3,94050,,,,,,
20150421:0400,2015,04,21,04,9,739.65,117.65,24.7,50.7,928.31,334,2.34,342,94060,,,,,,
20150421:0500,2015,04,21,05,10,879,125.45,26.26,46,936.17,342.15,2.69,329,94100,,,,,,
20150421:0600,2015,04,21,06,11,958.3,127.35,27.31,43.15,930.77,347.4,3.1,322,94090,,,,,,
20150421:0700,2015,04,21,07,12,971.4,128.45,27.87,41.95,908.81,349.5,3.03,313,94030,,,,,,
20150421:0800,2015,04,21,08,13,898.5,130.95,28.39,39.25,846.35,354.15,3.03,311,93980,,,,,,
20150421:0900,2015,04,21,09,14,754.05,123.45,28.63,37.9,757.72,356.5,2.97,310,93930,,,,,,
20150421:1000,2015,04,21,10,15,580.8,116.65,28.63,37.9,654.99,361.1,2.76,315,93880,,,,,,
20150421:1100,2015,04,21,11,16,385.95,96.4,28.42,37.9,531.73,358.8,2.48,328,93820,,,,,,
20150421:1200,2015,04,21,12,17,180.4,62.85,27.79,43.3,334.77,354.15,2,324,93770,,,,,,
20150421:1300,2015,04,21,13,18,23.4,14.2,26.35,49.45,64.98,348.75,1.93,314,93790,,,,,,
20150421:1400,2015,04,21,14,19,0,0,23.91,58.1,0,340.2,2.07,331,93810,,,,,,
20150421:1500,2015,04,21,15,20,0,0,21.76,66.25,0,333.85,2.28,355,93830,,,,,,
20150421:1600,2015,04,21,16,21,0,0,20.28,68.3,0,329.2,2.48,12,93850,,,,,,
20150421:1700,2015,04,21,17,22,0,0,18.97,68.1,0,325.1,2.62,23,93860,,,,,,
20150421:1800,2015,04,21,18,23,0,0,17.9,70.35,0,322.8,2.62,28,93830,,,,,,
20150421:1900,2015,04,21,19,0,0,0,17.1,80.8,0,318.55,2.21,35,93800,,,,,,
20150421:2000,2015,04,21,20,1,0,0,16.46,80.75,0,317.75,2.28,32,93760,,,,,,
20150421:2100,2015,04,21,21,2,0,0,15.95,80.65,0,317,2.28,30,93670,,,,,,
20150421:2200,2015,04,21,22,3,0,0,15.51,80.6,0,316.2,2.28,29,93620,,,,,,
20150421:2300,2015,04,21,23,4,0,0,15.07,83.45,0,315.05,2.28,27,93580,,,,,,
20150422:0000,2015,04,22,00,5,0,0,14.62,83.4,0,313.7,2.21,22,93560,,,,,,
20150422:0100,2015,04,22,01,6,140.7,52.85,14.43,83.4,965.71,311.7,2.14,16,93590,,,,,,
20150422:0200,2015,04,22,02,7,354.45,85.2,17.08,83.65,891.26,312.55,1.45,0,93610,,,,,,
20150422:0300,2015,04,22,03,8,569.6,104.8,22.59,55.9,928.39,317.95,1.72,325,93630,,,,,,
20150422:0400,2015,04,22,04,9,754.65,118.2,24.64,45.6,945.57,324.95,2.48,314,93630,,,,,,
20150422:0500,2015,04,22,05,10,890.9,126.95,26.02,39.95,945.88,330.75,2.83,313,93630,,,,,,
20150422:0600,2015,04,22,06,11,964.95,130.95,27.12,36.2,931.63,335.75,3.38,310,93610,,,,,,
20150422:0700,2015,04,22,07,12,976.35,130.6,27.96,33.95,909.66,340.4,3.79,305,93580,,,,,,
20150422:0800,2015,04,22,08,13,916.65,127.55,28.45,32.9,868.17,343.5,3.79,303,93520,,,,,,
20150422:0900,2015,04,22,09,14,788.05,120,28.8,32.9,800.85,345.65,3.66,300,93510,,,,,,
20150422:1000,2015,04,22,10,15,611.75,112.85,28.81,31.75,702.1,348.95,3.24,298,93490,,,,,,
20150422:1100,2015,04,22,11,16,394.4,94.15,28.57,32.9,549.33,347.55,2.48,299,93490,,,,,,
20150422:1200,2015,04,22,12,17,180,63.85,27.82,38.95,328.74,347,1.86,294,93470,,,,,,
20150422:1300,2015,04,22,13,18,24.8,14.3,26.55,47.75,72.92,343.7,1.17,319,93510,,,,,,
20150422:1400,2015,04,22,14,19,0,0,23.71,62.25,0,334.2,1.59,18,93550,,,,,,
20150422:1500,2015,04,22,15,20,0,0,21.77,64,0,330.35,2.34,46,93630,,,,,,
20150422:1600,2015,04,22,16,21,0,0,19.93,68.3,0,328.4,2.48,51,93680,,,,,,
20150422:1700,2015,04,22,17,22,0,0,18.62,72.95,0,327.05,2.41,50,93700,,,,,,
20150422:1800,2015,04,22,18,23,0,0,17.64,78.1,0,325.1,2.34,49,93710,,,,,,
20150422:1900,2015,04,22,19,0,0,0,17.21,80.8,0,325.1,2.14,51,93620,,,,,,
20150422:2000,2015,04,22,20,1,0,0,16.65,83.6,0,323.75,2.14,49,93630,,,,,,
20150422:2100,2015,04,22,21,2,0,0,16.17,86.5,0,322.05,2.21,48,93580,,,,,,
20150422:2200,2015,04,22,22,3,0,0,15.81,83.55,0,320.5,2.28,48,93560,,,,,,
20150422:2300,2015,04,22,23,4,0,0,15.51,83.5,0,319.1,2.34,47,93560,,,,,,
20150423:0000,2015,04,23,00,5,0,0,15.17,86.45,0,316.6,2.34,43,93540,,,,,,
20150423:0100,2015,04,23,01,6,143.65,53.65,14.97,83.45,948.45,314.2,2.21,36,93590,,,,,,
20150423:0200,2015,04,23,02,7,358.15,85.75,17.54,86.65,890.97,315.05,1.24,27,93640,,,,,,
20150423:0300,2015,04,23,03,8,573.45,105.3,23.7,56.15,928.94,320.1,1.03,337,93670,,,,,,
20150423:0400,2015,04,23,04,9,758.4,118.65,25.91,42.9,946.28,327.85,1.72,314,93690,,,,,,
20150423:0500,2015,04,23,05,10,894.45,127.2,27.29,38.85,946.84,334.4,2.07,309,93720,,,,,,
20150423:0600,2015,04,23,06,11,964.4,131.3,28.49,34.1,928.16,339.65,2.48,306,93740,,,,,,
20150423:0700,2015,04,23,07,12,976.85,130.45,29.36,33.05,908.26,347.2,3.03,310,93670,,,,,,
20150423:0800,2015,04,23,08,13,913.75,128.2,30.02,28.9,862.37,349.3,3.17,308,93670,,,,,,
20150423:0900,2015,04,23,09,14,797.75,117.5,30.34,27.85,813.61,350.65,3.1,304,93610,,,,,,
20150423:1000,2015,04,23,10,15,620.1,107.6,30.41,26.05,719.3,349.5,2.97,299,93600,,,,,,
20150423:1100,2015,04,23,11,16,405.55,92.9,30.02,27.85,569.93,348.95,2.55,296,93570,,,,,,
20150423:1200,2015,04,23,12,17,183.65,66.2,29.18,34.2,330.38,346.6,1.52,300,93570,,,,,,
20150423:1300,2015,04,23,13,18,25.95,14.85,27.78,44.8,75.82,344.1,0.76,312,93600,,,,,,
20150423:1400,2015,04,23,14,19,0,0,25.47,52.75,0,334.6,0.83,356,93640,,,,,,
20150423:1500,2015,04,23,15,20,0,0,22.27,66.35,0,329,1.79,30,93690,,,,,,
20150423:1600,2015,04,23,16,21,0,0,20.89,63.9,0,326.1,2.48,41,93750,,,,,,
20150423:1700,2015,04,23,17,22,0,0,19.28,65.85,0,324.35,2.48,44,93790,,,,,,
20150423:1800,2015,04,23,18,23,0,0,18.02,72.9,0,321.65,2.41,46,93780,,,,,,
20150423:1900,2015,04,23,19,0,0,0,17.75,75.4,0,321.45,2.28,48,93730,,,,,,
20150423:2000,2015,04,23,20,1,0,0,17.16,78,0,320.5,2.34,49,93700,,,,,,
20150423:2100,2015,04,23,21,2,0,0,16.62,77.95,0,319.1,2.34,49,93660,,,,,,
20150423:2200,2015,04,23,22,3,0,0,16.13,80.65,0,318.15,2.41,50,93630,,,,,,
20150423:2300,2015,04,23,23,4,0,0,15.62,80.6,0,317.4,2.41,50,93610,,,,,,
20150424:0000,2015,04,24,00,5,0,0,15.18,83.45,0,316.2,2.34,48,93600,,,,,,
20150424:0100,2015,04,24,01,6,147.25,54.6,15.08,83.45,938.26,315.75,2.21,43,93660,,,,,,
20150424:0200,2015,04,24,02,7,361.1,86.25,17.76,83.75,888.63,318.15,1.31,37,93680,,,,,,
20150424:0300,2015,04,24,03,8,574.4,105.6,24.36,56.25,924.28,325.1,0.69,349,93740,,,,,,
20150424:0400,2015,04,24,04,9,756.7,118.8,26.75,40.1,939.49,335,1.31,315,93770,,,,,,
20150424:0500,2015,04,24,05,10,890.35,127.25,28.22,35.2,938.71,342.35,1.52,315,93810,,,,,,
20150424:0600,2015,04,24,06,11,967,127.55,29.43,30.9,932.82,348.95,1.79,311,93820,,,,,,
20150424:0700,2015,04,24,07,12,969.05,131.35,30.47,30.05,896.91,355.3,2,300,93740,,,,,,
20150424:0800,2015,04,24,08,13,911.25,124.4,30.93,29.15,861.96,358.6,2.21,289,93720,,,,,,
20150424:0900,2015,04,24,09,14,781.75,123.55,31.11,29.15,785.48,361.3,2.14,284,93670,,,,,,
20150424:1000,2015,04,24,10,15,566.8,122.75,31.1,28.15,621.58,362.1,1.79,286,93660,,,,,,
20150424:1100,2015,04,24,11,16,384.2,107.35,30.76,29,502.85,364.4,1.17,299,93640,,,,,,
20150424:1200,2015,04,24,12,17,175.05,67.85,30.08,34.5,299.73,363.25,1.24,307,93640,,,,,,
20150424:1300,2015,04,24,13,18,26.55,15.25,28.52,43.55,75.93,358.6,1.03,334,93640,,,,,,
20150424:1400,2015,04,24,14,19,0,0,25.54,64.7,0,344.3,1.31,13,93630,,,,,,
20150424:1500,2015,04,24,15,20,0,0,23.62,58.1,0,336.15,2.34,39,93670,,,,,,
20150424:1600,2015,04,24,16,21,0,0,21.53,66.25,0,333.05,2.55,45,93700,,,,,,
20150424:1700,2015,04,24,17,22,0,0,19.87,70.7,0,331.5,2.41,46,93730,,,,,,
20150424:1800,2015,04,24,18,23,0,0,18.88,73.05,0,329.55,2.34,45,93740,,,,,,
20150424:1900,2015,04,24,19,0,0,0,18.46,75.55,0,325.1,2.28,50,93660,,,,,,
20150424:2000,2015,04,24,20,1,0,0,18.06,78.15,0,325.3,2.34,48,93640,,,,,,
20150424:2100,2015,04,24,21,2,0,0,17.59,78.1,0,325.1,2.48,51,93600,,,,,,
20150424:2200,2015,04,24,22,3,0,0,17,78,0,323.95,2.48,54,93590,,,,,,
20150424:2300,2015,04,24,23,4,0,0,16.36,77.95,0,323.4,2.48,55,93570,,,,,,
20150425:0000,2015,04,25,00,5,0,0,15.93,80.65,0,322.2,2.41,55,93580,,,,,,
20150425:0100,2015,04,25,01,6,149.15,55.3,15.86,77.85,915.32,320.8,2.34,53,93660,,,,,,
20150425:0200,2015,04,25,02,7,361.85,86.6,18.3,81,879.99,323,1.45,49,93720,,,,,,
20150425:0300,2015,04,25,03,8,573.5,105.9,25.22,54.45,916.19,330.35,0.62,51,93780,,,,,,
20150425:0400,2015,04,25,04,9,754.05,119.05,27.7,37.6,931.33,341,0.07,0,93820,,,,,,
20150425:0500,2015,04,25,05,10,885.2,127.8,29.02,33.05,928.81,350.3,0.21,218,93850,,,,,,
20150425:0600,2015,04,25,06,11,955.1,131.45,30.1,31,912.98,357.05,0.69,195,93890,,,,,,
20150425:0700,2015,04,25,07,12,962.85,133.75,30.9,30.2,885.76,365.95,0.69,204,93790,,,,,,
20150425:0800,2015,04,25,08,13,906.85,123.8,31.39,30.35,856.02,370.2,0.83,204,93770,,,,,,
20150425:0900,2015,04,25,09,14,766.1,130.95,31.8,29.3,756.32,371.75,1.03,209,93700,,,,,,
20150425:1000,2015,04,25,10,15,590.6,118.25,31.72,29.3,659.48,372.55,0.83,219,93670,,,,,,
20150425:1100,2015,04,25,11,16,378.8,96.65,31.44,28.25,510.65,371,0.21,199,93630,,,,,,
20150425:1200,2015,04,25,12,17,191.25,62.65,30.84,33.4,357.41,367.9,0.28,91,93600,,,,,,
20150425:1300,2015,04,25,13,18,27.15,15.5,29.47,42.3,77.04,359.95,0.76,46,93630,,,,,,
20150425:1400,2015,04,25,14,19,0,0,26.97,54.95,0,352,1.52,39,93650,,,,,,
20150425:1500,2015,04,25,15,20,0,0,24.82,56.25,0,344.3,2.48,38,93730,,,,,,
20150425:1600,2015,04,25,16,21,0,0,22.74,59.95,0,340,2.76,42,93780,,,,,,
20150425:1700,2015,04,25,17,22,0,0,21.07,63.9,0,336.15,2.76,47,93810,,,,,,
20150425:1800,2015,04,25,18,23,0,0,19.68,68.2,0,332.65,2.83,50,93810,,,,,,
20150425:1900,2015,04,25,19,0,0,0,19.36,68.2,0,325.9,2.62,53,93690,,,,,,
20150425:2000,2015,04,25,20,1,0,0,18.46,72.95,0,325.1,2.55,56,93700,,,,,,
20150425:2100,2015,04,25,21,2,0,0,17.58,78.1,0,324.55,2.34,55,93690,,,,,,
20150425:2200,2015,04,25,22,3,0,0,17.08,80.8,0,323.4,2.41,57,93750,,,,,,
20150425:2300,2015,04,25,23,4,0,0,16.65,80.75,0,323.4,2.55,60,93770,,,,,,
20150426:0000,2015,04,26,00,5,0,0,16.34,77.95,0,322.2,2.62,66,93800,,,,,,
20150426:0100,2015,04,26,01,6,150.95,55.7,16.65,77.95,896.48,321.35,2.62,73,93890,,,,,,
20150426:0200,2015,04,26,02,7,361.5,86.65,19.87,70.7,869.21,324.35,2.28,92,93970,,,,,,
20150426:0300,2015,04,26,03,8,570,105.9,25.2,50.8,903.86,333.45,2.9,122,94030,,,,,,
20150426:0400,2015,04,26,04,9,746.1,119.35,26.42,41.55,915.51,343.7,4.97,133,94090,,,,,,
20150426:0500,2015,04,26,05,10,873.2,128.5,27.05,44.7,910.49,353,5.45,135,94140,,,,,,
20150426:0600,2015,04,26,06,11,944.7,132.95,27.93,44.95,897.6,362.85,5.24,136,94150,,,,,,
20150426:0700,2015,04,26,07,12,946.25,136.6,28.79,43.55,863.15,368.65,4.14,140,94110,,,,,,
20150426:0800,2015,04,26,08,13,866.1,167.8,29.42,40.9,761.83,375.05,3.52,144,94030,,,,,,
20150426:0900,2015,04,26,09,14,734.7,161.5,29.81,39.5,681.09,381.25,3.1,143,93950,,,,,,
20150426:1000,2015,04,26,10,15,550.4,163.05,29.99,38.3,539.43,382.4,2.9,137,93850,,,,,,
20150426:1100,2015,04,26,11,16,331.2,140.95,29.77,39.5,343.12,382,2.69,139,93780,,,,,,
20150426:1200,2015,04,26,12,17,151.15,91.9,29,42.2,163.7,386.3,1.93,144,93750,,,,,,
20150426:1300,2015,04,26,13,18,21.55,19,27.77,49.7,16.6,387.05,1.52,133,93730,,,,,,
20150426:1400,2015,04,26,14,19,0,0,26.04,58.55,0,382.8,1.31,111,93770,,,,,,
20150426:1500,2015,04,26,15,20,0,0,24.4,66.75,0,388.6,1.52,59,93860,,,,,,
20150426:1600,2015,04,26,16,21,0,0,23.72,64.4,0,388.6,2.07,32,93940,,,,,,
20150426:1700,2015,04,26,17,22,0,0,22.89,64.3,0,384.35,2.69,42,93910,,,,,,
20150426:1800,2015,04,26,18,23,0,0,21.83,66.35,0,368.1,2.41,35,93860,,,,,,
20150426:1900,2015,04,26,19,0,0,0,22.17,64.1,0,376.2,3.31,22,93830,,,,,,
20150426:2000,2015,04,26,20,1,0,0,21.81,64.1,0,378.75,3.79,8,93810,,,,,,
20150426:2100,2015,04,26,21,2,0,0,20.8,68.5,0,385.7,4.62,349,93850,,,,,,
20150426:2200,2015,04,26,22,3,0,0,19.64,75.7,0,379.5,4.83,354,93870,,,,,,
20150426:2300,2015,04,26,23,4,0,0,18.84,78.3,0,375.05,5.03,352,93890,,,,,,
20150427:0000,2015,04,27,00,5,0,0,18.32,78.25,0,372.15,4.69,1,93890,,,,,,
20150427:0100,2015,04,27,01,6,37.95,36.55,18.16,80.9,12.74,371.7,3.93,357,94030,,,,,,
20150427:0200,2015,04,27,02,7,101.95,98.15,18,83.75,11.89,375.65,3.59,2,94120,,,,,,
20150427:0300,2015,04,27,03,8,194.05,183.45,18.65,81,20.52,371.75,2.9,8,94160,,,,,,
20150427:0400,2015,04,27,04,9,276.3,253.4,19.5,75.7,33.32,368.3,2.07,360,94200,,,,,,
20150427:0500,2015,04,27,05,10,357.9,303.75,20.44,70.8,66.01,370.6,2,341,94230,,,,,,
20150427:0600,2015,04,27,06,11,398.9,344.45,21.25,70.9,60.07,377.95,2.07,319,94270,,,,,,
20150427:0700,2015,04,27,07,12,366,306.7,20.51,68.4,63.09,376,4,26,94230,,,,,,
20150427:0800,2015,04,27,08,13,361.2,317.25,20.84,63.9,47.85,382.2,4.9,38,94180,,,,,,
20150427:0900,2015,04,27,09,14,533.85,246.25,21.74,59.7,341.02,374.3,5.1,54,94060,,,,,,
20150427:1000,2015,04,27,10,15,482.8,162.1,23.77,54.2,445.49,370.2,4.21,55,93980,,,,,,
20150427:1100,2015,04,27,11,16,307.45,120.85,25.05,50.8,335.37,363.05,2.55,56,93940,,,,,,
20150427:1200,2015,04,27,12,17,164.3,76.35,25.24,50.8,241.57,371.4,1.17,28,93900,,,,,,
20150427:1300,2015,04,27,13,18,25.05,15.8,24.56,56.25,59.3,366.95,1.45,315,93920,,,,,,
20150427:1400,2015,04,27,14,19,0,0,22.77,64.2,0,371.4,1.86,313,93940,,,,,,
20150427:1500,2015,04,27,15,20,0,0,21.01,68.5,0,354.35,2.07,339,93980,,,,,,
20150427:1600,2015,04,27,16,21,0,0,19.75,75.7,0,347.75,2.21,1,93990,,,,,,
20150427:1700,2015,04,27,17,22,0,0,18.55,81,0,342.95,2.14,8,93990,,,,,,
20150427:1800,2015,04,27,18,23,0,0,17.49,83.7,0,338.5,1.93,3,93960,,,,,,
20150427:1900,2015,04,27,19,0,0,0,17.63,80.85,0,334.4,2.28,357,93930,,,,,,
20150427:2000,2015,04,27,20,1,0,0,17.2,80.8,0,332.85,2.34,359,93920,,,,,,
20150427:2100,2015,04,27,21,2,0,0,16.79,78,0,329.55,2.48,10,93860,,,,,,
20150427:2200,2015,04,27,22,3,0,0,16.29,80.75,0,328.05,2.41,16,93880,,,,,,
20150427:2300,2015,04,27,23,4,0,0,15.81,80.65,0,326.65,2.28,19,93840,,,,,,
20150428:0000,2015,04,28,00,5,0,0,15.44,80.6,0,326.3,2.28,24,93850,,,,,,
20150428:0100,2015,04,28,01,6,150.95,56.35,15.36,80.6,833.73,325.05,2.21,29,93900,,,,,,
20150428:0200,2015,04,28,02,7,360.7,90.05,18.08,78.15,838.4,325.3,1.66,26,93920,,,,,,
20150428:0300,2015,04,28,03,8,571.5,107.6,22.43,59.95,893.09,332.3,1.17,358,93970,,,,,,
20150428:0400,2015,04,28,04,9,751.4,120.8,24.88,45.75,914.03,339.45,1.59,328,93990,,,,,,
20150428:0500,2015,04,28,05,10,883.05,128.85,26.26,44.45,916.81,347.75,1.86,315,94040,,,,,,
20150428:0600,2015,04,28,06,11,962.55,134.35,27.23,43.15,911.55,353.95,2.21,308,94030,,,,,,
20150428:0700,2015,04,28,07,12,964,140.55,28.29,39.1,874.31,355.5,2.62,305,93880,,,,,,
20150428:0800,2015,04,28,08,13,913.65,128.3,28.76,37.9,853.47,358.8,2.69,300,93830,,,,,,
20150428:0900,2015,04,28,09,14,790.65,131.2,29.05,35.45,780.33,359.2,2.9,299,93800,,,,,,
20150428:1000,2015,04,28,10,15,614.75,118.95,29,34.2,687.03,358.6,2.76,301,93750,,,,,,
20150428:1100,2015,04,28,11,16,402.85,95.75,28.71,35.3,550.04,356.5,2.21,316,93730,,,,,,
20150428:1200,2015,04,28,12,17,186.05,64.05,28.05,40.5,333.16,357.05,2,312,93700,,,,,,
20150428:1300,2015,04,28,13,18,30.2,17.55,26.69,49.45,79.88,355.3,1.59,301,93690,,,,,,
20150428:1400,2015,04,28,14,19,0,0,23.97,68.95,0,346.4,1.31,336,93720,,,,,,
20150428:1500,2015,04,28,15,20,0,0,22.14,66.35,0,338.1,2,22,93740,,,,,,
20150428:1600,2015,04,28,16,21,0,0,20.61,70.8,0,333.25,2.34,33,93780,,,,,,
20150428:1700,2015,04,28,17,22,0,0,19.28,70.65,0,329.75,2.41,34,93780,,,,,,
20150428:1800,2015,04,28,18,23,0,0,18.26,75.45,0,326.85,2.41,36,93760,,,,,,
20150428:1900,2015,04,28,19,0,0,0,17.45,80.85,0,322.8,2.14,42,93710,,,,,,
20150428:2000,2015,04,28,20,1,0,0,16.81,80.8,0,322.05,2.14,39,93690,,,,,,
20150428:2100,2015,04,28,21,2,0,0,16.39,80.75,0,321.45,2.14,39,93660,,,,,,
20150428:2200,2015,04,28,22,3,0,0,16.08,80.65,0,320.5,2.34,44,93640,,,,,,
20150428:2300,2015,04,28,23,4,0,0,15.64,80.6,0,319.3,2.41,48,93630,,,,,,
20150429:0000,2015,04,29,00,5,0,0,15.14,83.45,0,317,2.41,51,93600,,,,,,
20150429:0100,2015,04,29,01,6,160.7,58.05,14.98,83.45,877.62,314.6,2.21,53,93640,,,,,,
20150429:0200,2015,04,29,02,7,373.8,88.45,17.72,86.65,875.28,316.2,1.24,50,93680,,,,,,
20150429:0300,2015,04,29,03,8,584.5,107.5,24.05,56.15,913.27,323.55,0.41,42,93730,,,,,,
20150429:0400,2015,04,29,04,9,763.45,120.45,26.46,40.1,928.57,333.45,0.48,301,93760,,,,,,
20150429:0500,2015,04,29,05,10,892,134.45,27.72,36.3,918.36,341.75,0.83,282,93810,,,,,,
20150429:0600,2015,04,29,06,11,967.2,130.2,28.7,34.1,919.2,349.1,1.1,271,93820,,,,,,
20150429:0700,2015,04,29,07,12,966.7,135.15,29.02,35.45,881.2,353.95,1.24,261,93780,,,,,,
20150429:0800,2015,04,29,08,13,882.2,149.55,29.51,34.35,794.71,358.8,1.24,240,93720,,,,,,
20150429:0900,2015,04,29,09,14,747.25,171.4,29.79,34.35,680.05,365,1.17,224,93690,,,,,,
20150429:1000,2015,04,29,10,15,576.5,148.4,29.82,33.15,591.78,365.75,0.9,209,93640,,,,,,
20150429:1100,2015,04,29,11,16,338.7,165.05,29.58,33.15,309.97,361.5,1.1,106,93600,,,,,,
20150429:1200,2015,04,29,12,17,141.2,104.4,28.78,40.65,99.92,371.95,1.72,84,93580,,,,,,
20150429:1300,2015,04,29,13,18,21.7,21.3,26.88,47.9,2.49,372.35,2.21,61,93600,,,,,,
20150429:1400,2015,04,29,14,19,0,0,24.79,56.25,0,374.3,2.34,50,93640,,,,,,
20150429:1500,2015,04,29,15,20,0,0,23.12,60.05,0,371,2.55,43,93720,,,,,,
20150429:1600,2015,04,29,16,21,0,0,21.85,64.1,0,363.45,2.69,40,93820,,,,,,
20150429:1700,2015,04,29,17,22,0,0,21.13,66.15,0,365.2,2.9,42,93830,,,,,,
20150429:1800,2015,04,29,18,23,0,0,20.77,68.4,0,369.45,2.83,44,93780,,,,,,
20150429:1900,2015,04,29,19,0,0,0,20.12,73.2,0,366.55,2.21,9,93740,,,,,,
20150429:2000,2015,04,29,20,1,0,0,20.1,70.7,0,359.95,2.76,338,93740,,,,,,
20150429:2100,2015,04,29,21,2,0,0,19.63,68.2,0,352.6,2.97,309,93740,,,,,,
20150429:2200,2015,04,29,22,3,0,0,19.07,68.1,0,361.3,3.17,295,93770,,,,,,
20150429:2300,2015,04,29,23,4,0,0,18.25,72.9,0,358.8,3.59,329,93770,,,,,,
20150430:0000,2015,04,30,00,5,0,0,17.27,78.1,0,350.85,4.14,353,93720,,,,,,
20150430:0100,2015,04,30,01,6,92.85,74.8,17.42,75.4,149.93,347.3,3.93,357,93770,,,,,,
20150430:0200,2015,04,30,02,7,258.6,150.95,18.51,70.45,327.08,348.15,3.86,360,93810,,,,,,
20150430:0300,2015,04,30,03,8,505.7,188.6,20.24,61.5,603.89,344.85,4.41,4,93820,,,,,,
20150430:0400,2015,04,30,04,9,562.5,243.8,22.15,52,458.6,346,5.1,357,93900,,,,,,
20150430:0500,2015,04,30,05,10,613.4,270.4,22.83,50.45,414.71,352,5.79,354,93980,,,,,,
20150430:0600,2015,04,30,06,11,672.2,333.45,23.36,47.15,371.22,363.65,6,355,94030,,,,,,
20150430:0700,2015,04,30,07,12,812.4,242.1,22.63,52.1,603.21,369.25,4.07,53,94110,,,,,,
20150430:0800,2015,04,30,08,13,759.95,218.65,23.73,48.8,586.09,367.5,3.38,50,94050,,,,,,
20150430:0900,2015,04,30,09,14,649.7,205.25,24.44,47.25,523.84,376.8,2.48,41,94020,,,,,,
20150430:1000,2015,04,30,10,15,553.65,142.9,24.77,45.6,566.44,362.65,2.69,40,93970,,,,,,
20150430:1100,2015,04,30,11,16,367.4,113.95,24.86,44.15,450.91,361.5,3.1,41,93890,,,,,,
20150430:1200,2015,04,30,12,17,166.1,69.35,24.39,45.6,261.21,361.7,2.9,43,93890,,,,,,
20150430:1300,2015,04,30,13,18,27.75,17.8,23.32,50.55,61,355.1,2,34,93920,,,,,,
20150430:1400,2015,04,30,14,19,0,0,21.58,57.65,0,346.8,2.48,27,93960,,,,,,
20150430:1500,2015,04,30,15,20,0,0,20.05,61.5,0,341.75,2.76,27,94000,,,,,,
20150430:1600,2015,04,30,16,21,0,0,13.21,89.2,0,315.37,2.86,29,94030,,,,,,
20150430:1700,2015,04,30,17,22,0,0,14.3,85.27,0,318.47,2.72,13,94060,,,,,,
20150430:1800,2015,04,30,18,23,0,0,15.4,81.35,0,321.58,2.59,8,94090,,,,,,
20150430:1900,2015,04,30,19,0,0,0,16.49,77.42,0,324.68,2.46,360,93980,,,,,,
20150430:2000,2015,04,30,20,1,0,0,17.59,73.5,0,327.79,2.33,6,93940,,,,,,
20150430:2100,2015,04,30,21,2,0,0,18.69,69.57,0,330.89,2.19,12,93920,,,,,,
20150430:2200,2015,04,30,22,3,0,0,19.78,65.65,0,334,2.06,18,93880,,,,,,
20150430:2300,2015,04,30,23,4,0,0,20.88,61.72,0,337.1,1.93,21,93890,,,,,,
20210501:0000,2021,05,01,00,5,0,0,21.97,57.8,0,340.21,1.8,53,93410,,,,,,
20210501:0100,2021,05,01,01,6,164.65,59.35,23.07,53.88,851.02,343.31,1.66,51,93450,,,,,,
20210501:0200,2021,05,01,02,7,375.15,88.95,24.16,49.95,861.62,346.41,1.53,47,93540,,,,,,
20210501:0300,2021,05,01,03,8,582.35,108.6,25.26,46.03,897.57,349.52,1.4,25,93560,,,,,,
20210501:0400,2021,05,01,04,9,759.5,122.35,26.35,42.1,913.68,352.62,1.27,300,93600,,,,,,
20210501:0500,2021,05,01,05,10,893.35,128.5,27.45,38.18,922.39,355.73,1.13,288,93620,,,,,,
20210501:0600,2021,05,01,06,11,949.55,143.1,28.55,34.25,881.93,358.83,1,297,93610,,,,,,
20210501:0700,2021,05,01,07,12,919.35,182.45,29.64,30.33,778.01,361.94,0.87,316,93630,,,,,,
20210501:0800,2021,05,01,08,13,899.9,132.3,32.95,19.3,829.64,382,1.72,310,93580,,,,,,
20210501:0900,2021,05,01,09,14,780.65,141.2,33.32,18.6,752.23,381.85,1.79,305,93500,,,,,,
20210501:1000,2021,05,01,10,15,576.35,129.5,33.48,17.4,614.78,383.2,1.86,306,93440,,,,,,
20210501:1100,2021,05,01,11,16,290.65,133.4,33.24,17.95,278.84,381.05,2,311,93360,,,,,,
20210501:1200,2021,05,01,12,17,130.4,77.75,32.27,19.1,141.36,381.45,1.45,312,93340,,,,,,
20210501:1300,2021,05,01,13,18,29,21.8,30.94,23.5,43.52,387.85,0.97,318,93360,,,,,,
20210501:1400,2021,05,01,14,19,0,0,28.97,30.75,0,368.45,0.83,30,93400,,,,,,
20210501:1500,2021,05,01,15,20,0,0,26.64,37.35,0,361.3,1.86,77,93460,,,,,,
20210501:1600,2021,05,01,16,21,0,0,24.86,39.7,0,358,2.28,81,93520,,,,,,
20210501:1700,2021,05,01,17,22,0,0,23.34,43.75,0,350.3,2.41,77,93550,,,,,,
20210501:1800,2021,05,01,18,23,0,0,22.24,48.45,0,346.4,2.48,75,93560,,,,,,
20210501:1900,2021,05,01,19,0,0,0,20.83,61.7,0,346,1.93,71,93510,,,,,,
20210501:2000,2021,05,01,20,1,0,0,20.19,63.7,0,343.9,2.07,72,93510,,,,,,
20210501:2100,2021,05,01,21,2,0,0,19.67,63.6,0,342.55,2.21,69,93480,,,,,,
20210501:2200,2021,05,01,22,3,0,0,19.32,61.4,0,341.55,2.34,64,93490,,,,,,
20210501:2300,2021,05,01,23,4,0,0,18.92,63.5,0,340.8,2.41,58,93510,,,,,,
20210502:0000,2021,05,02,00,5,0,0,18.42,65.65,0,338.1,2.34,51,93520,,,,,,
20210502:0100,2021,05,02,01,6,167.35,60.1,18.26,70.35,844.46,336.05,2.07,47,93590,,,,,,
20210502:0200,2021,05,02,02,7,374.8,91.15,22.22,61.95,846.4,341,1.17,45,93630,,,,,,
20210502:0300,2021,05,02,03,8,580.9,109.25,28.06,31.6,889.14,352.2,0.62,48,93680,,,,,,
20210502:0400,2021,05,02,04,9,760,123.2,29.93,24.1,910.13,363.85,0.28,116,93700,,,,,,
20210502:0500,2021,05,02,05,10,890.95,133.25,31.16,22.65,911.5,374.65,0.28,189,93690,,,,,,
20210502:0600,2021,05,02,06,11,908.3,141.1,32.19,20.55,837.33,380.65,0.34,270,93670,,,,,,
20210502:0700,2021,05,02,07,12,899.25,160.75,32.48,21.45,778.32,386.85,1.31,304,93660,,,,,,
20210502:0800,2021,05,02,08,13,779.25,143.1,33.08,20.05,686.39,398.65,1.66,298,93590,,,,,,
20210502:0900,2021,05,02,09,14,683.15,163.85,33.2,20.05,609.75,398.3,2,294,93550,,,,,,
20210502:1000,2021,05,02,10,15,543.7,124.25,33.2,20.05,575.75,394.2,2.48,305,93460,,,,,,
20210502:1100,2021,05,02,11,16,371.9,103.5,32.89,19.2,474.38,399.65,2.9,323,93380,,,,,,
20210502:1200,2021,05,02,12,17,176.55,74.8,32.16,20.55,271.67,387.05,2.76,335,93310,,,,,,
20210502:1300,2021,05,02,13,18,32.15,20.05,30.87,24.25,72.11,382.6,2.07,334,93320,,,,,,
20210502:1400,2021,05,02,14,19,0,0,28.84,29.55,0,369.85,1.79,339,93320,,,,,,
20210502:1500,2021,05,02,15,20,0,0,27.11,33.7,0,364.8,1.79,2,93380,,,,,,
20210502:1600,2021,05,02,16,21,0,0,25.51,38.45,0,359,2.07,17,93440,,,,,,
20210502:1700,2021,05,02,17,22,0,0,24.14,41,0,356.65,2.28,29,93460,,,,,,
20210502:1800,2021,05,02,18,23,0,0,22.85,45.35,0,353.2,2.34,42,93470,,,,,,
20210502:1900,2021,05,02,19,0,0,0,21.85,59.8,0,355.3,2.07,66,93420,,,,,,
20210502:2000,2021,05,02,20,1,0,0,21.19,66.15,0,352.8,2.07,67,93380,,,,,,
20210502:2100,2021,05,02,21,2,0,0,20.59,68.4,0,352.2,2.14,66,93360,,,,,,
20210502:2200,2021,05,02,22,3,0,0,20.04,70.7,0,350.65,2.14,63,93310,,,,,,
20210502:2300,2021,05,02,23,4,0,0,19.49,73.15,0,349.1,2.07,62,93340,,,,,,
20210503:0000,2021,05,03,00,5,0,0,18.93,75.65,0,348.15,1.93,60,93350,,,,,,
20210503:0100,2021,05,03,01,6,166.95,59.9,18.89,75.65,822.22,346.9,1.66,62,93430,,,,,,
20210503:0200,2021,05,03,02,7,374.05,89.2,23.07,64.3,842.73,350.65,0.83,69,93470,,,,,,
20210503:0300,2021,05,03,03,8,577.85,109.9,27.83,37.6,877.92,361.9,0.76,125,93510,,,,,,
20210503:0400,2021,05,03,04,9,739.95,134.85,29.78,29.8,862.04,374.3,0.97,151,93520,,,,,,
20210503:0500,2021,05,03,05,10,878.25,130.95,31.17,25.25,896.84,387.25,0.76,167,93530,,,,,,
20210503:0600,2021,05,03,06,11,914.25,168.25,32.24,23.75,812.62,391.9,0.48,183,93510,,,,,,
20210503:0700,2021,05,03,07,12,943.75,136.4,32.55,25.65,849.43,400.4,1.24,295,93440,,,,,,
20210503:0800,2021,05,03,08,13,829.25,163.35,33.21,24,717.29,403.5,1.38,289,93360,,,,,,
20210503:0900,2021,05,03,09,14,678.5,149.05,33.5,23.25,620.53,408.15,1.45,288,93290,,,,,,
20210503:1000,2021,05,03,10,15,416.6,147.7,33.6,21.65,368.26,411.05,1.38,300,93230,,,,,,
20210503:1100,2021,05,03,11,16,197.35,132.4,33.11,20.05,114.43,412.6,1.59,358,93170,,,,,,
20210503:1200,2021,05,03,12,17,110.85,80.75,32.03,20.55,79.93,412,1.31,91,93120,,,,,,
20210503:1300,2021,05,03,13,18,27.95,21.65,31.15,22.65,37.03,401.4,1.52,148,93120,,,,,,
20210503:1400,2021,05,03,14,19,0,0,29.54,26.75,0,389.4,1.31,153,93120,,,,,,
20210503:1500,2021,05,03,15,20,0,0,27.76,32.65,0,376.2,1.66,153,93240,,,,,,
20210503:1600,2021,05,03,16,21,0,0,26.37,42.9,0,373.9,1.24,139,93300,,,,,,
20210503:1700,2021,05,03,17,22,0,0,25.03,52.6,0,372.95,1.31,95,93340,,,,,,
20210503:1800,2021,05,03,18,23,0,0,24,47.25,0,366.35,2.07,76,93360,,,,,,
20210503:1900,2021,05,03,19,0,0,0,23.2,54.1,0,365.55,2.14,79,93260,,,,,,
20210503:2000,2021,05,03,20,1,0,0,22.57,57.9,0,361.9,2.34,75,93240,,,,,,
20210503:2100,2021,05,03,21,2,0,0,21.94,59.8,0,359.75,2.28,74,93180,,,,,,
20210503:2200,2021,05,03,22,3,0,0,21.34,64,0,358.2,2.21,75,93160,,,,,,
20210503:2300,2021,05,03,23,4,0,0,20.72,68.4,0,355.5,2.07,77,93170,,,,,,
20210504:0000,2021,05,04,00,5,0,0,20.22,70.7,0,354.75,2,80,93210,,,,,,
20210504:0100,2021,05,04,01,6,158,59.55,20.27,70.7,738.51,353.1,1.86,79,93270,,,,,,
20210504:0200,2021,05,04,02,7,369.85,90.7,23.71,60.15,819.08,356.5,1.52,87,93320,,,,,,
20210504:0300,2021,05,04,03,8,558.6,107.95,28.16,39.1,841.54,369.65,1.66,116,93370,,,,,,
20210504:0400,2021,05,04,04,9,750.1,122.9,30.03,29.95,890.75,378.75,2.07,150,93370,,,,,,
20210504:0500,2021,05,04,05,10,830.4,178.25,31.43,27.15,780.85,389,2.21,164,93380,,,,,,
20210504:0600,2021,05,04,06,11,604.05,323.6,32.29,24.6,304.92,396.75,2.14,176,93360,,,,,,
20210504:0700,2021,05,04,07,12,755.15,259.15,29.49,35.6,520.99,408.35,3.1,140,93410,,,,,,
20210504:0800,2021,05,04,08,13,724.8,238.4,30.76,31.15,523.08,400.2,2.76,119,93330,,,,,,
20210504:0900,2021,05,04,09,14,571.25,258.15,30.44,33.4,366.3,402.15,2.76,113,93280,,,,,,
20210504:1000,2021,05,04,10,15,423.95,181.3,29.66,38.15,331.57,404.85,3.72,89,93230,,,,,,
20210504:1100,2021,05,04,11,16,245,178.95,28.99,40.75,116,399.85,2.69,84,93240,,,,,,
20210504:1200,2021,05,04,12,17,115.4,87.95,28.7,42.05,72.5,401.75,1.86,103,93200,,,,,,
20210504:1300,2021,05,04,13,18,24.9,22.55,28.13,43.4,13.63,396.9,1.31,111,93190,,,,,,
20210504:1400,2021,05,04,14,19,0,0,27.03,49.55,0,388.6,0.28,43,93240,,,,,,
20210504:1500,2021,05,04,15,20,0,0,25.97,52.85,0,381.65,0.48,10,93300,,,,,,
20210504:1600,2021,05,04,16,21,0,0,24.51,66.85,0,377.95,0.76,352,93360,,,,,,
20210504:1700,2021,05,04,17,22,0,0,23.64,66.65,0,377.75,1.45,15,93410,,,,,,
20210504:1800,2021,05,04,18,23,0,0,22.78,66.45,0,373.3,1.79,32,93410,,,,,,
20210504:1900,2021,05,04,19,0,0,0,20.67,86.9,0,385.9,2.55,356,93540,,,,,,
20210504:2000,2021,05,04,20,1,0,0,20.55,84.05,0,383.75,2.76,3,93490,,,,,,
20210504:2100,2021,05,04,21,2,0,0,20.47,84.05,0,382,2.55,355,93400,,,,,,
20210504:2200,2021,05,04,22,3,0,0,20.13,83.95,0,370,2.21,343,93410,,,,,,
20210504:2300,2021,05,04,23,4,0,0,19.79,86.85,0,371.2,2.14,335,93390,,,,,,
20210505:0000,2021,05,05,00,5,0,0,19.31,89.8,0,363.05,2.07,339,93410,,,,,,
20210505:0100,2021,05,05,01,6,150.8,71.8,19.41,86.85,579.43,363.15,1.79,341,93490,,,,,,
20210505:0200,2021,05,05,02,7,325.9,104.65,21.27,78.55,644.04,365,1.93,331,93550,,,,,,
20210505:0300,2021,05,05,03,8,521.15,122.3,23.3,66.55,741.47,369.25,1.93,332,93610,,,,,,
20210505:0400,2021,05,05,04,9,688.75,150.6,25.01,58.35,761.99,373.3,1.24,351,93640,,,,,,
20210505:0500,2021,05,05,05,10,811.55,149.65,26.24,52.85,790.76,387.65,0.55,66,93660,,,,,,
20210505:0600,2021,05,05,06,11,893.2,160.95,27.28,47.9,794.72,396.9,0.9,117,93680,,,,,,
20210505:0700,2021,05,05,07,12,926.8,160.6,27.25,46.25,803.51,389.2,1.03,338,93670,,,,,,
20210505:0800,2021,05,05,08,13,859.7,157.65,28.22,43.4,753.8,390.35,1.24,301,93610,,,,,,
20210505:0900,2021,05,05,09,14,738.4,126.65,28.75,42.05,714.44,401,1.38,294,93560,,,,,,
20210505:1000,2021,05,05,10,15,554.25,122,28.84,40.65,589.36,392.3,1.24,310,93470,,,,,,
20210505:1100,2021,05,05,11,16,382.55,109.45,28.62,40.65,478.11,394.4,1.45,346,93440,,,,,,
20210505:1200,2021,05,05,12,17,161.85,71.25,27.81,43.3,238.01,386.1,2.07,32,93380,,,,,,
20210505:1300,2021,05,05,13,18,28.4,18.5,27.01,46.25,56.64,391.7,1.86,40,93400,,,,,,
20210505:1400,2021,05,05,14,19,0,0,25.7,50.95,0,385.1,0.9,22,93450,,,,,,
20210505:1500,2021,05,05,15,20,0,0,24.65,54.45,0,386.85,1.45,11,93500,,,,,,
20210505:1600,2021,05,05,16,21,0,0,23.52,60.15,0,372.95,1.31,6,93550,,,,,,
20210505:1700,2021,05,05,17,22,0,0,22.61,64.2,0,369.65,1.24,11,93560,,,,,,
20210505:1800,2021,05,05,18,23,0,0,21.82,68.6,0,363.85,1.45,10,93560,,,,,,
20210505:1900,2021,05,05,19,0,0,0,21.17,68.5,0,359.4,2.21,357,93550,,,,,,
20210505:2000,2021,05,05,20,1,0,0,20.63,70.8,0,354.75,2.28,352,93500,,,,,,
20210505:2100,2021,05,05,21,2,0,0,20.22,73.2,0,355.5,2.34,348,93490,,,,,,
20210505:2200,2021,05,05,22,3,0,0,19.77,75.7,0,353,2.28,348,93440,,,,,,
20210505:2300,2021,05,05,23,4,0,0,19.37,75.7,0,351.65,2.34,347,93430,,,,,,
20210506:0000,2021,05,06,00,5,0,0,18.92,78.3,0,347.75,2.21,349,93400,,,,,,
20210506:0100,2021,05,06,01,6,171.55,63.4,18.9,78.3,776.41,344.95,1.79,349,93460,,,,,,
20210506:0200,2021,05,06,02,7,379.25,92.4,21.75,64,828.62,346.6,1.93,331,93500,,,,,,
20210506:0300,2021,05,06,03,8,582.5,111.6,24.15,52.5,871.63,353.4,2.28,317,93570,,,,,,
20210506:0400,2021,05,06,04,9,757.2,124.25,26.06,47.65,893.63,361.7,2.34,312,93600,,,,,,
20210506:0500,2021,05,06,05,10,881.5,138.75,27.74,41.8,885.45,370.6,2.41,303,93640,,,,,,
20210506:0600,2021,05,06,06,11,945.35,156.05,29,38,855.15,379.3,2.28,290,93680,,,,,,
20210506:0700,2021,05,06,07,12,924.95,173.8,29.34,36.7,786.51,381.05,2.28,284,93690,,,,,,
20210506:0800,2021,05,06,08,13,820.55,163.35,29.97,33.3,704.56,387.65,2,270,93660,,,,,,
20210506:0900,2021,05,06,09,14,687.8,195.05,30.3,31,574.48,390.35,1.52,277,93580,,,,,,
20210506:1000,2021,05,06,10,15,496.1,140.3,30.01,31,484.08,393.05,1.17,353,93540,,,,,,
20210506:1100,2021,05,06,11,16,210.25,139.1,29.4,33.05,124.18,387.65,2.76,34,93500,,,,,,
20210506:1200,2021,05,06,12,17,104.2,70.8,27.16,37.5,87.28,390.95,3.03,48,93520,,,,,,
20210506:1300,2021,05,06,13,18,30.4,19,26.7,38.7,64.38,390.95,2,57,93540,,,,,,
20210506:1400,2021,05,06,14,19,0,0,25.88,44.3,0,378.75,0.83,52,93580,,,,,,
20210506:1500,2021,05,06,15,20,0,0,24.7,47.4,0,377.55,0.83,358,93640,,,,,,
20210506:1600,2021,05,06,16,21,0,0,23.35,56,0,371.75,1.45,360,93660,,,,,,
20210506:1700,2021,05,06,17,22,0,0,22.01,61.95,0,362.85,1.86,2,93700,,,,,,
20210506:1800,2021,05,06,18,23,0,0,21.11,66.15,0,357.45,2.07,10,93700,,,,,,
20210506:1900,2021,05,06,19,0,0,0,21,66.15,0,345.65,1.72,18,93660,,,,,,
20210506:2000,2021,05,06,20,1,0,0,20.4,66.05,0,344.3,1.86,21,93600,,,,,,
20210506:2100,2021,05,06,21,2,0,0,19.71,70.65,0,341.55,1.93,24,93620,,,,,,
20210506:2200,2021,05,06,22,3,0,0,19.08,73.05,0,341.2,1.93,28,93580,,,,,,
20210506:2300,2021,05,06,23,4,0,0,18.49,75.55,0,340.6,1.86,34,93590,,,,,,
20210507:0000,2021,05,07,00,5,0,0,17.94,78.15,0,340.2,1.72,38,93600,,,,,,
20210507:0100,2021,05,07,01,6,169.1,72.65,17.93,80.9,678.44,338.8,1.38,44,93660,,,,,,
20210507:0200,2021,05,07,02,7,376.4,100.95,21.85,64.1,789.84,343.7,0.69,59,93720,,,,,,
20210507:0300,2021,05,07,03,8,583.8,115.15,25.14,42.65,863.86,353.4,0.07,102,93770,,,,,,
20210507:0400,2021,05,07,04,9,757.8,127.85,26.74,36.05,886.93,364.4,0.55,264,93790,,,,,,
20210507:0500,2021,05,07,05,10,882.6,139.3,28.03,33.95,884.29,372.75,0.83,269,93810,,,,,,
20210507:0600,2021,05,07,06,11,912.45,178,29.09,31.85,794.39,380.45,0.97,269,93790,,,,,,
20210507:0700,2021,05,07,07,12,917.1,163.25,29.12,31.85,788.16,388.4,1.1,231,93780,,,,,,
20210507:0800,2021,05,07,08,13,818.9,145.05,29.79,30.9,721.33,388.4,1.1,235,93770,,,,,,
20210507:0900,2021,05,07,09,14,675.25,204.2,30.1,29.95,548.26,395,0.69,233,93690,,,,,,
20210507:1000,2021,05,07,10,15,472.65,176.6,30.17,29.95,401.93,400,0.34,258,93630,,,,,,
20210507:1100,2021,05,07,11,16,242.8,129.35,29.37,30.75,197.4,400.4,1.66,53,93630,,,,,,
20210507:1200,2021,05,07,12,17,128.05,78.9,27.1,41.65,127.77,405.05,3.72,96,93640,,,,,,
20210507:1300,2021,05,07,13,18,30.95,22.5,25.33,50.8,47.11,382,3.03,131,93690,,,,,,
20210507:1400,2021,05,07,14,19,0,0,24.41,52.6,0,380.85,1.79,122,93700,,,,,,
20210507:1500,2021,05,07,15,20,0,0,23.53,56.15,0,374.45,1.52,89,93740,,,,,,
20210507:1600,2021,05,07,16,21,0,0,22.68,59.95,0,369.65,1.45,69,93770,,,,,,
20210507:1700,2021,05,07,17,22,0,0,21.89,64.1,0,365.2,1.66,54,93780,,,,,,
20210507:1800,2021,05,07,18,23,0,0,21.19,68.5,0,361.3,1.86,49,93740,,,,,,
20210507:1900,2021,05,07,19,0,0,0,20.68,73.3,0,353.2,1.45,68,93710,,,,,,
20210507:2000,2021,05,07,20,1,0,0,19.98,75.75,0,351.45,1.45,60,93670,,,,,,
20210507:2100,2021,05,07,21,2,0,0,19.37,78.35,0,352,1.59,56,93670,,,,,,
20210507:2200,2021,05,07,22,3,0,0,18.73,83.8,0,347.2,1.66,54,93630,,,,,,
20210507:2300,2021,05,07,23,4,0,0,18.29,86.7,0,347.75,1.52,55,93590,,,,,,
20210508:0000,2021,05,08,00,5,0,0,17.91,83.75,0,343.5,1.45,58,93600,,,,,,
20210508:0100,2021,05,08,01,6,175.95,63.8,18.16,86.7,773.69,342.65,1.1,63,93660,,,,,,
20210508:0200,2021,05,08,02,7,381.8,92.5,22.14,66.35,823.69,347.4,0.48,95,93730,,,,,,
20210508:0300,2021,05,08,03,8,583.85,112.35,24.75,50.8,865.63,357.25,0.21,141,93790,,,,,,
20210508:0400,2021,05,08,04,9,761.2,124.8,26.57,43.05,893.62,368.65,0.28,352,93790,,,,,,
20210508:0500,2021,05,08,05,10,856.2,132.95,28.11,36.45,858.73,377.4,0.55,331,93790,,,,,,
20210508:0600,2021,05,08,06,11,948.8,141.7,29.22,33.05,871.57,383.95,0.62,280,93750,,,,,,
20210508:0700,2021,05,08,07,12,922.5,166.25,29.94,32.15,789.53,391.1,0.97,253,93720,,,,,,
20210508:0800,2021,05,08,08,13,816.25,167.5,30.64,31.15,693.46,396.35,1.17,267,93640,,,,,,
20210508:0900,2021,05,08,09,14,696.75,154.55,31.05,29.15,630.04,398.1,1.45,280,93560,,,,,,
20210508:1000,2021,05,08,10,15,545.25,144.95,31.25,28.15,542.33,395.4,1.52,290,93480,,,,,,
20210508:1100,2021,05,08,11,16,368.05,106.5,31.07,28.15,453.71,392.45,1.45,303,93420,,,,,,
20210508:1200,2021,05,08,12,17,177.1,70.3,30.6,28,276.2,398.65,1.17,330,93370,,,,,,
20210508:1300,2021,05,08,13,18,34.7,19.8,29.9,28.75,82.02,389.4,1.45,359,93400,,,,,,
20210508:1400,2021,05,08,14,19,0,0,28.4,32.75,0,384.15,1.31,22,93410,,,,,,
20210508:1500,2021,05,08,15,20,0,0,26.82,37.35,0,384.75,1.17,96,93460,,,,,,
20210508:1600,2021,05,08,16,21,0,0,25.32,42.65,0,373.3,1.86,87,93500,,,,,,
20210508:1700,2021,05,08,17,22,0,0,23.82,48.8,0,362.85,2,68,93490,,,,,,
20210508:1800,2021,05,08,18,23,0,0,22.62,54,0,360.35,1.93,69,93470,,,,,,
20210508:1900,2021,05,08,19,0,0,0,22.01,57.75,0,353.95,1.86,51,93420,,,,,,
20210508:2000,2021,05,08,20,1,0,0,21.28,63.9,0,352,1.79,45,93380,,,,,,
20210508:2100,2021,05,08,21,2,0,0,20.53,66.05,0,349.5,1.72,39,93360,,,,,,
20210508:2200,2021,05,08,22,3,0,0,19.84,68.3,0,347.75,1.86,34,93340,,,,,,
20210508:2300,2021,05,08,23,4,0,0,19.25,73.05,0,346.6,1.86,35,93350,,,,,,
20210509:0000,2021,05,09,00,5,0,0,18.78,75.55,0,345.05,1.86,41,93380,,,,,,
20210509:0100,2021,05,09,01,6,179.1,63.9,18.94,75.65,780.16,344.6,1.52,47,93450,,,,,,
20210509:0200,2021,05,09,02,7,384.35,93.2,23.11,58,823.33,348.95,0.83,57,93540,,,,,,
20210509:0300,2021,05,09,03,8,587,111.75,26.61,40.1,869.16,360.35,0.55,73,93590,,,,,,
20210509:0400,2021,05,09,04,9,760.05,125.05,28.45,32.9,889.37,372.55,0.14,87,93590,,,,,,
20210509:0500,2021,05,09,05,10,888.4,133.45,29.86,29.8,894.67,382,0.28,209,93600,,,,,,
20210509:0600,2021,05,09,06,11,913.35,164.65,31.05,27.15,807.25,388.6,0.76,232,93590,,,,,,
20210509:0700,2021,05,09,07,12,903.65,182.3,31.55,28.25,752.04,399.05,1.38,177,93520,,,,,,
20210509:0800,2021,05,09,08,13,825.75,158.45,32.09,27.4,712.28,402.15,0.83,185,93450,,,,,,
20210509:0900,2021,05,09,09,14,707.45,159.8,32.47,26.55,635.35,401.95,0.41,186,93380,,,,,,
20210509:1000,2021,05,09,10,15,570.65,140.55,32.53,25.65,581.5,405.85,0.28,254,93280,,,,,,
20210509:1100,2021,05,09,11,16,331.2,139.5,32.39,25.5,331.55,399.45,0.62,313,93230,,,,,,
20210509:1200,2021,05,09,12,17,147.15,73.8,31.27,27.15,188.73,400.2,1.66,36,93190,,,,,,
20210509:1300,2021,05,09,13,18,24.35,18.85,29.85,30.9,29.9,392.45,1.86,55,93210,,,,,,
20210509:1400,2021,05,09,14,19,0,0,28.12,36.45,0,394.4,1.03,78,93220,,,,,,
20210509:1500,2021,05,09,15,20,0,0,26.65,43.05,0,383.4,1.31,99,93250,,,,,,
20210509:1600,2021,05,09,16,21,0,0,25.3,49.05,0,373.9,1.66,64,93280,,,,,,
20210509:1700,2021,05,09,17,22,0,0,23.93,52.5,0,367.5,1.86,64,93280,,,,,,
20210509:1800,2021,05,09,18,23,0,0,22.95,58,0,368.1,1.79,68,93260,,,,,,
20210509:1900,2021,05,09,19,0,0,0,22.64,64.2,0,363.85,1.93,62,93220,,,,,,
20210509:2000,2021,05,09,20,1,0,0,22.12,66.35,0,363.25,1.86,64,93180,,,,,,
20210509:2100,2021,05,09,21,2,0,0,21.54,68.6,0,363.25,1.66,67,93180,,,,,,
20210509:2200,2021,05,09,22,3,0,0,20.85,70.9,0,358.8,1.66,70,93170,,,,,,
20210509:2300,2021,05,09,23,4,0,0,20.32,75.75,0,355.9,1.72,71,93190,,,,,,
20210510:0000,2021,05,10,00,5,0,0,20.07,75.75,0,355.7,1.86,74,93230,,,,,,
20210510:0100,2021,05,10,01,6,179.45,64.7,20.55,73.3,763.55,356,1.72,78,93310,,,,,,
20210510:0200,2021,05,10,02,7,384.9,91.15,24.36,56.25,825.26,361.1,1.66,94,93360,,,,,,
20210510:0300,2021,05,10,03,8,587.7,109.35,27.17,44.7,871.6,371.2,2,117,93400,,,,,,
20210510:0400,2021,05,10,04,9,757.9,122.3,28.92,38,888.02,382,2.07,135,93410,,,,,,
20210510:0500,2021,05,10,05,10,871.55,141.8,30.25,34.5,863.23,391.7,1.79,145,93410,,,,,,
20210510:0600,2021,05,10,06,11,830.85,208.55,31.29,32.4,669.97,399.85,1.45,161,93400,,,,,,
20210510:0700,2021,05,10,07,12,902,151.15,31.8,30.35,781.74,406.6,1.52,187,93300,,,,,,
20210510:0800,2021,05,10,08,13,739.8,172.2,32.44,29.4,605.03,414.15,1.31,199,93210,,,,,,
20210510:0900,2021,05,10,09,14,686.05,140.65,32.56,27.55,631.75,412.2,0.97,204,93150,,,,,,
20210510:1000,2021,05,10,10,15,498.35,151.45,32.73,26.55,468.07,410.85,0.69,231,93080,,,,,,
20210510:1100,2021,05,10,11,16,270.85,117.2,31.98,26.45,264.96,415.9,2,52,93060,,,,,,
20210510:1200,2021,05,10,12,17,118.35,69.7,29.23,36.7,124.55,409.7,3.79,61,93060,,,,,,
20210510:1300,2021,05,10,13,18,22.05,17.15,27.46,44.8,26.32,397.3,1.52,115,93070,,,,,,
20210510:1400,2021,05,10,14,19,0,0,25.98,51.05,0,390.55,1.45,189,93160,,,,,,
20210510:1500,2021,05,10,15,20,0,0,24.92,56.35,0,393.45,1.45,184,93190,,,,,,
20210510:1600,2021,05,10,16,21,0,0,24.13,58.2,0,387.45,0.28,156,93210,,,,,,
20210510:1700,2021,05,10,17,22,0,0,23.55,62.25,0,385.3,1.31,45,93250,,,,,,
20210510:1800,2021,05,10,18,23,0,0,23.17,64.3,0,383.2,1.72,45,93230,,,,,,
20210510:1900,2021,05,10,19,0,0,0,23.32,64.3,0,386.85,1.24,20,93220,,,,,,
20210510:2000,2021,05,10,20,1,0,0,22.85,64.3,0,384.95,1.17,27,93170,,,,,,
20210510:2100,2021,05,10,21,2,0,0,22.32,71.05,0,382,1.45,43,93170,,,,,,
20210510:2200,2021,05,10,22,3,0,0,21.91,71.05,0,379.9,1.52,48,93130,,,,,,
20210510:2300,2021,05,10,23,4,0,0,21.75,73.45,0,380.85,1.72,75,93140,,,,,,
20210511:0000,2021,05,11,00,5,0,0,20.18,81.15,0,377.55,2.83,82,93240,,,,,,
20210511:0100,2021,05,11,01,6,82.5,42.45,19.37,81.1,262.06,372.25,2.62,76,93350,,,,,,
20210511:0200,2021,05,11,02,7,141.2,119.95,19.9,78.45,59.33,376.6,1.66,48,93370,,,,,,
20210511:0300,2021,05,11,03,8,172.75,168.3,20.72,81.2,8.08,380.85,1.59,356,93430,,,,,,
20210511:0400,2021,05,11,04,9,252,240.6,21.5,73.45,15.89,389.55,2.14,336,93460,,,,,,
20210511:0500,2021,05,11,05,10,434,358.3,22.77,68.75,89.39,391.7,1.72,340,93490,,,,,,
20210511:0600,2021,05,11,06,11,754.8,350.85,24.36,58.35,434.28,393.85,1.31,351,93490,,,,,,
20210511:0700,2021,05,11,07,12,806.75,301.35,26.86,49.45,525.51,401.2,0.62,242,93410,,,,,,
20210511:0800,2021,05,11,08,13,751.15,260.75,27.17,49.55,522.05,398.45,0.76,110,93370,,,,,,
20210511:0900,2021,05,11,09,14,628.6,238.2,27.37,51.3,451.52,402.55,1.31,100,93310,,,,,,
20210511:1000,2021,05,11,10,15,499.9,204.95,27.42,49.7,397.18,401.55,0.9,93,93220,,,,,,
20210511:1100,2021,05,11,11,16,308.8,127.9,27.43,49.7,311.04,400.6,0.62,36,93150,,,,,,
20210511:1200,2021,05,11,12,17,196.25,79.95,27.28,49.55,296.25,398.45,1.1,346,93100,,,,,,
20210511:1300,2021,05,11,13,18,33.6,22.45,26.63,49.45,59.18,386.85,1.45,339,93130,,,,,,
20210511:1400,2021,05,11,14,19,0,0,25.49,54.55,0,389.4,1.45,349,93130,,,,,,
20210511:1500,2021,05,11,15,20,0,0,24.16,60.25,0,381.45,1.66,354,93160,,,,,,
20210511:1600,2021,05,11,16,21,0,0,23.14,66.55,0,380.3,1.66,2,93190,,,,,,
20210511:1700,2021,05,11,17,22,0,0,22.29,71.05,0,375.25,1.66,9,93180,,,,,,
20210511:1800,2021,05,11,18,23,0,0,21.58,73.45,0,371.2,1.72,8,93170,,,,,,
20210511:1900,2021,05,11,19,0,0,0,20.94,75.95,0,360.35,1.52,3,93130,,,,,,
20210511:2000,2021,05,11,20,1,0,0,20.46,75.85,0,358.2,1.66,14,93090,,,,,,
20210511:2100,2021,05,11,21,2,0,0,19.91,78.45,0,353.55,1.66,21,93070,,,,,,
20210511:2200,2021,05,11,22,3,0,0,19.54,81.1,0,353.95,1.72,26,93060,,,,,,
20210511:2300,2021,05,11,23,4,0,0,19.22,83.85,0,350.3,1.86,30,93050,,,,,,
20210512:0000,2021,05,12,00,5,0,0,18.94,81.05,0,350.3,2,33,93050,,,,,,
20210512:0100,2021,05,12,01,6,162.15,59.45,19.06,83.85,661.38,346.35,1.72,39,93090,,,,,,
20210512:0200,2021,05,12,02,7,339.1,116.45,22.27,71.05,617.88,350.65,0.69,56,93120,,,,,,
20210512:0300,2021,05,12,03,8,551.7,141.55,25.22,50.8,742.17,363.85,0.34,242,93160,,,,,,
20210512:0400,2021,05,12,04,9,698.05,173,26.84,44.55,730.19,374.85,0.9,265,93150,,,,,,
20210512:0500,2021,05,12,05,10,618.9,234.6,28.01,39.1,453.05,382.2,1.1,234,93160,,,,,,
20210512:0600,2021,05,12,06,11,875.85,250.2,28.09,37.75,671.7,383.95,1.93,200,93200,,,,,,
20210512:0700,2021,05,12,07,12,901.8,238,28.92,34.2,689.35,384.55,2.07,292,93080,,,,,,
20210512:0800,2021,05,12,08,13,857.8,176.05,29.58,32,724.81,384.75,2.07,292,93010,,,,,,
20210512:0900,2021,05,12,09,14,690.95,169.15,29.97,29.95,602.58,391.7,1.93,292,92940,,,,,,
20210512:1000,2021,05,12,10,15,580.5,136.85,29.77,29.8,596.26,386.1,1.45,317,92870,,,,,,
20210512:1100,2021,05,12,11,16,320.65,131.6,29.91,27.75,324.13,381.65,1.52,316,92800,,,,,,
20210512:1200,2021,05,12,12,17,162.7,85.6,29.22,25.7,195.44,394.2,2,347,92780,,,,,,
20210512:1300,2021,05,12,13,18,28.65,21.2,28.22,29.4,39.08,381.85,1.45,5,92800,,,,,,
20210512:1400,2021,05,12,14,19,0,0,26.67,38.7,0,382.6,1.66,45,92820,,,,,,
20210512:1500,2021,05,12,15,20,0,0,24.78,45.75,0,380.3,2.28,66,92840,,,,,,
20210512:1600,2021,05,12,16,21,0,0,23.21,54.1,0,359.2,2.34,69,92870,,,,,,
20210512:1700,2021,05,12,17,22,0,0,21.94,59.8,0,351.85,2.21,77,92890,,,,,,
20210512:1800,2021,05,12,18,23,0,0,21.06,66.15,0,349.9,2.21,85,92910,,,,,,
20210512:1900,2021,05,12,19,0,0,0,20.58,70.8,0,357.45,2.07,76,92870,,,,,,
20210512:2000,2021,05,12,20,1,0,0,19.96,73.2,0,353,1.93,64,92830,,,,,,
20210512:2100,2021,05,12,21,2,0,0,19.47,75.7,0,350.5,2,58,92850,,,,,,
20210512:2200,2021,05,12,22,3,0,0,19.07,75.65,0,349.1,2.14,62,92830,,,,,,
20210512:2300,2021,05,12,23,4,0,0,18.79,78.25,0,351.05,2.41,66,92880,,,,,,
20210513:0000,2021,05,13,00,5,0,0,18.76,72.95,0,355.3,2.76,69,92960,,,,,,
20210513:0100,2021,05,13,01,6,124.85,69,19.08,70.55,354.25,358.5,2.97,81,93030,,,,,,
20210513:0200,2021,05,13,02,7,311.55,116.55,20.64,63.8,538.05,360.35,2.9,89,93050,,,,,,
20210513:0300,2021,05,13,03,8,474.3,198.4,23,52.25,497.62,357.45,2.69,90,93090,,,,,,
20210513:0400,2021,05,13,04,9,676.4,183.5,24.46,47.4,684.01,367.7,2.07,120,93160,,,,,,
20210513:0500,2021,05,13,05,10,710.2,172.35,25.76,47.5,633.05,377.2,2.41,143,93150,,,,,,
20210513:0600,2021,05,13,06,11,803.8,189.4,26.63,46.15,658.76,384.15,2.34,147,93180,,,,,,
20210513:0700,2021,05,13,07,12,727.5,175.2,26.2,49.3,572.87,390.35,2,157,93300,,,,,,
20210513:0800,2021,05,13,08,13,632.5,225.35,26.17,49.3,432.32,399.45,2.48,117,93270,,,,,,
20210513:0900,2021,05,13,09,14,601.85,172.35,25.08,52.6,495.27,400.8,2.69,107,93250,,,,,,
20210513:1000,2021,05,13,10,15,385,165.05,25.46,50.95,295.04,389.55,2.34,112,93180,,,,,,
20210513:1100,2021,05,13,11,16,279.3,111.6,25.71,50.95,286.71,392.3,2.34,122,93140,,,,,,
20210513:1200,2021,05,13,12,17,176.85,85.3,25.5,50.95,230.94,385.5,2.34,134,93090,,,,,,
20210513:1300,2021,05,13,13,18,31.55,23.85,24.76,52.6,39.93,377.95,2.48,147,93130,,,,,,
20210513:1400,2021,05,13,14,19,0,0,23.47,56.15,0,376.6,2.28,133,93200,,,,,,
20210513:1500,2021,05,13,15,20,0,0,22.31,64.1,0,371.95,2.34,114,93230,,,,,,
20210513:1600,2021,05,13,16,21,0,0,21.59,68.6,0,375.65,1.86,87,93250,,,,,,
20210513:1700,2021,05,13,17,22,0,0,20.66,73.3,0,359.2,1.52,64,93280,,,,,,
20210513:1800,2021,05,13,18,23,0,0,19.78,78.35,0,353.55,1.38,47,93260,,,,,,
20210513:1900,2021,05,13,19,0,0,0,19.3,83.85,0,351.45,1.24,60,93260,,,,,,
20210513:2000,2021,05,13,20,1,0,0,18.77,86.75,0,349.9,1.31,51,93210,,,,,,
20210513:2100,2021,05,13,21,2,0,0,18.29,86.7,0,348.55,1.38,48,93190,,,,,,
20210513:2200,2021,05,13,22,3,0,0,17.89,86.7,0,348.35,1.45,48,93170,,,,,,
20210513:2300,2021,05,13,23,4,0,0,17.6,89.7,0,350.65,1.38,49,93160,,,,,,
20210514:0000,2021,05,14,00,5,0,0,17.3,86.65,0,346.8,1.45,52,93180,,,,,,
20210514:0100,2021,05,14,01,6,186.75,67.2,17.66,89.7,747.45,345.55,1.03,57,93220,,,,,,
20210514:0200,2021,05,14,02,7,387.75,97.1,21.65,64,797.57,349.1,0.55,82,93270,,,,,,
20210514:0300,2021,05,14,03,8,589.8,115.55,23.51,56.15,852.73,359,0.21,242,93310,,,,,,
20210514:0400,2021,05,14,04,9,761.35,131.85,24.82,52.6,871.78,368.3,0.83,272,93330,,,,,,
20210514:0500,2021,05,14,05,10,783.1,213.8,25.94,49.3,669.05,377.95,1.38,270,93330,,,,,,
20210514:0600,2021,05,14,06,11,841.55,181.1,26.95,46.25,707.25,386.1,1.52,264,93320,,,,,,
20210514:0700,2021,05,14,07,12,848.9,197.9,27.9,43.4,674.46,399.45,1.93,254,93270,,,,,,
20210514:0800,2021,05,14,08,13,819.65,203.15,28.48,42.05,653.82,390.55,1.93,251,93260,,,,,,
20210514:0900,2021,05,14,09,14,664.1,183.05,28.83,40.65,553.92,398.1,1.72,245,93140,,,,,,
20210514:1000,2021,05,14,10,15,513.8,166.9,28.97,36.7,464.45,396.15,1.52,252,93100,,,,,,
20210514:1100,2021,05,14,11,16,315.7,126.45,28.57,35.3,322.65,396.15,1.17,308,93050,,,,,,
20210514:1200,2021,05,14,12,17,156.9,83.8,27.34,34.9,183.52,392.65,1.93,30,93050,,,,,,
20210514:1300,2021,05,14,13,18,18,16.4,26.07,37.2,8.2,380.45,0.83,90,93070,,,,,,
20210514:1400,2021,05,14,14,19,0,0,23.12,50.45,0,379.9,2.07,192,93160,,,,,,
20210514:1500,2021,05,14,15,20,0,0,21.61,59.7,0,368.65,2.34,181,93210,,,,,,
20210514:1600,2021,05,14,16,21,0,0,20.59,68.4,0,360.35,1.17,83,93250,,,,,,
20210514:1700,2021,05,14,17,22,0,0,20.08,68.3,0,351.25,2,52,93280,,,,,,
20210514:1800,2021,05,14,18,23,0,0,19.58,70.65,0,347.4,1.72,44,93270,,,,,,
20210514:1900,2021,05,14,19,0,0,0,19.02,81.05,0,344.3,1.45,56,93250,,,,,,
20210514:2000,2021,05,14,20,1,0,0,18.55,83.8,0,345.05,1.38,33,93220,,,,,,
20210514:2100,2021,05,14,21,2,0,0,18.32,83.8,0,353.2,1.38,2,93210,,,,,,
20210514:2200,2021,05,14,22,3,0,0,17.87,86.7,0,350.3,1.1,3,93230,,,,,,
20210514:2300,2021,05,14,23,4,0,0,18.03,83.75,0,353,1.59,15,93230,,,,,,
20210515:0000,2021,05,15,00,5,0,0,18.03,83.75,0,352.6,1.86,18,93240,,,,,,
20210515:0100,2021,05,15,01,6,181.35,75.7,18.09,86.7,651.57,342.85,1.31,17,93290,,,,,,
20210515:0200,2021,05,15,02,7,363.25,128.7,21.77,64,640.26,346.6,1.03,10,93340,,,,,,
20210515:0300,2021,05,15,03,8,562.65,173.35,24.28,52.5,697.92,355.1,0.83,359,93360,,,,,,
20210515:0400,2021,05,15,04,9,594.75,271.1,26.1,46,447.34,367.7,0.69,286,93390,,,,,,
20210515:0500,2021,05,15,05,10,416.85,306.15,27.01,43.15,129.91,384.55,2.69,256,93440,,,,,,
20210515:0600,2021,05,15,06,11,781.8,345.45,24.61,52.6,466.71,394.8,3.86,268,93540,,,,,,
20210515:0700,2021,05,15,07,12,779.4,273.2,27.03,44.7,523.86,387.25,1.59,292,93500,,,,,,
20210515:0800,2021,05,15,08,13,747.45,246.65,27.87,40.35,530.49,390.15,1.1,302,93440,,,,,,
20210515:0900,2021,05,15,09,14,705.45,201.15,28.27,36.45,579.87,387.85,0.28,272,93400,,,,,,
20210515:1000,2021,05,15,10,15,439.75,168.95,28.74,35.3,361.89,388.6,0.9,259,93330,,,,,,
20210515:1100,2021,05,15,11,16,269.35,114.15,28.17,32.75,263.87,392.65,1.52,243,93340,,,,,,
20210515:1200,2021,05,15,12,17,136.75,81.6,26.9,33.7,137.8,384.55,1.24,175,93330,,,,,,
20210515:1300,2021,05,15,13,18,36.55,24.3,26.42,34.8,62.12,380.65,0.76,213,93360,,,,,,
20210515:1400,2021,05,15,14,19,0,0,25.34,41.15,0,376.8,0.21,87,93410,,,,,,
20210515:1500,2021,05,15,15,20,0,0,23.88,45.6,0,370.4,0.9,70,93460,,,,,,
20210515:1600,2021,05,15,16,21,0,0,22.07,64.1,0,361.1,0.9,44,93530,,,,,,
20210515:1700,2021,05,15,17,22,0,0,21.5,59.7,0,359.55,1.45,17,93610,,,,,,
20210515:1800,2021,05,15,18,23,0,0,21.06,59.6,0,371.55,1.72,18,93620,,,,,,
20210515:1900,2021,05,15,19,0,0,0,20.34,68.4,0,359.2,1.72,44,93520,,,,,,
20210515:2000,2021,05,15,20,1,0,0,19.68,70.65,0,349.7,1.86,41,93490,,,,,,
20210515:2100,2021,05,15,21,2,0,0,19.13,73.05,0,351.25,1.86,35,93470,,,,,,
20210515:2200,2021,05,15,22,3,0,0,18.69,75.55,0,346.8,2,32,93450,,,,,,
20210515:2300,2021,05,15,23,4,0,0,18.37,75.55,0,346.4,2,34,93440,,,,,,
20210516:0000,2021,05,16,00,5,0,0,18.11,75.45,0,347,1.93,32,93460,,,,,,
20210516:0100,2021,05,16,01,6,190.05,71.95,18.34,75.55,718.96,336.65,1.72,27,93520,,,,,,
20210516:0200,2021,05,16,02,7,400.8,94.45,22.53,57.9,832.09,341.2,1.31,15,93540,,,,,,
20210516:0300,2021,05,16,03,8,595.65,120.05,26.1,37.2,850.24,349.7,1.31,339,93570,,,,,,
20210516:0400,2021,05,16,04,9,762.8,133.3,27.87,31.5,868.46,362.1,1.93,312,93620,,,,,,
20210516:0500,2021,05,16,05,10,788.75,182.6,29.18,28.65,710.35,369.05,2.28,304,93670,,,,,,
20210516:0600,2021,05,16,06,11,730.85,236.7,29.86,27.75,527.93,377.55,2.07,285,93680,,,,,,
20210516:0700,2021,05,16,07,12,795.65,276.8,28.93,29.7,536.38,391.1,2.83,226,93750,,,,,,
20210516:0800,2021,05,16,08,13,769.8,209.45,29.01,28.65,592.9,384.55,1.38,260,93690,,,,,,
20210516:0900,2021,05,16,09,14,634.5,236.25,29.71,26.75,457.31,400,1.24,334,93580,,,,,,
20210516:1000,2021,05,16,10,15,417.55,202.75,29.85,25.8,286.53,401.55,1.1,330,93520,,,,,,
20210516:1100,2021,05,16,11,16,206.45,160,29.53,24.9,78.76,396.35,0.97,259,93510,,,,,,
20210516:1200,2021,05,16,12,17,170,96.85,28.91,25.7,181.93,398.1,0.9,261,93470,,,,,,
20210516:1300,2021,05,16,13,18,47.25,27.15,28.42,27.5,100.82,378.35,1.38,350,93500,,,,,,
20210516:1400,2021,05,16,14,19,0,0,27.14,32.5,0,372.15,1.17,350,93530,,,,,,
20210516:1500,2021,05,16,15,20,0,0,24.83,54.45,0,363.85,0.9,4,93540,,,,,,
20210516:1600,2021,05,16,16,21,0,0,23.83,45.5,0,361.1,1.66,358,93600,,,,,,
20210516:1700,2021,05,16,17,22,0,0,22.37,45.25,0,352.4,2.14,5,93640,,,,,,
20210516:1800,2021,05,16,18,23,0,0,21.24,51.75,0,352,2.21,10,93650,,,,,,
20210516:1900,2021,05,16,19,0,0,0,20.37,59.5,0,346.6,2.14,341,93590,,,,,,
20210516:2000,2021,05,16,20,1,0,0,19.8,63.6,0,345.45,2.14,344,93580,,,,,,
20210516:2100,2021,05,16,21,2,0,0,19.26,65.75,0,342.15,2.21,348,93550,,,,,,
20210516:2200,2021,05,16,22,3,0,0,18.85,65.75,0,341,2.21,357,93560,,,,,,
20210516:2300,2021,05,16,23,4,0,0,18.48,68.05,0,339.65,2.28,2,93530,,,,,,
20210517:0000,2021,05,17,00,5,0,0,18.07,70.35,0,336.75,2.21,6,93530,,,,,,
20210517:0100,2021,05,17,01,6,193.9,69.55,18.34,72.95,747.75,335.9,1.86,4,93550,,,,,,
20210517:0200,2021,05,17,02,7,401.1,95.55,22.46,54,825.98,341.2,1.59,349,93590,,,,,,
20210517:0300,2021,05,17,03,8,602.2,114.9,25.75,38.45,868.83,348.95,2.07,330,93620,,,,,,
20210517:0400,2021,05,17,04,9,777.85,126.55,27.81,32.65,896.96,359.75,2.21,323,93630,,,,,,
20210517:0500,2021,05,17,05,10,900.55,135.9,29.46,27.75,894.93,368.3,2.07,313,93630,,,,,,
20210517:0600,2021,05,17,06,11,979.35,132.65,30.72,26.05,903.59,375.85,2,298,93630,,,,,,
20210517:0700,2021,05,17,07,12,971.35,139.25,31.08,23.5,859.32,375.85,2.21,299,93670,,,,,,
20210517:0800,2021,05,17,08,13,907.8,138.35,31.79,22.8,813.25,382.4,2.07,298,93620,,,,,,
20210517:0900,2021,05,17,09,14,781,139,32.2,22.1,736.21,384.95,1.79,300,93510,,,,,,
20210517:1000,2021,05,17,10,15,580.25,135.2,32.38,21.3,592.6,385.7,1.52,317,93450,,,,,,
20210517:1100,2021,05,17,11,16,399.9,127.45,32.22,19.1,460.72,385.5,1.31,328,93350,,,,,,
20210517:1200,2021,05,17,12,17,216.95,77.3,31.88,19.7,345.73,387.05,1.31,341,93320,,,,,,
20210517:1300,2021,05,17,13,18,52.55,28.8,31.02,21.05,117.86,377.75,1.52,334,93330,,,,,,
20210517:1400,2021,05,17,14,19,0,0,29.36,24.75,0,366.95,1.59,331,93360,,,,,,
20210517:1500,2021,05,17,15,20,0,0,27.6,30.35,0,364.8,1.31,348,93390,,,,,,
20210517:1600,2021,05,17,16,21,0,0,25.73,39.85,0,360.95,1.66,24,93420,,,,,,
20210517:1700,2021,05,17,17,22,0,0,24.48,36.95,0,358.8,2.14,36,93460,,,,,,
20210517:1800,2021,05,17,18,23,0,0,22.73,43.65,0,347.55,2.34,42,93470,,,,,,
20210517:1900,2021,05,17,19,0,0,0,21.8,50.05,0,343.9,2,29,93360,,,,,,
20210517:2000,2021,05,17,20,1,0,0,20.81,55.45,0,341.2,1.93,27,93360,,,,,,
20210517:2100,2021,05,17,21,2,0,0,19.9,59.35,0,338.65,1.86,24,93330,,,,,,
20210517:2200,2021,05,17,22,3,0,0,19.23,63.5,0,336.55,1.93,19,93300,,,,,,
20210517:2300,2021,05,17,23,4,0,0,18.77,63.4,0,334.6,2.14,18,93280,,,,,,
20210518:0000,2021,05,18,00,5,0,0,18.49,63.4,0,333.85,2.28,23,93270,,,,,,
20210518:0100,2021,05,18,01,6,199.7,68.8,18.88,65.75,778.01,332.95,2,29,93290,,,,,,
20210518:0200,2021,05,18,02,7,407.85,96.45,23.13,58,838.01,337.5,1.31,25,93290,,,,,,
20210518:0300,2021,05,18,03,8,610.55,114.9,27.99,29.4,881.48,348.55,1.24,6,93320,,,,,,
20210518:0400,2021,05,18,04,9,782.55,128.35,30.01,24.1,899.45,360.75,1.17,342,93330,,,,,,
20210518:0500,2021,05,18,05,10,908.5,136.65,31.48,20.45,902.24,371,1.03,306,93340,,,,,,
20210518:0600,2021,05,18,06,11,978.3,141.25,32.67,18.5,892.37,378.15,1.17,280,93350,,,,,,
20210518:0700,2021,05,18,07,12,980.25,143.9,33.35,17.95,862.86,381.85,1.72,291,93300,,,,,,
20210518:0800,2021,05,18,08,13,919.75,147.6,34.04,16.3,815.23,385.7,1.86,298,93250,,,,,,
20210518:0900,2021,05,18,09,14,791.4,143.65,34.33,16.3,741.84,387.45,1.93,300,93160,,,,,,
20210518:1000,2021,05,18,10,15,611.9,145.5,34.36,16.3,619.93,392.65,1.72,296,93120,,,,,,
20210518:1100,2021,05,18,11,16,376.8,125.9,34.07,15.1,423.16,386.85,1.66,271,93090,,,,,,
20210518:1200,2021,05,18,12,17,180.05,86.35,33.36,16.05,230.93,383.95,1.52,273,93110,,,,,,
20210518:1300,2021,05,18,13,18,51.65,27.1,32.13,17.1,120.57,390.55,1.1,343,93140,,,,,,
20210518:1400,2021,05,18,14,19,0,0,30.44,20.95,0,375.05,2,25,93150,,,,,,
20210518:1500,2021,05,18,15,20,0,0,28.24,27.35,0,372.55,2.55,45,93200,,,,,,
20210518:1600,2021,05,18,16,21,0,0,26.64,33.55,0,365,2.9,57,93230,,,,,,
20210518:1700,2021,05,18,17,22,0,0,25.55,39.85,0,361.1,3.03,60,93260,,,,,,
20210518:1800,2021,05,18,18,23,0,0,24.75,42.65,0,357.65,3.03,59,93270,,,,,,
20210518:1900,2021,05,18,19,0,0,0,24.6,42.65,0,355.9,3.1,53,93210,,,,,,
20210518:2000,2021,05,18,20,1,0,0,23.79,43.9,0,352,2.97,55,93180,,,,,,
20210518:2100,2021,05,18,21,2,0,0,23,43.75,0,350.3,2.76,55,93150,,,,,,
20210518:2200,2021,05,18,22,3,0,0,22.19,45.1,0,347.95,2.62,47,93140,,,,,,
20210518:2300,2021,05,18,23,4,0,0,21.41,46.6,0,347.2,2.48,39,93130,,,,,,
20210519:0000,2021,05,19,00,5,0,0,20.76,49.8,0,345.25,2.34,41,93140,,,,,,
20210519:0100,2021,05,19,01,6,194.4,68.95,20.99,51.75,737.45,347.1,1.93,52,93170,,,,,,
20210519:0200,2021,05,19,02,7,402.8,96.65,24.42,42.65,820.36,349.1,1.17,61,93210,,,,,,
20210519:0300,2021,05,19,03,8,598.5,114.35,27.98,28.35,858.97,359.2,0.69,116,93210,,,,,,
20210519:0400,2021,05,19,04,9,770.95,129.05,29.55,25.8,881.15,371.55,0.21,150,93220,,,,,,
20210519:0500,2021,05,19,05,10,898.3,135.2,31,23.5,890.96,381.85,0.34,286,93190,,,,,,
20210519:0600,2021,05,19,06,11,964.3,147.55,32.25,22.1,869.87,388.2,0.62,286,93160,,,,,,
20210519:0700,2021,05,19,07,12,950.9,138.05,32.65,19.9,837.82,387.25,2.55,315,93150,,,,,,
20210519:0800,2021,05,19,08,13,894.65,159.65,33.18,18.6,775.2,388.2,2.48,311,93090,,,,,,
20210519:0900,2021,05,19,09,14,704.35,154.65,33.54,18.05,628.74,392.45,2.69,304,93000,,,,,,
20210519:1000,2021,05,19,10,15,507.5,149.35,33.45,16.15,475.22,397.7,2.69,305,92950,,,,,,
20210519:1100,2021,05,19,11,16,360,114.15,33.13,15.45,413.57,393.85,2.41,305,92890,,,,,,
20210519:1200,2021,05,19,12,17,218.75,75.1,32.72,15.95,352.45,391.7,2.21,311,92850,,,,,,
20210519:1300,2021,05,19,13,18,46.65,28.8,31.92,17.6,86.77,379.1,1.93,328,92880,,,,,,
20210519:1400,2021,05,19,14,19,0,0,30.27,20.05,0,380.65,0.97,2,92940,,,,,,
20210519:1500,2021,05,19,15,20,0,0,28.57,23.75,0,371.75,1.17,95,92980,,,,,,
20210519:1600,2021,05,19,16,21,0,0,27.03,28.1,0,371.2,2.28,112,93030,,,,,,
20210519:1700,2021,05,19,17,22,0,0,25.71,35.8,0,368.1,2.62,114,93070,,,,,,
20210519:1800,2021,05,19,18,23,0,0,24.65,39.7,0,362.65,2.83,102,93090,,,,,,
20210519:1900,2021,05,19,19,0,0,0,23.92,50.7,0,353.4,3.52,115,93010,,,,,,
20210519:2000,2021,05,19,20,1,0,0,23.26,58,0,354.75,3.52,106,92980,,,,,,
20210519:2100,2021,05,19,21,2,0,0,22.83,59.95,0,355.9,3.45,104,92990,,,,,,
20210519:2200,2021,05,19,22,3,0,0,22.47,59.95,0,355.5,3.38,105,92980,,,,,,
20210519:2300,2021,05,19,23,4,0,0,22.05,61.95,0,355.1,3.24,106,93010,,,,,,
20210520:0000,2021,05,20,00,5,0,0,21.52,64,0,354.15,2.97,105,93010,,,,,,
20210520:0100,2021,05,20,01,6,195.1,69.75,21.78,64,729.23,352.5,2.62,106,93050,,,,,,
20210520:0200,2021,05,20,02,7,397.85,98.3,23.72,58.1,799.43,357.05,3.03,117,93080,,,,,,
20210520:0300,2021,05,20,03,8,597.05,117.7,25.66,52.75,848.53,365.55,2.83,126,93080,,,,,,
20210520:0400,2021,05,20,04,9,766.2,131.1,27.5,44.8,870.52,375.45,2.14,143,93100,,,,,,
20210520:0500,2021,05,20,05,10,895.9,135.4,29.09,40.75,886.95,385.5,1.24,175,93090,,,,,,
20210520:0600,2021,05,20,06,11,957.2,149.85,30.51,34.6,859.06,394,0.83,217,93070,,,,,,
20210520:0700,2021,05,20,07,12,961.15,153,31.3,33.55,832.22,400.4,1.93,287,92940,,,,,,
20210520:0800,2021,05,20,08,13,853.9,172.15,32.4,28.4,718.32,405.85,2.48,292,92900,,,,,,
20210520:0900,2021,05,20,09,14,744.55,150.2,32.94,24.75,678.96,405.45,2.83,296,92810,,,,,,
20210520:1000,2021,05,20,10,15,564.3,175.95,33.36,22.35,514.41,406.8,2.9,298,92820,,,,,,
20210520:1100,2021,05,20,11,16,400.7,107.1,33.29,20.05,492.62,404.45,2.62,299,92780,,,,,,
20210520:1200,2021,05,20,12,17,191.85,79.1,33.21,16.05,275.43,396.9,2.62,297,92810,,,,,,
20210520:1300,2021,05,20,13,18,44.8,25.5,32,17.1,92.89,392.1,2.28,4,92840,,,,,,
20210520:1400,2021,05,20,14,19,0,0,29.75,24,0,387.85,3.24,62,92870,,,,,,
20210520:1500,2021,05,20,15,20,0,0,27.9,29.4,0,380.3,3.24,86,92920,,,,,,
20210520:1600,2021,05,20,16,21,0,0,26.44,36.05,0,373.7,2.97,110,92990,,,,,,
20210520:1700,2021,05,20,17,22,0,0,24.8,45.75,0,355.3,2.69,113,93060,,,,,,
20210520:1800,2021,05,20,18,23,0,0,23.69,50.55,0,356.85,2.28,95,93080,,,,,,
20210520:1900,2021,05,20,19,0,0,0,22.98,58,0,351.85,2.07,78,93030,,,,,,
20210520:2000,2021,05,20,20,1,0,0,22.19,61.95,0,349.3,1.66,59,93030,,,,,,
20210520:2100,2021,05,20,21,2,0,0,21.62,61.85,0,350.65,2.14,51,93060,,,,,,
20210520:2200,2021,05,20,22,3,0,0,21.22,61.7,0,348.35,2.69,66,93090,,,,,,
20210520:2300,2021,05,20,23,4,0,0,21.13,57.55,0,349.5,3.03,67,93090,,,,,,
20210521:0000,2021,05,21,00,5,0,0,20.77,57.45,0,347.2,2.62,62,93090,,,,,,
20210521:0100,2021,05,21,01,6,199.2,68.85,20.95,55.55,750.91,346.15,1.93,67,93160,,,,,,
20210521:0200,2021,05,21,02,7,401.05,98.5,23.62,47.15,804.36,348.55,1.59,79,93200,,,,,,
20210521:0300,2021,05,21,03,8,590.5,126.2,26.15,38.55,820.14,358,2.14,76,93260,,,,,,
20210521:0400,2021,05,21,04,9,764.2,129.35,27.89,35.05,868.96,369.05,2.34,77,93300,,,,,,
20210521:0500,2021,05,21,05,10,843.7,183.25,29.28,31.85,769.46,379.1,1.38,108,93290,,,,,,
20210521:0600,2021,05,21,06,11,975.45,142.85,30.46,29,885.14,391.9,1.59,166,93290,,,,,,
20210521:0700,2021,05,21,07,12,943.05,154.1,31.34,21.85,811.75,380.3,1.17,254,93300,,,,,,
20210521:0800,2021,05,21,08,13,889.9,155,32.12,19.1,773.56,382.6,1.45,255,93250,,,,,,
20210521:0900,2021,05,21,09,14,763.55,149.6,32.61,17.2,700.5,383.95,1.59,267,93190,,,,,,
20210521:1000,2021,05,21,10,15,584.55,149.85,32.81,16.55,574.84,385.7,1.79,279,93150,,,,,,
20210521:1100,2021,05,21,11,16,413.15,111.05,32.62,15.95,505.61,377.4,1.66,298,93120,,,,,,
20210521:1200,2021,05,21,12,17,172.35,96.4,32.16,15.85,184.73,374.3,1.66,354,93130,,,,,,
20210521:1300,2021,05,21,13,18,47.15,31.2,31.15,16.85,76.02,375.25,2.55,31,93160,,,,,,
20210521:1400,2021,05,21,14,19,0,0,29,22.2,0,367.9,2.76,56,93200,,,,,,
20210521:1500,2021,05,21,15,20,0,0,26.99,29.15,0,356.85,2.48,73,93280,,,,,,
20210521:1600,2021,05,21,16,21,0,0,25.51,37.1,0,354.35,2.48,88,93280,,,,,,
20210521:1700,2021,05,21,17,22,0,0,24.19,42.5,0,346.4,2.62,84,93300,,,,,,
20210521:1800,2021,05,21,18,23,0,0,23.19,47,0,342.35,2.83,72,93280,,,,,,
20210521:1900,2021,05,21,19,0,0,0,22.76,43.65,0,334,2.28,66,93230,,,,,,
20210521:2000,2021,05,21,20,1,0,0,21.91,45.1,0,332.65,2.28,53,93210,,,,,,
20210521:2100,2021,05,21,21,2,0,0,21.08,49.95,0,331.1,2.28,45,93230,,,,,,
20210521:2200,2021,05,21,22,3,0,0,20.35,51.65,0,329.55,2.21,44,93230,,,,,,
20210521:2300,2021,05,21,23,4,0,0,19.73,55.2,0,328,2.21,43,93280,,,,,,
20210522:0000,2021,05,22,00,5,0,0,19.21,57.1,0,328.4,2.28,46,93300,,,,,,
20210522:0100,2021,05,22,01,6,204.95,70.4,19.67,57.2,767.99,327.15,2,50,93360,,,,,,
20210522:0200,2021,05,22,02,7,412,97.55,23.73,43.9,832.99,333.05,1.38,55,93410,,,,,,
20210522:0300,2021,05,22,03,8,613,115.75,27.65,28.25,876.59,345.65,1.1,60,93440,,,,,,
20210522:0400,2021,05,22,04,9,785.8,129.15,29.38,23.85,897.62,358.4,0.62,61,93440,,,,,,
20210522:0500,2021,05,22,05,10,895,151.1,30.76,20.95,865.84,368.1,0.48,18,93430,,,,,,
20210522:0600,2021,05,22,06,11,952.25,173.5,31.9,18.3,827.2,377.4,0.69,351,93420,,,,,,
20210522:0700,2021,05,22,07,12,900.8,221.1,32.08,18.4,698.76,384.35,0.62,312,93470,,,,,,
20210522:0800,2021,05,22,08,13,843.85,201.35,31.94,19.8,675.67,389.55,1.45,334,93420,,,,,,
20210522:0900,2021,05,22,09,14,693.45,189.55,32.31,18.4,574.25,390.15,2.21,355,93350,,,,,,
20210522:1000,2021,05,22,10,15,504.95,237.55,32.32,17.1,353.03,392.1,2.21,351,93270,,,,,,
20210522:1100,2021,05,22,11,16,248.4,175.8,32.01,15.85,121.2,392.1,2.69,360,93200,,,,,,
20210522:1200,2021,05,22,12,17,104.6,93,31.26,16.85,28.09,393.45,2.41,359,93170,,,,,,
20210522:1300,2021,05,22,13,18,35.7,28.05,30.19,17.95,36.11,397.1,0.97,293,93180,,,,,,
20210522:1400,2021,05,22,14,19,0.05,0.05,28.67,22.9,0,389.75,1.38,255,93180,,,,,,
20210522:1500,2021,05,22,15,20,0,0,26.95,28.1,0,370.4,1.31,276,93200,,,,,,
20210522:1600,2021,05,22,16,21,0,0,25.6,33.3,0,361.3,1.24,310,93240,,,,,,
20210522:1700,2021,05,22,17,22,0,0,24.57,36.95,0,366.35,1.38,335,93270,,,,,,
20210522:1800,2021,05,22,18,23,0,0,23.47,40.9,0,358,1.72,351,93250,,,,,,
20210522:1900,2021,05,22,19,0,0,0,21.99,59.8,0,371.75,1.24,342,93210,,,,,,
20210522:2000,2021,05,22,20,1,0,0,21.78,61.85,0,374.45,1.38,3,93170,,,,,,
20210522:2100,2021,05,22,21,2,0,0,21.59,59.7,0,374.85,1.59,26,93160,,,,,,
20210522:2200,2021,05,22,22,3,0,0,21.45,57.65,0,375.65,1.59,54,93170,,,,,,
20210522:2300,2021,05,22,23,4,0,0,21.29,57.55,0,379.5,1.45,64,93170,,,,,,
20210523:0000,2021,05,23,00,5,0,0,21.12,59.6,0,373.5,0.21,81,93250,,,,,,
20210523:0100,2021,05,23,01,6,145.6,93.7,20.4,68.4,293.68,378.45,0.41,38,93360,,,,,,
20210523:0200,2021,05,23,02,7,346.45,134,21.73,64,560.89,367.5,2.21,43,93400,,,,,,
20210523:0300,2021,05,23,03,8,520.75,186.9,24.2,47.25,587.44,364.8,3.03,42,93480,,,,,,
20210523:0400,2021,05,23,04,9,563.05,250.1,25.76,41.25,427.27,372.95,2.9,40,93490,,,,,,
20210523:0500,2021,05,23,05,10,603.9,332.55,26.25,38.55,315.54,387.85,2.14,50,93550,,,,,,
20210523:0600,2021,05,23,06,11,842.8,264.95,27.08,36.2,613.32,399.65,1.17,118,93580,,,,,,
20210523:0700,2021,05,23,07,12,793.6,306.55,28.89,31.75,500.31,381.25,2,93,93550,,,,,,
20210523:0800,2021,05,23,08,13,662.65,324.6,28.63,30.65,355.18,391.9,1.86,103,93540,,,,,,
20210523:0900,2021,05,23,09,14,484.15,262.9,25.15,50.8,251.85,394.8,2.28,111,93560,,,,,,
20210523:1000,2021,05,23,10,15,422.15,194.15,25.39,47.5,300.52,385.5,1.86,88,93520,,,,,,
20210523:1100,2021,05,23,11,16,313.05,145.9,26.24,44.45,278.37,391.1,2.55,73,93440,,,,,,
20210523:1200,2021,05,23,12,17,164.3,94.75,26.54,41.55,167.74,387.65,2.07,56,93380,,,,,,
20210523:1300,2021,05,23,13,18,48.4,29.8,26.25,42.9,86.98,382,1.38,50,93440,,,,,,
20210523:1400,2021,05,23,14,19,0.05,0.05,25.38,45.9,0,375.05,0.9,26,93460,,,,,,
20210523:1500,2021,05,23,15,20,0,0,24.19,52.5,0,370.8,1.45,16,93510,,,,,,
20210523:1600,2021,05,23,16,21,0,0,22.73,59.95,0,358,2,16,93530,,,,,,
20210523:1700,2021,05,23,17,22,0,0,21.45,64,0,353.2,2,11,93560,,,,,,
20210523:1800,2021,05,23,18,23,0,0,20.42,68.4,0,345.05,1.93,7,93550,,,,,,
20210523:1900,2021,05,23,19,0,0,0,20.33,63.8,0,342.75,2.07,346,93570,,,,,,
20210523:2000,2021,05,23,20,1,0,0,19.81,68.2,0,342.15,2.21,345,93560,,,,,,
20210523:2100,2021,05,23,21,2,0,0,19.34,68.2,0,340,2.28,355,93520,,,,,,
20210523:2200,2021,05,23,22,3,0,0,18.85,70.55,0,338.85,2.14,2,93510,,,,,,
20210523:2300,2021,05,23,23,4,0,0,18.52,72.95,0,342.75,2,357,93520,,,,,,
20210524:0000,2021,05,24,00,5,0,0,18.23,75.45,0,341.2,2,358,93540,,,,,,
20210524:0100,2021,05,24,01,6,203.15,70.95,18.65,75.55,742,336.05,1.66,2,93590,,,,,,
20210524:0200,2021,05,24,02,7,408.05,99.1,22.19,53.85,813.08,337.3,1.66,349,93610,,,,,,
20210524:0300,2021,05,24,03,8,606.35,118.65,24.83,41.15,856.65,346.2,1.86,331,93640,,,,,,
20210524:0400,2021,05,24,04,9,776.65,132.2,26.77,36.05,878.87,355.9,2.07,321,93630,,,,,,
20210524:0500,2021,05,24,05,10,906,136.85,28.29,31.6,893.65,364.6,2.34,307,93640,,,,,,
20210524:0600,2021,05,24,06,11,971.45,145.55,29.41,29.7,875.94,369.65,2.48,296,93620,,,,,,
20210524:0700,2021,05,24,07,12,957.75,159.15,29.91,27.75,819.73,370.2,3.17,304,93630,,,,,,
20210524:0800,2021,05,24,08,13,910.7,157.5,30.46,26.05,790.67,376.4,3.31,306,93580,,,,,,
20210524:0900,2021,05,24,09,14,753,162.3,30.78,25.15,671.63,377.95,3.1,311,93480,,,,,,
20210524:1000,2021,05,24,10,15,623,142.75,30.87,24.25,632,372.75,3.1,316,93400,,,,,,
20210524:1100,2021,05,24,11,16,426.65,111.6,30.66,22.55,523.42,376.6,3.17,324,93360,,,,,,
20210524:1200,2021,05,24,12,17,201.95,95.8,30.34,21.6,254.97,366.95,3.59,326,93300,,,,,,
20210524:1300,2021,05,24,13,18,50.2,37.6,29.36,22.2,58.39,369.25,3.1,329,93310,,,,,,
20210524:1400,2021,05,24,14,19,0.05,0.05,27.6,26.25,0,367.9,2.07,337,93280,,,,,,
20210524:1500,2021,05,24,15,20,0,0,25.7,30.95,0,347,2.21,353,93290,,,,,,
20210524:1600,2021,05,24,16,21,0,0,24.24,35.5,0,341.75,2.28,4,93290,,,,,,
20210524:1700,2021,05,24,17,22,0,0,22.82,40.6,0,337.9,2.21,12,93310,,,,,,
20210524:1800,2021,05,24,18,23,0,0,21.39,44.95,0,333.65,2.21,15,93290,,,,,,
20210524:1900,2021,05,24,19,0,0,0,20.39,48.05,0,326.1,1.93,16,93290,,,,,,
20210524:2000,2021,05,24,20,1,0,0,19.43,53.25,0,325.7,1.79,14,93260,,,,,,
20210524:2100,2021,05,24,21,2,0,0,18.76,56.95,0,324.75,1.93,21,93220,,,,,,
20210524:2200,2021,05,24,22,3,0,0,18.24,54.85,0,323.2,2.14,30,93200,,,,,,
20210524:2300,2021,05,24,23,4,0,0,17.74,56.75,0,321.65,2.28,37,93190,,,,,,
20210525:0000,2021,05,25,00,5,0,0,17.19,58.7,0,320.1,2.34,43,93180,,,,,,
20210525:0100,2021,05,25,01,6,211.5,72.3,17.46,63.2,775.38,318.65,2,46,93220,,,,,,
20210525:0200,2021,05,25,02,7,420.9,100.25,21.93,61.95,841.39,322.8,1.24,39,93240,,,,,,
20210525:0300,2021,05,25,03,8,624.45,119.15,27.31,25.2,886.13,333.45,1.17,14,93260,,,,,,
20210525:0400,2021,05,25,04,9,797.4,132.45,29.12,20.6,905.87,343.5,1.79,333,93260,,,,,,
20210525:0500,2021,05,25,05,10,924.05,141.3,30.41,18.65,908.73,351.05,2.28,313,93260,,,,,,
20210525:0600,2021,05,25,06,11,993.1,144.75,31.41,17.5,899.12,356.3,2.48,302,93250,,,,,,
20210525:0700,2021,05,25,07,12,980.25,164.65,32.1,16.45,836.58,361.1,2.97,304,93240,,,,,,
20210525:0800,2021,05,25,08,13,937.6,147.05,32.71,15.95,829.17,368.1,3.17,306,93180,,,,,,
20210525:0900,2021,05,25,09,14,824.05,133.95,33.06,14.35,783.78,364,3.03,312,93120,,,,,,
20210525:1000,2021,05,25,10,15,659.2,120.55,33.2,13.8,707.76,362.65,3.03,312,93060,,,,,,
20210525:1100,2021,05,25,11,16,457.8,103,33.09,13.3,588.07,359.75,3.17,317,93030,,,,,,
20210525:1200,2021,05,25,12,17,246.25,77.25,32.61,14.25,404.3,357.65,3.1,327,92980,,,,,,
20210525:1300,2021,05,25,13,18,65.15,33.4,31.51,16.35,145.81,354.15,2.34,339,93010,,,,,,
20210525:1400,2021,05,25,14,19,0.15,0.15,29.57,19.95,0,349.9,1.86,351,93000,,,,,,
20210525:1500,2021,05,25,15,20,0,0,27.58,23.5,0,345.05,1.93,13,93010,,,,,,
20210525:1600,2021,05,25,16,21,0,0,25.62,29.85,0,342.75,2.21,32,93020,,,,,,
20210525:1700,2021,05,25,17,22,0,0,23.53,35.4,0,340,2.34,40,93040,,,,,,
20210525:1800,2021,05,25,18,23,0,0,21.82,43.4,0,336.75,2.28,43,93010,,,,,,
20210525:1900,2021,05,25,19,0,0,0,21.83,43.4,0,335.55,2.21,33,92980,,,,,,
20210525:2000,2021,05,25,20,1,0,0,20.87,46.5,0,331.9,2.34,34,92940,,,,,,
20210525:2100,2021,05,25,21,2,0,0,20.01,51.5,0,329.2,2.34,34,92910,,,,,,
20210525:2200,2021,05,25,22,3,0,0,19.23,55.05,0,326.1,2.21,35,92890,,,,,,
20210525:2300,2021,05,25,23,4,0,0,18.56,56.95,0,323.2,2.28,38,92890,,,,,,
20210526:0000,2021,05,26,00,5,0,0,18,58.9,0,321.05,2.34,42,92880,,,,,,
20210526:0100,2021,05,26,01,6,212.85,72.85,18.35,61.2,774.34,319.8,1.93,45,92940,,,,,,
20210526:0200,2021,05,26,02,7,422.55,100.7,22.82,59.95,842.23,324.75,1.03,38,92970,,,,,,
20210526:0300,2021,05,26,03,8,625.8,119.75,28.62,24.65,886.12,336.35,0.97,2,93010,,,,,,
20210526:0400,2021,05,26,04,9,798.35,133.25,30.81,18.75,905.2,348.15,1.79,332,93010,,,,,,
20210526:0500,2021,05,26,05,10,924.15,142.3,32.46,15.35,907.02,356.85,2.55,323,93020,,,,,,
20210526:0600,2021,05,26,06,11,992.4,142.15,33.69,13.4,900.55,363.05,2.97,318,92980,,,,,,
20210526:0700,2021,05,26,07,12,998.5,145.7,34.31,13.5,874.13,368.1,2.97,321,93010,,,,,,
20210526:0800,2021,05,26,08,13,937.4,140.95,35.03,11.8,834.68,371.75,3.1,316,92950,,,,,,
20210526:0900,2021,05,26,09,14,819.5,132,35.42,11.35,779.98,373.5,3.38,313,92870,,,,,,
20210526:1000,2021,05,26,10,15,664.45,116.3,35.5,10.9,719.14,372.75,3.45,311,92830,,,,,,
20210526:1100,2021,05,26,11,16,449,112.2,35.28,10.5,556.94,371,3.38,313,92760,,,,,,
20210526:1200,2021,05,26,12,17,247.15,78.85,34.63,11.25,401.03,370,3.17,317,92750,,,,,,
20210526:1300,2021,05,26,13,18,66.85,34.25,33.46,13.9,148.42,364.6,2,315,92760,,,,,,
20210526:1400,2021,05,26,14,19,0.2,0.2,31.45,16.95,0,354.75,1.45,331,92750,,,,,,
20210526:1500,2021,05,26,15,20,0,0,29.62,19.95,0,347.75,1.38,8,92800,,,,,,
20210526:1600,2021,05,26,16,21,0,0,27.72,24.4,0,345.25,1.86,30,92830,,,,,,
20210526:1700,2021,05,26,17,22,0,0,26.02,27.85,0,343.1,2.28,42,92880,,,,,,
20210526:1800,2021,05,26,18,23,0,0,23.96,33,0,341,2.48,48,92870,,,,,,
20210526:1900,2021,05,26,19,0,0,0,23.09,36.55,0,339.05,2.28,44,92810,,,,,,
20210526:2000,2021,05,26,20,1,0,0,21.97,41.95,0,336.95,2.28,41,92790,,,,,,
20210526:2100,2021,05,26,21,2,0,0,21.13,46.5,0,335.2,2.28,35,92770,,,,,,
20210526:2200,2021,05,26,22,3,0,0,20.62,48.05,0,333.05,2.34,32,92780,,,,,,
20210526:2300,2021,05,26,23,4,0,0,20.27,49.7,0,331.1,2.48,34,92780,,,,,,
20210527:0000,2021,05,27,00,5,0,0,19.8,51.4,0,329,2.48,39,92790,,,,,,
20210527:0100,2021,05,27,01,6,213.3,73.15,20.07,53.35,770.09,327.75,2.07,42,92860,,,,,,
20210527:0200,2021,05,27,02,7,422.7,101.05,24.35,52.5,839.57,332.1,0.97,31,92910,,,,,,
20210527:0300,2021,05,27,03,8,625,120.05,30.31,22.4,882.97,343.1,0.83,337,92970,,,,,,
20210527:0400,2021,05,27,04,9,796.6,133.6,32.61,15.95,901.53,356.1,1.72,313,93010,,,,,,
20210527:0500,2021,05,27,05,10,921.8,141.15,34.28,14,905.01,365.55,2.48,313,93020,,,,,,
20210527:0600,2021,05,27,06,11,989.45,145.55,35.6,12.25,893.28,372.75,2.9,315,93020,,,,,,
20210527:0700,2021,05,27,07,12,995.7,145.55,36.24,11.9,870.85,377.2,3.38,314,93030,,,,,,
20210527:0800,2021,05,27,08,13,934.7,143.6,36.82,11.1,828.41,380.3,3.45,315,92990,,,,,,
20210527:0900,2021,05,27,09,14,817.9,135.8,37.1,10.35,773.04,381.85,3.45,315,92920,,,,,,
20210527:1000,2021,05,27,10,15,647.6,137.5,37.17,10,668.22,381.65,3.38,315,92880,,,,,,
20210527:1100,2021,05,27,11,16,456.85,105.35,36.9,9.9,579.92,380.1,3.31,316,92830,,,,,,
20210527:1200,2021,05,27,12,17,247.65,80.25,36.34,10.2,397.34,376.8,3.1,318,92810,,,,,,
20210527:1300,2021,05,27,13,18,63.55,41.35,35.02,11.8,100.21,373.1,2.07,312,92820,,,,,,
20210527:1400,2021,05,27,14,19,0.25,0.25,33.02,14.9,0,372.75,1.38,325,92830,,,,,,
20210527:1500,2021,05,27,15,20,0,0,31.25,16.85,0,365.4,1.72,6,92850,,,,,,
20210527:1600,2021,05,27,16,21,0,0,29.39,19.85,0,359.55,2.48,31,92880,,,,,,
20210527:1700,2021,05,27,17,22,0,0,27.21,23.4,0,356.3,2.69,40,92910,,,,,,
20210527:1800,2021,05,27,18,23,0,0,25.34,29.7,0,355.7,2.69,40,92910,,,,,,
20210527:1900,2021,05,27,19,0,0,0,25.13,31.95,0,362.1,2.34,42,92870,,,,,,
20210527:2000,2021,05,27,20,1,0,0,24.27,36.8,0,366.95,2,40,92860,,,,,,
20210527:2100,2021,05,27,21,2,0,0,23.15,42.25,0,356.85,1.66,27,92830,,,,,,
20210527:2200,2021,05,27,22,3,0,0,22.32,46.75,0,351.05,1.59,12,92850,,,,,,
20210527:2300,2021,05,27,23,4,0,0,21.8,46.6,0,346,1.79,12,92810,,,,,,
20210528:0000,2021,05,28,00,5,0,0,21.52,44.95,0,342.75,2.21,22,92840,,,,,,
20210528:0100,2021,05,28,01,6,211.6,72.65,22.05,45.1,758.87,342.05,2.14,32,92900,,,,,,
20210528:0200,2021,05,28,02,7,420.45,100.5,26.15,42.9,833.19,345.85,1.38,26,92940,,,,,,
20210528:0300,2021,05,28,03,8,620.2,119,31.71,21.2,875.31,356.1,1.38,5,92990,,,,,,
20210528:0400,2021,05,28,04,9,790.25,133.25,34.15,15.7,892.65,368.5,1.86,342,93000,,,,,,
20210528:0500,2021,05,28,05,10,914.5,142.55,35.91,13.7,894.37,378.35,2.28,329,93020,,,,,,
20210528:0600,2021,05,28,06,11,979.85,146.55,37.27,12.5,881.56,385.7,2.55,322,93030,,,,,,
20210528:0700,2021,05,28,07,12,990.55,139.2,37.64,12.6,871.54,394.4,1.52,316,93020,,,,,,
20210528:0800,2021,05,28,08,13,909.3,153.25,38.32,11.8,791.11,396.35,1.79,313,92990,,,,,,
20210528:0900,2021,05,28,09,14,587.55,251.65,38.68,10.6,380.3,401,2.21,303,92920,,,,,,
20210528:1000,2021,05,28,10,15,495.1,245.8,38.4,10.95,326.1,413.95,2.62,297,92920,,,,,,
20210528:1100,2021,05,28,11,16,396.25,162.65,38.22,10.95,384.54,407.4,2.69,310,92870,,,,,,
20210528:1200,2021,05,28,12,17,237.4,80.15,37.75,10.85,371.82,401.4,2.28,321,92850,,,,,,
20210528:1300,2021,05,28,13,18,65.15,36,36.49,12.9,130.49,388.6,1.31,318,92850,,,,,,
20210528:1400,2021,05,28,14,19,0.35,0.35,34.71,14.65,0,380.65,1.1,325,92860,,,,,,
20210528:1500,2021,05,28,15,20,0,0,32.72,16.55,0,373.5,1.31,356,92890,,,,,,
20210528:1600,2021,05,28,16,21,0,0,30.79,18.75,0,371.2,1.93,28,92930,,,,,,
20210528:1700,2021,05,28,17,22,0,0,28.47,23.75,0,365,2.41,45,92960,,,,,,
20210528:1800,2021,05,28,18,23,0,0,26.35,31.1,0,369.85,2.28,52,92950,,,,,,
20210528:1900,2021,05,28,19,0,0,0,26.75,32.35,0,359.4,1.38,60,92900,,,,,,
20210528:2000,2021,05,28,20,1,0,0,25.33,35.65,0,357.65,1.79,67,92870,,,,,,
20210528:2100,2021,05,28,21,2,0,0,24.36,38.15,0,355.5,2.21,68,92860,,,,,,
20210528:2200,2021,05,28,22,3,0,0,23.37,40.9,0,353.55,2.21,68,92860,,,,,,
20210528:2300,2021,05,28,23,4,0,0,22.6,43.65,0,351.85,2.21,67,92870,,,,,,
20210529:0000,2021,05,29,00,5,0,0,22.04,45.1,0,350.3,2.28,67,92910,,,,,,
20210529:0100,2021,05,29,01,6,208.75,72.45,22.62,45.25,740.25,349.4,1.93,69,92980,,,,,,
20210529:0200,2021,05,29,02,7,413.1,100.45,27.21,36.2,812.44,353.55,1.52,81,93030,,,,,,
20210529:0300,2021,05,29,03,8,612.15,118.9,32.23,19.8,860.45,365,1.79,108,93080,,,,,,
20210529:0400,2021,05,29,04,9,780.45,132.45,34.56,15.8,879.77,378.15,2.62,124,93110,,,,,,
20210529:0500,2021,05,29,05,10,905.55,139.5,36.11,15.45,887.03,388.8,3.1,130,93130,,,,,,
20210529:0600,2021,05,29,06,11,967.3,144.35,37.33,15.05,870.15,396.95,3.17,135,93110,,,,,,
20210529:0700,2021,05,29,07,12,960.25,149.7,37.6,18.85,829.29,405.65,3.86,148,93070,,,,,,
20210529:0800,2021,05,29,08,13,895.3,149.15,38.14,18.3,780.18,412.8,3.24,156,93040,,,,,,
20210529:0900,2021,05,29,09,14,734.6,169.35,38.42,17.65,639.32,419.95,2.14,166,93010,,,,,,
20210529:1000,2021,05,29,10,15,544.85,169.7,38.13,16.4,490.01,427.1,0.69,152,92990,,,,,,
20210529:1100,2021,05,29,11,16,392.2,126.8,37,18.1,435.93,424.6,2.48,65,93010,,,,,,
20210529:1200,2021,05,29,12,17,191.8,88,36.02,21.35,244.52,420.9,4.48,72,92990,,,,,,
20210529:1300,2021,05,29,13,18,52.45,31.3,34.45,25.1,93.92,407.75,3.59,81,93000,,,,,,
20210529:1400,2021,05,29,14,19,0.35,0.35,32.55,30.6,0,401.2,2.62,82,93000,,,,,,
20210529:1500,2021,05,29,15,20,0,0,30.49,37.1,0,385.9,2.76,75,93040,,,,,,
20210529:1600,2021,05,29,16,21,0,0,28.91,42.05,0,381.85,2.62,71,93070,,,,,,
20210529:1700,2021,05,29,17,22,0,0,27.47,44.8,0,373.5,2.41,67,93090,,,,,,
20210529:1800,2021,05,29,18,23,0,0,26.25,51.05,0,371.95,2.14,63,93100,,,,,,
20210529:1900,2021,05,29,19,0,0,0,26.05,47.65,0,366.35,2,75,93030,,,,,,
20210529:2000,2021,05,29,20,1,0,0,25.24,50.8,0,365.75,2.21,61,93010,,,,,,
20210529:2100,2021,05,29,21,2,0,0,24.46,50.8,0,365.55,2.34,52,93010,,,,,,
20210529:2200,2021,05,29,22,3,0,0,23.83,56.15,0,364.8,2.34,53,93020,,,,,,
20210529:2300,2021,05,29,23,4,0,0,23.33,58,0,363.25,2.28,59,93030,,,,,,
20210530:0000,2021,05,30,00,5,0,0,23.08,56,0,361.9,2.34,69,93050,,,,,,
20210530:0100,2021,05,30,01,6,203.7,72.05,24.11,52.5,711.34,362.2,2.14,81,93120,,,,,,
20210530:0200,2021,05,30,02,7,403.35,99.55,28.46,39.25,787.92,369.65,2,104,93140,,,,,,
20210530:0300,2021,05,30,03,8,597.45,119.2,31.44,32.55,833.42,382.8,3.24,128,93170,,,,,,
20210530:0400,2021,05,30,04,9,764.3,133,32.91,32.8,856.54,396.55,3.31,136,93200,,,,,,
20210530:0500,2021,05,30,05,10,888.2,139.1,34.23,29.9,866.96,406.4,2.69,142,93190,,,,,,
20210530:0600,2021,05,30,06,11,933.05,167.85,35.35,27.2,808.69,416.45,1.86,150,93170,,,,,,
20210530:0700,2021,05,30,07,12,911.95,183.85,35.33,27.2,744.52,419.2,2.14,164,93190,,,,,,
20210530:0800,2021,05,30,08,13,869.35,164.3,35.93,26.25,736.68,424.6,1.66,184,93150,,,,,,
20210530:0900,2021,05,30,09,14,769.1,148.15,36.34,23.75,701.64,421.7,1.31,210,93060,,,,,,
20210530:1000,2021,05,30,10,15,606.95,135.2,36.58,22.25,615.32,425.75,1.17,251,92980,,,,,,
20210530:1100,2021,05,30,11,16,404.85,104.1,36.59,20,492.93,420.15,1.24,286,92920,,,,,,
20210530:1200,2021,05,30,12,17,189.7,97.55,36.53,17.3,216.29,413.95,1.66,306,92870,,,,,,
20210530:1300,2021,05,30,13,18,54.7,36.95,35.59,17.75,78.2,422.1,1.24,317,92880,,,,,,
20210530:1400,2021,05,30,14,19,0.35,0.35,33.81,21.65,0,407.2,0.28,265,92850,,,,,,
20210530:1500,2021,05,30,15,20,0,0,32.2,24.6,0,405.25,0.9,160,92880,,,,,,
20210530:1600,2021,05,30,16,21,0,0,30.63,29,0,394.4,1.72,154,92890,,,,,,
20210530:1700,2021,05,30,17,22,0,0,29.05,35.45,0,385.7,1.72,142,92920,,,,,,
20210530:1800,2021,05,30,18,23,0,0,27.72,41.8,0,376,1.72,97,92910,,,,,,
20210530:1900,2021,05,30,19,0,0,0,26.59,36.05,0,365.2,1.52,90,92860,,,,,,
20210530:2000,2021,05,30,20,1,0,0,25.5,39.85,0,362.1,1.66,73,92850,,,,,,
20210530:2100,2021,05,30,21,2,0,0,24.82,41.15,0,360.75,2.07,69,92840,,,,,,
20210530:2200,2021,05,30,22,3,0,0,24.17,42.5,0,358.2,2.21,72,92810,,,,,,
20210530:2300,2021,05,30,23,4,0,0,23.8,43.9,0,356.5,2.34,79,92810,,,,,,
20210531:0000,2021,05,31,00,5,0,0,23.32,47,0,355.1,2.34,86,92810,,,,,,
20210531:0100,2021,05,31,01,6,206.35,72.55,23.82,48.8,719.6,355.4,2.07,92,92850,,,,,,
20210531:0200,2021,05,31,02,7,408,100.4,27.82,40.35,796.38,361.5,1.86,107,92870,,,,,,
20210531:0300,2021,05,31,03,8,604.65,119.6,30.79,33.4,844.5,373.1,2.28,125,92890,,,,,,
20210531:0400,2021,05,31,04,9,772.6,133.15,32.62,28.5,867.09,384.95,2.34,138,92900,,,,,,
20210531:0500,2021,05,31,05,10,896.6,141.2,33.96,25.1,873.86,395,1.59,152,92880,,,,,,
20210531:0600,2021,05,31,06,11,909.75,170.55,35.04,22.8,780.87,402.9,0.9,169,92860,,,,,,
20210531:0700,2021,05,31,07,12,930.6,200.9,35.43,25.35,745.77,415.3,0.41,196,92810,,,,,,
20210531:0800,2021,05,31,08,13,813.65,216.9,36.25,22.95,623.1,418,1.24,250,92750,,,,,,
20210531:0900,2021,05,31,09,14,715.45,172.2,36.87,20,613.26,419.2,1.79,274,92650,,,,,,
20210531:1000,2021,05,31,10,15,519.8,164,37.31,16.8,463.45,419.95,2.48,304,92610,,,,,,
20210531:1100,2021,05,31,11,16,305.35,131,36.78,14.4,285.16,422.3,2.62,329,92580,,,,,,
20210531:1200,2021,05,31,12,17,167.75,79.9,36.09,13.3,205.46,418.8,0.97,308,92590,,,,,,
20210531:1300,2021,05,31,13,18,48.75,37.8,34.88,15.2,47.87,409.1,1.38,187,92610,,,,,,
20210531:1400,2021,05,31,14,19,0.5,0.5,32.85,22.2,0,402.15,2.21,147,92670,,,,,,
20210531:1500,2021,05,31,15,20,0,0,30.35,29.95,0,381.25,3.03,128,92740,,,,,,
20210531:1600,2021,05,31,16,21,0,0,24.45,61.78,0,364.13,1.77,114,92790,,,,,,
20210531:1700,2021,05,31,17,22,0,0,24.59,60.6,0,365.17,1.92,97,92840,,,,,,
20210531:1800,2021,05,31,18,23,0,0,24.74,59.41,0,366.22,2.08,84,92860,,,,,,
20210531:1900,2021,05,31,19,0,0,0,24.89,58.23,0,367.26,2.23,84,92890,,,,,,
20210531:2000,2021,05,31,20,1,0,0,25.04,57.05,0,368.31,2.39,80,92860,,,,,,
20210531:2100,2021,05,31,21,2,0,0,25.18,55.86,0,369.35,2.55,82,92880,,,,,,
20210531:2200,2021,05,31,22,3,0,0,25.33,54.68,0,370.4,2.7,75,92880,,,,,,
20210531:2300,2021,05,31,23,4,0,0,25.48,53.5,0,371.44,2.86,63,92940,,,,,,
20140601:0000,2014,06,01,00,5,0,0,25.63,52.31,0,372.49,3.01,17,93380,,,,,,
20140601:0100,2014,06,01,01,6,181.9,75.9,25.78,51.13,567.69,373.53,3.17,20,93420,,,,,,
20140601:0200,2014,06,01,02,7,365.45,106.1,25.92,49.94,670.42,374.58,3.33,21,93470,,,,,,
20140601:0300,2014,06,01,03,8,559.55,137.65,26.07,48.76,733.96,375.62,3.48,28,93530,,,,,,
20140601:0400,2014,06,01,04,9,720.25,139.6,26.22,47.58,786.95,376.67,3.64,38,93570,,,,,,
20140601:0500,2014,06,01,05,10,815,159.65,26.37,46.39,757.81,377.71,3.79,49,93610,,,,,,
20140601:0600,2014,06,01,06,11,613.75,211.45,26.51,45.21,424.8,378.76,3.95,64,93650,,,,,,
20140601:0700,2014,06,01,07,12,738.65,251.75,26.66,44.02,497.38,379.8,4.1,109,93750,,,,,,
20140601:0800,2014,06,01,08,13,746.6,222.1,30.43,31.15,547.3,405.45,4.76,108,93700,,,,,,
20140601:0900,2014,06,01,09,14,678.65,212.8,30.92,31.15,525.4,398.65,2.76,104,93700,,,,,,
20140601:1000,2014,06,01,10,15,480.2,205.4,30.96,30.05,357.46,405.25,0.55,30,93670,,,,,,
20140601:1100,2014,06,01,11,16,318.1,181.75,29.43,33.15,222.54,406,2,45,93690,,,,,,
20140601:1200,2014,06,01,12,17,172,126.1,29.53,32,106.97,397.7,2.07,56,93610,,,,,,
20140601:1300,2014,06,01,13,18,66.2,41.55,28.88,35.45,106.97,386.85,1.45,36,93610,,,,,,
20140601:1400,2014,06,01,14,19,0.65,0.65,27.6,41.8,0,373.1,1.31,29,93620,,,,,,
20140601:1500,2014,06,01,15,20,0,0,26.02,47.65,0,366.15,1.72,23,93660,,,,,,
20140601:1600,2014,06,01,16,21,0,0,24.47,52.5,0,361.5,2,9,93720,,,,,,
20140601:1700,2014,06,01,17,22,0,0,23.19,58,0,355.7,2.14,17,93770,,,,,,
20140601:1800,2014,06,01,18,23,0,0,21.98,64,0,351.85,2.28,26,93760,,,,,,
20140601:1900,2014,06,01,19,0,0,0,21.65,66.25,0,349.7,1.86,37,93720,,,,,,
20140601:2000,2014,06,01,20,1,0,0,20.95,73.3,0,347.75,1.93,38,93730,,,,,,
20140601:2100,2014,06,01,21,2,0,0,20.22,75.75,0,346.8,1.79,38,93700,,,,,,
20140601:2200,2014,06,01,22,3,0,0,19.7,75.75,0,345.45,1.93,34,93720,,,,,,
20140601:2300,2014,06,01,23,4,0,0,19.22,78.35,0,344.5,2,30,93740,,,,,,
20140602:0000,2014,06,02,00,5,0,0,18.89,78.3,0,343.3,2.07,30,93770,,,,,,
20140602:0100,2014,06,02,01,6,206.5,73.9,19.86,75.75,707.48,344.6,1.86,32,93790,,,,,,
20140602:0200,2014,06,02,02,7,402.95,105.1,24.25,56.25,768.89,347.2,1.59,25,93830,,,,,,
20140602:0300,2014,06,02,03,8,602.15,121.65,27.81,39.1,835.32,358.2,1.79,13,93880,,,,,,
20140602:0400,2014,06,02,04,9,765.7,137.75,29.82,31,850.68,366.35,2.28,352,93880,,,,,,
20140602:0500,2014,06,02,05,10,899.25,142.75,31.26,26.2,874.46,374.65,2.55,338,93920,,,,,,
20140602:0600,2014,06,02,06,11,959.5,155.15,32.36,23.75,849.03,381.25,2.48,331,93890,,,,,,
20140602:0700,2014,06,02,07,12,965.25,158.6,33.13,24.75,823.63,390.35,2.41,327,93850,,,,,,
20140602:0800,2014,06,02,08,13,904.8,159.9,33.84,23.25,776.79,395.2,2.62,318,93810,,,,,,
20140602:0900,2014,06,02,09,14,784.15,153.6,34.27,22.55,710.52,396.35,2.69,318,93770,,,,,,
20140602:1000,2014,06,02,10,15,594.75,161.3,34.24,22.55,563.09,398.65,2.34,327,93680,,,,,,
20140602:1100,2014,06,02,11,16,413.65,135.75,33.89,22.45,452.66,398.65,1.93,342,93650,,,,,,
20140602:1200,2014,06,02,12,17,204.4,102.3,33.47,24,237.14,394.8,1.93,330,93570,,,,,,
20140602:1300,2014,06,02,13,18,42.25,33.7,32.41,27.4,36.84,401,2.14,311,93610,,,,,,
20140602:1400,2014,06,02,14,19,0.5,0.5,30.75,31.15,0,409.5,2.21,314,93620,,,,,,
20140602:1500,2014,06,02,15,20,0,0,29.38,33.15,0,396.35,2.21,10,93600,,,,,,
20140602:1600,2014,06,02,16,21,0,0,27.78,36.45,0,382.4,2.41,21,93590,,,,,,
20140602:1700,2014,06,02,17,22,0,0,26.14,41.4,0,369.65,2.41,14,93610,,,,,,
20140602:1800,2014,06,02,18,23,0,0,24.68,45.75,0,362.65,2.48,15,93580,,,,,,
20140602:1900,2014,06,02,19,0,0,0,24.83,39.7,0,356.3,2.48,345,93490,,,,,,
20140602:2000,2014,06,02,20,1,0,0,23.92,43.9,0,353.75,2.48,341,93450,,,,,,
20140602:2100,2014,06,02,21,2,0,0,23.12,48.55,0,350.5,2.41,339,93420,,,,,,
20140602:2200,2014,06,02,22,3,0,0,22.38,52,0,348.15,2.34,341,93420,,,,,,
20140602:2300,2014,06,02,23,4,0,0,21.6,57.55,0,346.8,2.21,344,93400,,,,,,
20140603:0000,2014,06,03,00,5,0,0,20.92,59.5,0,344.65,2.14,353,93400,,,,,,
20140603:0100,2014,06,03,01,6,210,73.7,21.09,63.8,724.81,343.8,1.79,9,93400,,,,,,
20140603:0200,2014,06,03,02,7,414.4,101.7,25.01,50.8,806.27,346.4,1.17,358,93420,,,,,,
20140603:0300,2014,06,03,03,8,613.4,120.9,28.32,35.3,855.68,354.35,1.79,325,93440,,,,,,
20140603:0400,2014,06,03,04,9,783.5,134.15,30.28,30.05,879.35,363.85,2.55,318,93470,,,,,,
20140603:0500,2014,06,03,05,10,905.25,148.85,31.9,27.25,874.08,371.75,2.76,319,93470,,,,,,
20140603:0600,2014,06,03,06,11,973.95,145.7,33.21,24.75,873.96,379.3,2.69,311,93470,,,,,,
20140603:0700,2014,06,03,07,12,981.85,148.2,34.1,23.25,850.83,385.7,2.21,306,93480,,,,,,
20140603:0800,2014,06,03,08,13,907.25,149.75,34.84,21.15,789.46,389.4,2.21,297,93430,,,,,,
20140603:0900,2014,06,03,09,14,780.65,138.15,35.21,20.4,723.36,391.7,2.41,296,93380,,,,,,
20140603:1000,2014,06,03,10,15,588.8,195,35.26,19.1,510.93,391.9,2.21,301,93330,,,,,,
20140603:1100,2014,06,03,11,16,414.1,116.8,35.15,19.65,483.3,396.55,1.79,311,93270,,,,,,
20140603:1200,2014,06,03,12,17,230.7,106.2,34.78,18.95,288.21,389.2,1.59,327,93250,,,,,,
20140603:1300,2014,06,03,13,18,68.7,41.55,33.63,24,116.15,388.4,1.1,319,93250,,,,,,
20140603:1400,2014,06,03,14,19,0.8,0.8,31.99,27.25,0,379.1,1.24,349,93260,,,,,,
20140603:1500,2014,06,03,15,20,0,0,30.22,28,0,374.3,1.79,22,93250,,,,,,
20140603:1600,2014,06,03,16,21,0,0,28.65,30.65,0,365.55,2.21,32,93290,,,,,,
20140603:1700,2014,06,03,17,22,0,0,26.82,34.9,0,360.95,2.41,35,93310,,,,,,
20140603:1800,2014,06,03,18,23,0,0,25.24,39.85,0,361.3,2.28,34,93320,,,,,,
20140603:1900,2014,06,03,19,0,0,0,24.97,41.15,0,362.65,2.14,32,93260,,,,,,
20140603:2000,2014,06,03,20,1,0,0,24.17,42.5,0,366.75,2.07,33,93220,,,,,,
20140603:2100,2014,06,03,21,2,0,0,23.32,47,0,359.75,2.21,33,93190,,,,,,
20140603:2200,2014,06,03,22,3,0,0,22.58,50.2,0,355.7,2.28,33,93200,,,,,,
20140603:2300,2014,06,03,23,4,0,0,21.96,51.9,0,352.6,2.28,33,93170,,,,,,
20140604:0000,2014,06,04,00,5,0,0,21.48,53.6,0,350.5,2.28,36,93180,,,,,,
20140604:0100,2014,06,04,01,6,207.75,73.5,21.86,55.65,711.84,350,1.93,38,93230,,,,,,
20140604:0200,2014,06,04,02,7,409.25,101.55,26.08,49.3,792.58,353.55,1.1,29,93290,,,,,,
20140604:0300,2014,06,04,03,8,605.95,120.9,31.07,27,842.33,364.6,1.24,3,93340,,,,,,
20140604:0400,2014,06,04,04,9,773.8,134.7,33.13,20.65,865.21,375.65,1.72,345,93340,,,,,,
20140604:0500,2014,06,04,05,10,897.5,143.3,34.58,18.85,871.31,385.1,1.79,336,93350,,,,,,
20140604:0600,2014,06,04,06,11,961.25,148.35,35.74,17.75,857.51,392.45,1.72,321,93350,,,,,,
20140604:0700,2014,06,04,07,12,972.9,142.85,36.47,16.7,846.81,400.2,1.38,310,93380,,,,,,
20140604:0800,2014,06,04,08,13,870.75,196.3,37.05,16.2,702.5,404.45,1.59,312,93340,,,,,,
20140604:0900,2014,06,04,09,14,725.45,166.7,37.23,16.2,628.54,411.45,1.52,340,93310,,,,,,
20140604:1000,2014,06,04,10,15,596.05,145.95,37.51,14.65,583.24,411.05,1.86,347,93280,,,,,,
20140604:1100,2014,06,04,11,16,369.95,124.85,36.81,15.05,397.68,408.75,1.52,19,93250,,,,,,
20140604:1200,2014,06,04,12,17,174.65,113.35,36.1,17.2,141.45,412,1.38,36,93200,,,,,,
20140604:1300,2014,06,04,13,18,62.05,45.9,34.84,21.9,68.62,411.45,0.48,51,93210,,,,,,
20140604:1400,2014,06,04,14,19,0.85,0.85,33.4,25.75,0,392.85,0.28,312,93220,,,,,,
20140604:1500,2014,06,04,15,20,0,0,32.2,28.25,0,397.1,0.55,41,93240,,,,,,
20140604:1600,2014,06,04,16,21,0,0,30.45,30.05,0,383,1.38,33,93250,,,,,,
20140604:1700,2014,06,04,17,22,0,0,28.67,34.1,0,369.85,2,26,93270,,,,,,
20140604:1800,2014,06,04,18,23,0,0,27.26,36.3,0,369.05,2.55,25,93240,,,,,,
20140604:1900,2014,06,04,19,0,0,0,25.8,34.65,0,361.5,2.21,18,93160,,,,,,
20140604:2000,2014,06,04,20,1,0,0,24.72,38.3,0,354.95,2.28,15,93130,,,,,,
20140604:2100,2014,06,04,21,2,0,0,23.78,42.35,0,351.65,2.34,23,93090,,,,,,
20140604:2200,2014,06,04,22,3,0,0,22.94,46.85,0,349.3,2.41,28,93060,,,,,,
20140604:2300,2014,06,04,23,4,0,0,22.21,50.2,0,345.05,2.48,29,93060,,,,,,
20140605:0000,2014,06,05,00,5,0,0,21.67,53.75,0,342.15,2.48,29,93050,,,,,,
20140605:0100,2014,06,05,01,6,211.8,74.45,22.33,55.8,726.48,341.1,2.14,26,93090,,,,,,
20140605:0200,2014,06,05,02,7,414.95,102.05,26.56,46.15,805.31,346.8,1.38,10,93120,,,,,,
20140605:0300,2014,06,05,03,8,611.95,121.55,31.05,30.05,851.3,358,1.31,340,93170,,,,,,
20140605:0400,2014,06,05,04,9,779.35,135.35,33.32,22.35,871.64,371.2,1.79,319,93180,,,,,,
20140605:0500,2014,06,05,05,10,903.15,143,35,18.95,878,382.2,2.14,316,93210,,,,,,
20140605:0600,2014,06,05,06,11,963.4,156.2,36.35,16.7,851.27,390.55,2.21,308,93220,,,,,,
20140605:0700,2014,06,05,07,12,975.95,147.8,37.3,15.75,844.56,400,1.86,299,93220,,,,,,
20140605:0800,2014,06,05,08,13,898.65,153.75,38.04,14.75,775.45,405.05,2.07,286,93160,,,,,,
20140605:0900,2014,06,05,09,14,784.65,160.55,38.3,14.85,701.48,406.8,2.55,283,93120,,,,,,
20140605:1000,2014,06,05,10,15,424.4,196.65,38.48,14.85,294.76,412.6,3.59,286,93100,,,,,,
20140605:1100,2014,06,05,11,16,181.7,144.15,37.17,15.65,60.81,424.8,3.24,292,93160,,,,,,
20140605:1200,2014,06,05,12,17,149.3,113.6,35.69,17.75,82.12,431,1.72,301,93140,,,,,,
20140605:1300,2014,06,05,13,18,66.65,45.05,34.54,21,91.18,406.4,0.69,330,93090,,,,,,
20140605:1400,2014,06,05,14,19,1,1,33.24,24,0,391.7,1.38,43,93080,,,,,,
20140605:1500,2014,06,05,15,20,0,0,31.19,28,0,384.15,2.07,37,93100,,,,,,
20140605:1600,2014,06,05,16,21,0,0,29.34,30.9,0,374.85,2.28,25,93130,,,,,,
20140605:1700,2014,06,05,17,22,0,0,27.54,36.3,0,371,2.48,24,93120,,,,,,
20140605:1800,2014,06,05,18,23,0,0,26.25,38.7,0,365.75,2.55,23,93090,,,,,,
20140605:1900,2014,06,05,19,0,0,0,26.34,33.55,0,361.5,2.48,20,93020,,,,,,
20140605:2000,2014,06,05,20,1,0,0,25.48,38.45,0,359.55,2.48,15,92980,,,,,,
20140605:2100,2014,06,05,21,2,0,0,24.64,42.5,0,357.65,2.41,15,92920,,,,,,
20140605:2200,2014,06,05,22,3,0,0,23.82,45.5,0,355.3,2.34,14,92900,,,,,,
20140605:2300,2014,06,05,23,4,0,0,23.01,50.3,0,352.6,2.21,12,92910,,,,,,
20140606:0000,2014,06,06,00,5,0,0,22.31,52,0,350.5,2.07,10,92930,,,,,,
20140606:0100,2014,06,06,01,6,210.6,74.4,22.72,55.9,718.91,349.4,1.79,13,92980,,,,,,
20140606:0200,2014,06,06,02,7,414.1,102.5,27.05,44.7,801.45,353.2,1.24,360,93030,,,,,,
20140606:0300,2014,06,06,03,8,613,121.95,31.2,30.05,852.19,363.05,1.52,336,93050,,,,,,
20140606:0400,2014,06,06,04,9,782.85,135.9,33.45,23.15,875.49,373.5,2.07,329,93070,,,,,,
20140606:0500,2014,06,06,05,10,906.95,145.05,35.22,19.65,879.88,382.4,2.41,329,93090,,,,,,
20140606:0600,2014,06,06,06,11,969.95,149.55,36.58,17.3,865,390.15,2.21,326,93080,,,,,,
20140606:0700,2014,06,06,07,12,979.4,148.6,37.33,16.9,846.97,399.05,2.34,311,93060,,,,,,
20140606:0800,2014,06,06,08,13,923.35,148.15,38.05,15.85,806.56,402.35,2.41,298,93010,,,,,,
20140606:0900,2014,06,06,09,14,793.55,158.35,38.48,14.85,713.39,403.9,2.69,294,92950,,,,,,
20140606:1000,2014,06,06,10,15,471.25,200.1,38.54,14.3,350.51,405.25,2.83,293,92940,,,,,,
20140606:1100,2014,06,06,11,16,356.65,180.7,37.87,14.75,284.42,413.75,2.21,289,92920,,,,,,
20140606:1200,2014,06,06,12,17,229.25,108.3,37.18,16.8,277.35,408.35,1.52,305,92850,,,,,,
20140606:1300,2014,06,06,13,18,71.05,46.75,36.02,20.6,101.92,391.1,1.24,332,92870,,,,,,
20140606:1400,2014,06,06,14,19,1.1,1.1,34.4,22.55,0,388.8,1.24,20,92880,,,,,,
20140606:1500,2014,06,06,15,20,0,0,32.6,24.6,0,381.85,1.45,38,92930,,,,,,
20140606:1600,2014,06,06,16,21,0,0,30.9,26.05,0,372.55,1.66,44,92970,,,,,,
20140606:1700,2014,06,06,17,22,0,0,29.26,27.75,0,370.6,1.93,46,92980,,,,,,
20140606:1800,2014,06,06,18,23,0,0,28.01,30.5,0,371.95,2.41,48,92950,,,,,,
20140606:1900,2014,06,06,19,0,0,0,26.4,36.05,0,366.95,2.07,47,92920,,,,,,
20140606:2000,2014,06,06,20,1,0,0,25.33,39.85,0,364.8,2.07,42,92900,,,,,,
20140606:2100,2014,06,06,21,2,0,0,24.45,42.5,0,362.1,2.28,38,92860,,,,,,
20140606:2200,2014,06,06,22,3,0,0,23.53,47,0,359,2.41,33,92860,,,,,,
20140606:2300,2014,06,06,23,4,0,0,22.89,50.3,0,356.1,2.41,30,92830,,,,,,
20140607:0000,2014,06,07,00,5,0,0,22.61,52,0,353,2.48,32,92840,,,,,,
20140607:0100,2014,06,07,01,6,209.3,74.2,23.26,52.25,711.92,350.8,2,30,92860,,,,,,
20140607:0200,2014,06,07,02,7,411.4,102.4,27.46,43.3,794.38,354.75,1.17,8,92910,,,,,,
20140607:0300,2014,06,07,03,8,609.75,121.35,31.84,29.3,847.44,365.4,1.38,325,92950,,,,,,
20140607:0400,2014,06,07,04,9,779.2,135.05,34.1,21.65,871.61,376.6,2.21,314,92980,,,,,,
20140607:0500,2014,06,07,05,10,903.8,144.7,35.72,18.4,876.54,385.5,2.34,317,93000,,,,,,
20140607:0600,2014,06,07,06,11,982.05,142.25,37.07,16.2,885.28,391.7,2.21,309,92990,,,,,,
20140607:0700,2014,06,07,07,12,970.25,154.5,37.5,15.15,831.36,394,2.41,300,92980,,,,,,
20140607:0800,2014,06,07,08,13,892.9,162.6,38.01,14.75,759.46,398.3,2,299,92940,,,,,,
20140607:0900,2014,06,07,09,14,824.75,132,38.28,13.8,777.43,400.8,1.86,293,92870,,,,,,
20140607:1000,2014,06,07,10,15,666.2,124.4,38.51,13.3,699.57,394.2,1.86,300,92850,,,,,,
20140607:1100,2014,06,07,11,16,467.7,105.9,38.37,12.35,583.8,389.75,1.93,315,92780,,,,,,
20140607:1200,2014,06,07,12,17,257.15,84.05,37.91,11.8,395.75,387.85,1.72,324,92740,,,,,,
20140607:1300,2014,06,07,13,18,77.75,40.45,36.75,14.4,155.49,383.95,1.03,317,92740,,,,,,
20140607:1400,2014,06,07,14,19,1.25,1.25,35.02,17,0,382,0.9,335,92770,,,,,,
20140607:1500,2014,06,07,15,20,0,0,33.05,18.5,0,371.4,1.24,23,92810,,,,,,
20140607:1600,2014,06,07,16,21,0,0,31.39,18.85,0,367.3,2.21,39,92840,,,,,,
20140607:1700,2014,06,07,17,22,0,0,29.32,21.5,0,366.15,2.62,44,92850,,,,,,
20140607:1800,2014,06,07,18,23,0,0,27.01,28.1,0,361.5,2.55,39,92840,,,,,,
20140607:1900,2014,06,07,19,0,0,0,25.91,32.25,0,352.2,2.34,42,92820,,,,,,
20140607:2000,2014,06,07,20,1,0,0,24.81,36.95,0,351.05,2.28,38,92760,,,,,,
20140607:2100,2014,06,07,21,2,0,0,23.89,40.9,0,349.3,2.41,33,92760,,,,,,
20140607:2200,2014,06,07,22,3,0,0,23.21,43.75,0,347.2,2.55,34,92760,,,,,,
20140607:2300,2014,06,07,23,4,0,0,22.79,45.25,0,346.4,2.62,35,92760,,,,,,
20140608:0000,2014,06,08,00,5,0,0,22.57,46.75,0,344.5,2.55,33,92750,,,,,,
20140608:0100,2014,06,08,01,6,211.45,74.45,23.36,47,721.02,343.8,2.21,27,92780,,,,,,
20140608:0200,2014,06,08,02,7,412.75,105.6,27.51,38.95,789.39,348.35,1.66,15,92820,,,,,,
20140608:0300,2014,06,08,03,8,612.4,122.4,31.97,26.3,850.15,360.75,1.72,344,92860,,,,,,
20140608:0400,2014,06,08,04,9,781,137.7,34.29,18.15,870.43,371.75,2.76,323,92900,,,,,,
20140608:0500,2014,06,08,05,10,906.6,144.45,35.8,16,880,381.45,3.24,321,92900,,,,,,
20140608:0600,2014,06,08,06,11,979.35,147.85,37.02,14.55,876.39,388,3.24,318,92900,,,,,,
20140608:0700,2014,06,08,07,12,977.25,156.9,37.81,12.7,835.8,392.1,3.1,318,92920,,,,,,
20140608:0800,2014,06,08,08,13,913,180.6,38.37,11.9,761.28,394.6,2.76,316,92870,,,,,,
20140608:0900,2014,06,08,09,14,774,167.1,38.67,11.45,680.58,397.5,2.76,306,92830,,,,,,
20140608:1000,2014,06,08,10,15,634.9,149.2,38.42,11.45,626.43,399.65,2.62,315,92810,,,,,,
20140608:1100,2014,06,08,11,16,460.35,109.9,38.34,11.05,564.51,394.8,2.28,316,92770,,,,,,
20140608:1200,2014,06,08,12,17,256.1,85.3,37.96,11.35,389.37,390.95,1.86,320,92720,,,,,,
20140608:1300,2014,06,08,13,18,76.7,40.95,36.98,13.5,148.15,386.85,1.17,331,92760,,,,,,
20140608:1400,2014,06,08,14,19,1.35,1.35,35.24,16.4,0,380.85,1.03,8,92760,,,,,,
20140608:1500,2014,06,08,15,20,0,0,33.32,17.3,0,372.35,1.38,28,92780,,,,,,
20140608:1600,2014,06,08,16,21,0,0,31.45,19.55,0,372.55,1.93,35,92810,,,,,,
20140608:1700,2014,06,08,17,22,0,0,29.6,22.3,0,362.85,2.34,36,92800,,,,,,
20140608:1800,2014,06,08,18,23,0,0,27.65,26.25,0,359.4,2.41,26,92800,,,,,,
20140608:1900,2014,06,08,19,0,0,0,26.56,31.2,0,355.7,2.34,33,92780,,,,,,
20140608:2000,2014,06,08,20,1,0,0,25.24,34.5,0,353,2.41,29,92760,,,,,,
20140608:2100,2014,06,08,21,2,0,0,24.44,39.55,0,349.7,2.41,24,92760,,,,,,
20140608:2200,2014,06,08,22,3,0,0,23.96,42.35,0,346,2.55,18,92770,,,,,,
20140608:2300,2014,06,08,23,4,0,0,23.54,45.35,0,343.7,2.62,16,92780,,,,,,
20140609:0000,2014,06,09,00,5,0,0,23.05,46.85,0,341.75,2.62,15,92790,,,,,,
20140609:0100,2014,06,09,01,6,213.1,75.25,23.61,48.7,724.87,341.3,2.34,13,92820,,,,,,
20140609:0200,2014,06,09,02,7,417.45,103.25,27.59,38.95,807.4,346.2,1.79,2,92870,,,,,,
20140609:0300,2014,06,09,03,8,615.8,123.35,31.75,24.5,854.41,356.45,2.34,333,92920,,,,,,
20140609:0400,2014,06,09,04,9,785.25,137.35,33.74,20.15,876.67,367.7,3.1,322,92940,,,,,,
20140609:0500,2014,06,09,05,10,910.2,146.35,35.37,17.75,881.93,377.2,3.31,319,92950,,,,,,
20140609:0600,2014,06,09,06,11,966.1,154.65,36.77,15.65,855.14,384.75,3.17,313,92940,,,,,,
20140609:0700,2014,06,09,07,12,973.55,155.85,37.8,13.7,832.87,392.45,3.24,314,92940,,,,,,
20140609:0800,2014,06,09,08,13,864.6,169.6,38.63,11.9,722.08,395.4,3.17,311,92870,,,,,,
20140609:0900,2014,06,09,09,14,783.9,191.6,38.94,10.3,663.73,401.55,3.17,311,92830,,,,,,
20140609:1000,2014,06,09,10,15,626.75,139.1,38.92,9.95,628.26,394,2.9,315,92790,,,,,,
20140609:1100,2014,06,09,11,16,463.15,112.45,38.7,9.85,563.96,395.2,2.76,318,92750,,,,,,
20140609:1200,2014,06,09,12,17,258.15,83.95,38.24,10.15,396.01,388,2.55,320,92730,,,,,,
20140609:1300,2014,06,09,13,18,80.05,41.55,37.18,12.05,158.63,383.95,1.66,318,92750,,,,,,
20140609:1400,2014,06,09,14,19,1.5,1.45,35.36,15.3,1.14,377.55,0.9,323,92760,,,,,,
20140609:1500,2014,06,09,15,20,0,0,33.61,16.05,0,369.05,0.62,11,92780,,,,,,
20140609:1600,2014,06,09,16,21,0,0,31.49,21.05,0,363.25,1.1,26,92820,,,,,,
20140609:1700,2014,06,09,17,22,0,0,29.27,21.5,0,359.75,1.86,28,92850,,,,,,
20140609:1800,2014,06,09,18,23,0,0,27.66,24.4,0,355.9,2.48,27,92830,,,,,,
20140609:1900,2014,06,09,19,0,0,0,26.04,27.85,0,352,2.41,37,92820,,,,,,
20140609:2000,2014,06,09,20,1,0,0,25.28,29.85,0,348.95,2.41,31,92790,,,,,,
20140609:2100,2014,06,09,21,2,0,0,24.56,31.85,0,346.2,2.41,25,92780,,,,,,
20140609:2200,2014,06,09,22,3,0,0,23.81,34.1,0,342.95,2.48,20,92800,,,,,,
20140609:2300,2014,06,09,23,4,0,0,23.19,37.9,0,339.65,2.55,20,92810,,,,,,
20140610:0000,2014,06,10,00,5,0,0,22.65,40.6,0,337.5,2.62,21,92830,,,,,,
20140610:0100,2014,06,10,01,6,214.5,75.6,23.18,43.75,730.05,336.25,2.41,21,92890,,,,,,
20140610:0200,2014,06,10,02,7,419.9,103.8,26.96,37.5,812.3,340.6,1.86,12,92930,,,,,,
20140610:0300,2014,06,10,03,8,619.8,124.05,31.34,25.25,860.23,350.5,2.14,343,93000,,,,,,
20140610:0400,2014,06,10,04,9,790.9,137.95,33.45,20.05,883.58,362.85,2.69,328,93010,,,,,,
20140610:0500,2014,06,10,05,10,917.95,147.2,35.15,17.65,889.91,372.15,2.69,323,93040,,,,,,
20140610:0600,2014,06,10,06,11,979.3,152.05,36.59,14.95,871.71,379.9,2.48,314,93050,,,,,,
20140610:0700,2014,06,10,07,12,982.7,148.25,37.69,14.1,849.73,390.55,1.66,291,92970,,,,,,
20140610:0800,2014,06,10,08,13,908.6,168.05,38.6,11.9,769.07,393.45,1.66,280,92970,,,,,,
20140610:0900,2014,06,10,09,14,814.85,145.2,39.02,10.7,749.9,396.55,1.66,272,92900,,,,,,
20140610:1000,2014,06,10,10,15,645.3,136.5,39.09,10.3,654.82,393.45,1.45,271,92860,,,,,,
20140610:1100,2014,06,10,11,16,457,110.65,38.93,9.95,556.06,390.15,1.38,280,92820,,,,,,
20140610:1200,2014,06,10,12,17,254.8,82.3,38.46,9.85,391.08,384.15,1.38,300,92770,,,,,,
20140610:1300,2014,06,10,13,18,80.3,42,37.52,11.25,156.94,381.85,1.59,311,92800,,,,,,
20140610:1400,2014,06,10,14,19,1.6,1.55,35.66,13.7,1.11,375.45,1.93,324,92810,,,,,,
20140610:1500,2014,06,10,15,20,0,0,33.58,14.35,0,369.45,1.86,348,92870,,,,,,
20140610:1600,2014,06,10,16,21,0,0,31.75,15.15,0,360.95,2.34,21,92920,,,,,,
20140610:1700,2014,06,10,17,22,0,0,29.45,17.85,0,358,2.76,38,92920,,,,,,
20140610:1800,2014,06,10,18,23,0,0,27.29,21,0,353,2.9,44,92920,,,,,,
20140610:1900,2014,06,10,19,0,0,0,26.41,26.95,0,344.3,2.69,52,92890,,,,,,
20140610:2000,2014,06,10,20,1,0,0,25.46,30.95,0,341.75,2.69,48,92870,,,,,,
20140610:2100,2014,06,10,21,2,0,0,24.57,34.25,0,339.45,2.55,44,92870,,,,,,
20140610:2200,2014,06,10,22,3,0,0,23.74,38.05,0,337.5,2.41,42,92850,,,,,,
20140610:2300,2014,06,10,23,4,0,0,23.04,40.6,0,335.55,2.34,38,92850,,,,,,
20140611:0000,2014,06,11,00,5,0,0,22.48,43.5,0,334,2.41,36,92890,,,,,,
20140611:0100,2014,06,11,01,6,215.15,76.45,22.78,45.25,728.93,334.15,2.07,38,92930,,,,,,
20140611:0200,2014,06,11,02,7,421.05,105,26.97,37.5,812.33,338.85,1.45,34,92970,,,,,,
20140611:0300,2014,06,11,03,8,621.65,124.9,31.88,24.5,862.14,349.9,1.03,355,93010,,,,,,
20140611:0400,2014,06,11,04,9,793.3,138.55,34.31,18.15,886.14,363.25,1.72,315,93020,,,,,,
20140611:0500,2014,06,11,05,10,919.05,147.65,36.02,14.85,890.7,373.1,2.21,311,93030,,,,,,
20140611:0600,2014,06,11,06,11,986.7,157.6,37.46,12.15,873.6,380.45,2.41,310,93030,,,,,,
20140611:0700,2014,06,11,07,12,982.75,169.5,38.19,11.35,827.96,382.6,2.62,317,92980,,,,,,
20140611:0800,2014,06,11,08,13,903.15,165.4,38.95,9.2,765.85,386.1,2.21,338,92950,,,,,,
20140611:0900,2014,06,11,09,14,785.85,176,39.32,7.65,682.48,388.4,2.28,347,92900,,,,,,
20140611:1000,2014,06,11,10,15,626.8,179.75,39.42,7.1,574.76,389.75,2.55,347,92860,,,,,,
20140611:1100,2014,06,11,11,16,468.4,115.4,39.14,7,565.84,385.9,2.62,359,92810,,,,,,
20140611:1200,2014,06,11,12,17,261.35,91.55,38.7,7.5,383.96,376.2,2.83,16,92790,,,,,,
20140611:1300,2014,06,11,13,18,83.3,42.5,37.38,9.7,166.31,375.05,2.97,43,92790,,,,,,
20140611:1400,2014,06,11,14,19,1.7,1.65,34.72,13.5,1.07,367.5,3.45,56,92830,,,,,,
20140611:1500,2014,06,11,15,20,0,0,32.23,16.45,0,361.3,3.45,60,92860,,,,,,
20140611:1600,2014,06,11,16,21,0,0,30.41,19.45,0,353.95,3.31,64,92890,,,,,,
20140611:1700,2014,06,11,17,22,0,0,28.86,23,0,348.95,3.1,63,92900,,,,,,
20140611:1800,2014,06,11,18,23,0,0,27.54,27.25,0,345.65,2.9,57,92910,,,,,,
20140611:1900,2014,06,11,19,0,0,0,26.98,29.15,0,345.25,3.03,52,92900,,,,,,
20140611:2000,2014,06,11,20,1,0,0,26.12,32.25,0,343.7,3.03,49,92880,,,,,,
20140611:2100,2014,06,11,21,2,0,0,25.33,33.3,0,343.1,3.03,47,92870,,,,,,
20140611:2200,2014,06,11,22,3,0,0,24.43,36.8,0,341,2.62,46,92860,,,,,,
20140611:2300,2014,06,11,23,4,0,0,23.46,39.3,0,338.85,2.14,34,92880,,,,,,
20140612:0000,2014,06,12,00,5,0,0,22.52,41.95,0,337.7,2.07,30,92880,,,,,,
20140612:0100,2014,06,12,01,6,212.05,75.95,22.86,43.65,715.47,336.85,2,33,92910,,,,,,
20140612:0200,2014,06,12,02,7,416.4,104.7,27.25,35.05,801.43,341.4,1.66,23,92940,,,,,,
20140612:0300,2014,06,12,03,8,616.05,124.6,32.16,21.2,853.19,351.85,1.86,3,92950,,,,,,
20140612:0400,2014,06,12,04,9,786.35,138.95,34.39,15.7,876.37,363.85,2.21,353,92960,,,,,,
20140612:0500,2014,06,12,05,10,910.9,147.75,36.06,12.8,881.26,373.7,2.14,348,92960,,,,,,
20140612:0600,2014,06,12,06,11,973.4,150.65,37.36,11.25,866.87,381.85,1.93,327,92960,,,,,,
20140612:0700,2014,06,12,07,12,895.15,246.6,37,13,660.15,390.15,0.76,293,93040,,,,,,
20140612:0800,2014,06,12,08,13,896.95,149.75,37.73,11.7,775.36,399.25,0.9,249,93010,,,,,,
20140612:0900,2014,06,12,09,14,746.4,206.75,38.04,10.95,603.54,395.2,0.62,210,92980,,,,,,
20140612:1000,2014,06,12,10,15,482.6,230.2,38.13,10.95,324.19,403.7,0.97,252,92940,,,,,,
20140612:1100,2014,06,12,11,16,332.2,149.65,37.73,11.25,292.17,412,1.17,238,92910,,,,,,
20140612:1200,2014,06,12,12,17,247.15,95.25,37.26,11.6,342.62,396.95,1.31,225,92870,,,,,,
20140612:1300,2014,06,12,13,18,80.15,44.1,36.53,12.9,146.21,381.45,1.17,219,92880,,,,,,
20140612:1400,2014,06,12,14,19,1.8,1.75,34.8,15.8,1.04,378.35,1.52,201,92900,,,,,,
20140612:1500,2014,06,12,15,20,0,0,32.82,18.5,0,368.1,1.45,195,92940,,,,,,
20140612:1600,2014,06,12,16,21,0,0,31.4,24.35,0,363.05,0.76,169,92960,,,,,,
20140612:1700,2014,06,12,17,22,0,0,31,20.95,0,359.55,0.76,70,92990,,,,,,
20140612:1800,2014,06,12,18,23,0,0,27.67,28.25,0,356.3,1.72,43,92970,,,,,,
20140612:1900,2014,06,12,19,0,0,0,26,28.9,0,353.75,2.28,42,92870,,,,,,
20140612:2000,2014,06,12,20,1,0,0,24.68,31.95,0,350.1,2.07,41,92840,,,,,,
20140612:2100,2014,06,12,21,2,0,0,23.7,35.4,0,347.4,2.07,46,92850,,,,,,
20140612:2200,2014,06,12,22,3,0,0,23.06,39.15,0,345.85,2.21,51,92800,,,,,,
20140612:2300,2014,06,12,23,4,0,0,22.45,40.5,0,345.45,2.34,53,92810,,,,,,
20140613:0000,2014,06,13,00,5,0,0,21.82,43.4,0,344.65,2.34,53,92790,,,,,,
20140613:0100,2014,06,13,01,6,210.35,75.8,22.36,45.1,707.79,344.2,1.93,52,92810,,,,,,
20140613:0200,2014,06,13,02,7,413.55,104.45,27.11,38.85,795.15,348.15,1.17,55,92840,,,,,,
20140613:0300,2014,06,13,03,8,612.3,124.4,32.3,21.3,847.35,358.4,0.9,50,92850,,,,,,
20140613:0400,2014,06,13,04,9,782.1,138.65,34.66,15.7,871.25,370.6,0.97,340,92880,,,,,,
20140613:0500,2014,06,13,05,10,907.55,147.35,36.42,12.9,877.97,380.1,1.86,320,92870,,,,,,
20140613:0600,2014,06,13,06,11,972.05,151.15,37.78,11.35,864.92,386.3,2.62,312,92860,,,,,,
20140613:0700,2014,06,13,07,12,980.4,152.05,37.76,13.6,843.03,396.9,2.14,286,92830,,,,,,
20140613:0800,2014,06,13,08,13,926.45,148.6,38.52,11.9,806.87,399.05,2.55,287,92780,,,,,,
20140613:0900,2014,06,13,09,14,816.45,140.25,39,10.7,755.79,399.85,2.76,285,92740,,,,,,
20140613:1000,2014,06,13,10,15,658.6,126.25,39.16,10.7,683.11,398.45,2.83,282,92700,,,,,,
20140613:1100,2014,06,13,11,16,465.4,109.7,39.06,10.3,568.46,396.9,2.69,283,92670,,,,,,
20140613:1200,2014,06,13,12,17,261.05,83.6,38.62,10.6,399.28,393.65,2.28,286,92660,,,,,,
20140613:1300,2014,06,13,13,18,82.8,43,37.73,12.15,160.65,390.35,1.45,289,92660,,,,,,
20140613:1400,2014,06,13,14,19,1.95,1.9,36.22,14.85,1.02,382.6,0.21,281,92660,,,,,,
20140613:1500,2014,06,13,15,20,0,0,34.49,16.3,0,374.1,0.55,114,92690,,,,,,
20140613:1600,2014,06,13,16,21,0,0,32.41,21.3,0,369.65,1.03,98,92730,,,,,,
20140613:1700,2014,06,13,17,22,0,0,30.74,23.4,0,365.55,1.17,78,92730,,,,,,
20140613:1800,2014,06,13,18,23,0,0,28.62,27.5,0,361.3,1.66,54,92740,,,,,,
20140613:1900,2014,06,13,19,0,0,0,27.6,30.35,0,361.5,1.86,56,92710,,,,,,
20140613:2000,2014,06,13,20,1,0,0,26.35,31.2,0,361.3,2.41,61,92690,,,,,,
20140613:2100,2014,06,13,21,2,0,0,25.35,34.5,0,362.5,2.55,67,92670,,,,,,
20140613:2200,2014,06,13,22,3,0,0,24.73,35.65,0,363.25,2.48,70,92670,,,,,,
20140613:2300,2014,06,13,23,4,0,0,24.52,35.5,0,364.2,2.41,73,92680,,,,,,
20140614:0000,2014,06,14,00,5,0,0,24.34,35.5,0,364,2.41,77,92690,,,,,,
20140614:0100,2014,06,14,01,6,205.05,74.75,24.92,36.95,686.15,363.35,2.07,84,92740,,,,,,
20140614:0200,2014,06,14,02,7,404.1,103.3,28.96,31.85,774.31,367.9,1.45,102,92790,,,,,,
20140614:0300,2014,06,14,03,8,599.85,123.1,32.52,23.75,828.38,377.55,1.52,131,92850,,,,,,
20140614:0400,2014,06,14,04,9,767.9,137.4,34.29,23.4,853.99,388.4,1.45,159,92870,,,,,,
20140614:0500,2014,06,14,05,10,891.95,147,35.75,22.8,860.5,397.3,1.1,182,92890,,,,,,
20140614:0600,2014,06,14,06,11,957.1,152,37.08,20.85,848.29,405.25,1.1,200,92900,,,,,,
20140614:0700,2014,06,14,07,12,966.05,152.25,37.7,22.5,828.1,415.9,1.38,213,92820,,,,,,
20140614:0800,2014,06,14,08,13,915.05,147.45,38.59,20.45,795.97,419.55,1.59,238,92770,,,,,,
20140614:0900,2014,06,14,09,14,806.75,139.45,39.26,18.5,745.41,420.75,1.79,257,92730,,,,,,
20140614:1000,2014,06,14,10,15,647.65,130.8,39.67,17.35,662.62,419.95,2,274,92690,,,,,,
20140614:1100,2014,06,14,11,16,461.85,109.2,39.71,16.15,562.79,416.45,2.14,289,92650,,,,,,
20140614:1200,2014,06,14,12,17,259.45,83.95,39.43,15.05,393.98,410.85,2.07,301,92620,,,,,,
20140614:1300,2014,06,14,13,18,81.4,42.55,38.48,16.55,156.09,405.25,1.38,303,92600,,,,,,
20140614:1400,2014,06,14,14,19,2,1.95,36.97,19.4,0.99,396.75,0.34,325,92620,,,,,,
20140614:1500,2014,06,14,15,20,0,0,35.33,21.25,0,387.85,0.55,66,92670,,,,,,
20140614:1600,2014,06,14,16,21,0,0,33.26,24.85,0,382,1.31,72,92710,,,,,,
20140614:1700,2014,06,14,17,22,0,0,31.35,28.15,0,378.35,1.86,69,92750,,,,,,
20140614:1800,2014,06,14,18,23,0,0,30.01,29.95,0,375.45,2.34,64,92770,,,,,,
20140614:1900,2014,06,14,19,0,0,0,28.82,35.45,0,379.9,2.41,78,92750,,,,,,
20140614:2000,2014,06,14,20,1,0,0,27.94,39.1,0,380.1,2.48,79,92730,,,,,,
20140614:2100,2014,06,14,21,2,0,0,27.3,40.35,0,380.45,2.55,81,92720,,,,,,
20140614:2200,2014,06,14,22,3,0,0,26.92,43.15,0,381.45,2.62,83,92750,,,,,,
20140614:2300,2014,06,14,23,4,0,0,26.67,43.15,0,383.55,2.62,84,92760,,,,,,
20140615:0000,2014,06,15,00,5,0,0,26.59,44.55,0,385.3,2.62,86,92790,,,,,,
20140615:0100,2014,06,15,01,6,199.4,74.4,27.42,41.8,659.16,388.15,2.34,91,92830,,,,,,
20140615:0200,2014,06,15,02,7,394,103.3,30.9,35.85,748.93,395,2.07,108,92880,,,,,,
20140615:0300,2014,06,15,03,8,585.5,123.4,33.52,34.05,803.37,406.2,2.48,129,92930,,,,,,
20140615:0400,2014,06,15,04,9,750.2,137.85,35.09,34.45,829.71,418.8,2.69,143,92940,,,,,,
20140615:0500,2014,06,15,05,10,873.15,147.2,36.43,32.55,838.73,429.65,2.34,158,92950,,,,,,
20140615:0600,2014,06,15,06,11,943.9,150.35,37.68,30.7,836.16,439.5,2.07,178,92940,,,,,,
20140615:0700,2014,06,15,07,12,950.4,151.05,38.2,29.8,813.3,446.65,1.93,186,92960,,,,,,
20140615:0800,2014,06,15,08,13,895.15,147.3,39.02,26.25,775.25,451.5,1.66,208,92890,,,,,,
20140615:0900,2014,06,15,09,14,792.05,139.7,39.63,23.8,728.31,450.75,1.38,232,92840,,,,,,
20140615:1000,2014,06,15,10,15,612.5,129.05,39.97,22.3,619.26,449.55,1.24,250,92790,,,,,,
20140615:1100,2014,06,15,11,16,451.5,111.75,39.94,20.8,541.47,446.3,0.97,260,92740,,,,,,
20140615:1200,2014,06,15,12,17,248.2,81.95,39.61,21.45,372.39,438.75,0.62,262,92680,,,,,,
20140615:1300,2014,06,15,13,18,79.65,42.15,38.84,22.05,150.02,434.3,0.21,190,92660,,,,,,
20140615:1400,2014,06,15,14,19,2.05,1.95,37.24,26.65,1.94,424.2,0.97,141,92660,,,,,,
20140615:1500,2014,06,15,15,20,0,0,35.34,29.15,0,415.9,1.45,128,92700,,,,,,
20140615:1600,2014,06,15,16,21,0,0,33.96,33.05,0,410.85,1.86,109,92730,,,,,,
20140615:1700,2014,06,15,17,22,0,0,32.69,36.25,0,407.55,1.93,91,92770,,,,,,
20140615:1800,2014,06,15,18,23,0,0,31.6,38.55,0,406.6,2,82,92780,,,,,,
20140615:1900,2014,06,15,19,0,0,0,31.07,37.1,0,401.4,2,85,92780,,,,,,
20140615:2000,2014,06,15,20,1,0,0,30.2,37.1,0,402.15,2,84,92790,,,,,,
20140615:2100,2014,06,15,21,2,0,0,29.51,40.9,0,403.3,2.07,79,92780,,,,,,
20140615:2200,2014,06,15,22,3,0,0,28.95,42.2,0,406.4,2.21,78,92780,,,,,,
20140615:2300,2014,06,15,23,4,0,0,28.58,43.55,0,408.35,2.28,82,92780,,,,,,
20140616:0000,2014,06,16,00,5,0,0,28.6,43.55,0,409.5,2.41,89,92820,,,,,,
20140616:0100,2014,06,16,01,6,195.1,74,29.48,42.3,639.72,410.8,2.21,96,92850,,,,,,
20140616:0200,2014,06,16,02,7,387.4,103,32.44,36.25,733.41,415.7,2.28,112,92890,,,,,,
20140616:0300,2014,06,16,03,8,577.1,123.4,34.47,35.5,789.27,425.95,2.97,130,92920,,,,,,
20140616:0400,2014,06,16,04,9,744.2,136.8,35.85,34.7,823.35,435.85,2.83,142,92920,,,,,,
20140616:0500,2014,06,16,05,10,849.25,153.3,37.19,32.7,804.26,445.5,2.55,161,92930,,,,,,
20140616:0600,2014,06,16,06,11,868,154.25,38.29,29.9,752.13,454.4,2.41,179,92920,,,,,,
20140616:0700,2014,06,16,07,12,891.55,163.55,39.12,30.05,740.63,468.35,2.21,207,92870,,,,,,
20140616:0800,2014,06,16,08,13,808.35,208.9,39.74,29.15,621.23,474.9,2.14,215,92820,,,,,,
20140616:0900,2014,06,16,09,14,730.9,158.45,40.19,27.4,638.77,476.45,2.14,213,92750,,,,,,
20140616:1000,2014,06,16,10,15,554.9,153.4,40.01,26.45,513.86,473.95,1.31,190,92670,,,,,,
20140616:1100,2014,06,16,11,16,298.85,133.7,38.4,29.9,262.86,477.65,1.93,93,92660,,,,,,
20140616:1200,2014,06,16,12,17,153.9,94.15,33.4,49.4,133.55,467.75,2.97,5,92790,,,,,,
20140616:1300,2014,06,16,13,18,32.55,24.35,32.13,54.15,32.67,455.75,3.59,14,92770,,,,,,
20140616:1400,2014,06,16,14,19,1.2,1.2,32.3,52.5,0,454.2,2.41,42,92760,,,,,,
20140616:1500,2014,06,16,15,20,0,0,32.21,54.15,0,449,2.14,61,92780,,,,,,
20140616:1600,2014,06,16,16,21,0,0,31.87,55.95,0,438.35,2.34,63,92790,,,,,,
20140616:1700,2014,06,16,17,22,0,0,31.38,57.75,0,430.8,2.41,63,92800,,,,,,
20140616:1800,2014,06,16,18,23,0,0,30.85,61.55,0,429.05,2.14,64,92800,,,,,,
20140616:1900,2014,06,16,19,0,0,0,30.29,59.55,0,428.3,2.21,68,92790,,,,,,
20140616:2000,2014,06,16,20,1,0,0,29.68,61.35,0,427.1,2.97,48,92810,,,,,,
20140616:2100,2014,06,16,21,2,0,0,29.28,59.35,0,430.6,3.38,45,92800,,,,,,
20140616:2200,2014,06,16,22,3,0,0,28.73,59.2,0,429.65,3.17,45,92790,,,,,,
20140616:2300,2014,06,16,23,4,0,0,28.68,59.1,0,435.05,2.76,37,92750,,,,,,
20140617:0000,2014,06,17,00,5,0,0,28.14,61,0,426.15,2.14,8,92780,,,,,,
20140617:0100,2014,06,17,01,6,170.7,66.4,28.22,61.1,552.14,427.8,1.79,354,92810,,,,,,
20140617:0200,2014,06,17,02,7,311.5,104.2,29.85,52.05,535.18,425.55,1.93,347,92850,,,,,,
20140617:0300,2014,06,17,03,8,519.8,133,31.29,47.25,673.38,430.6,2.21,339,92880,,,,,,
20140617:0400,2014,06,17,04,9,658.75,154.55,32.87,41.65,683.79,442.4,2.41,3,92910,,,,,,
20140617:0500,2014,06,17,05,10,736.5,167.9,34.09,39.2,657.28,447.05,1.93,21,92920,,,,,,
20140617:0600,2014,06,17,06,11,879.15,166.65,35,38.15,750.89,457.1,1.1,9,92900,,,,,,
20140617:0700,2014,06,17,07,12,889.85,161.15,35.86,37.15,741.29,455.55,0.97,36,92860,,,,,,
20140617:0800,2014,06,17,08,13,861.85,162.4,36.8,35,724.67,462.55,0.21,167,92800,,,,,,
20140617:0900,2014,06,17,09,14,737.95,147.75,37.49,33.95,658.25,463.5,0.9,198,92740,,,,,,
20140617:1000,2014,06,17,10,15,610.7,124.15,37.73,32.85,622.21,463.5,1.31,209,92640,,,,,,
20140617:1100,2014,06,17,11,16,447.15,111.75,37.68,32.85,533.19,463.5,1.24,224,92600,,,,,,
20140617:1200,2014,06,17,12,17,242.3,82.9,37.4,32.85,355.58,455.2,1.72,245,92540,,,,,,
20140617:1300,2014,06,17,13,18,72.4,41.7,36.72,36.05,121.83,450.15,1.59,275,92540,,,,,,
20140617:1400,2014,06,17,14,19,1.8,1.75,34.89,40.8,0.93,444.15,1.79,340,92570,,,,,,
20140617:1500,2014,06,17,15,20,0,0,33.37,44.7,0,449.35,2.28,335,92670,,,,,,
20140617:1600,2014,06,17,16,21,0,0,31.53,50.55,0,435.65,1.86,340,92710,,,,,,
20140617:1700,2014,06,17,17,22,0,0,30.98,52.15,0,437.55,1.31,13,92720,,,,,,
20140617:1800,2014,06,17,18,23,0,0,30.3,53.9,0,430.6,1.03,70,92720,,,,,,
20140617:1900,2014,06,17,19,0,0,0,31.08,50.45,0,433.9,2.21,64,92660,,,,,,
20140617:2000,2014,06,17,20,1,0,0,30.6,48.75,0,426.9,2.41,63,92630,,,,,,
20140617:2100,2014,06,17,21,2,0,0,29.94,50.3,0,419.95,2.62,56,92620,,,,,,
20140617:2200,2014,06,17,22,3,0,0,29.17,51.8,0,423.65,3.31,56,92640,,,,,,
20140617:2300,2014,06,17,23,4,0,0,28.41,53.45,0,426.35,3.03,58,92680,,,,,,
20140618:0000,2014,06,18,00,5,0,0,27.59,56.95,0,425.2,3.45,50,92710,,,,,,
20140618:0100,2014,06,18,01,6,155.65,74.8,27.86,57.05,429.06,421.4,2.97,47,92730,,,,,,
20140618:0200,2014,06,18,02,7,263.55,103.6,29.6,51.9,413.46,426.35,1.79,57,92780,,,,,,
20140618:0300,2014,06,18,03,8,514,148.35,31.41,45.7,637.07,419.95,1.03,50,92800,,,,,,
20140618:0400,2014,06,18,04,9,635.2,170.05,33.47,39.05,631.16,428.45,1.24,4,92800,,,,,,
20140618:0500,2014,06,18,05,10,768.3,187.15,34.59,36.75,672,441.85,1.31,328,92810,,,,,,
20140618:0600,2014,06,18,06,11,780.25,184.55,35.48,34.6,627.88,445.5,0.83,299,92800,,,,,,
20140618:0700,2014,06,18,07,12,787.4,191.2,33.5,41.8,606.47,445.7,0.97,105,92860,,,,,,
20140618:0800,2014,06,18,08,13,846.5,161.55,34.33,39.3,709.47,444.9,1.72,130,92800,,,,,,
20140618:0900,2014,06,18,09,14,752.65,149,35.18,39.45,672.93,446.85,2.69,131,92790,,,,,,
20140618:1000,2014,06,18,10,15,616.3,127.6,35.39,38.3,624.49,446.45,2.97,140,92740,,,,,,
20140618:1100,2014,06,18,11,16,406.2,117.1,35.37,38.3,459.04,447.45,2.48,146,92680,,,,,,
20140618:1200,2014,06,18,12,17,225.25,83.05,34.76,38.15,316.61,441.45,2,146,92610,,,,,,
20140618:1300,2014,06,18,13,18,72.6,39.4,34.14,40.55,131.27,443.95,1.66,124,92610,,,,,,
20140618:1400,2014,06,18,14,19,2.15,2.1,33.16,44.55,0.92,431.55,1.45,92,92600,,,,,,
20140618:1500,2014,06,18,15,20,0,0,31.91,49,0,428.85,1.52,54,92640,,,,,,
20140618:1600,2014,06,18,16,21,0,0,30.85,53.9,0,428.45,1.72,41,92690,,,,,,
20140618:1700,2014,06,18,17,22,0,0,29.85,55.6,0,418,1.86,44,92710,,,,,,
20140618:1800,2014,06,18,18,23,0,0,29.1,61.25,0,414.75,2,48,92710,,,,,,
20140618:1900,2014,06,18,19,0,0,0,28.15,65.2,0,411.05,1.72,43,92720,,,,,,
20140618:2000,2014,06,18,20,1,0,0,27.32,67.3,0,402.35,1.72,47,92690,,,,,,
20140618:2100,2014,06,18,21,2,0,0,26.7,71.85,0,398.85,1.72,50,92690,,,,,,
20140618:2200,2014,06,18,22,3,0,0,26.35,74.15,0,398.1,1.79,54,92710,,,,,,
20140618:2300,2014,06,18,23,4,0,0,26.03,74.1,0,396.55,1.79,55,92720,,,,,,
20140619:0000,2014,06,19,00,5,0,0,25.81,74.1,0,396.75,1.72,56,92730,,,,,,
20140619:0100,2014,06,19,01,6,165.5,75.85,26.67,69.5,477.11,400.9,1.1,69,92800,,,,,,
20140619:0200,2014,06,19,02,7,317,123.85,29.58,55.5,499.98,410.3,0.9,154,92860,,,,,,
20140619:0300,2014,06,19,03,8,470.65,136.15,30.98,50.45,583.32,421.9,1.79,185,92900,,,,,,
20140619:0400,2014,06,19,04,9,693.05,146.1,31.89,45.85,742.58,428.3,1.59,146,92890,,,,,,
20140619:0500,2014,06,19,05,10,784.35,189.95,33.05,43.1,687.56,430.6,1.03,131,92870,,,,,,
20140619:0600,2014,06,19,06,11,606.5,276.9,33.71,40.4,347.46,438.15,0.48,291,92860,,,,,,
20140619:0700,2014,06,19,07,12,578.95,314.4,33.51,41.8,269.1,446.3,0.28,137,92850,,,,,,
20140619:0800,2014,06,19,08,13,668.2,279.55,34,37.9,402.47,450.35,0.55,304,92770,,,,,,
20140619:0900,2014,06,19,09,14,702.7,175.65,34.71,35.5,587.28,455.75,0.9,341,92720,,,,,,
20140619:1000,2014,06,19,10,15,616.6,138.35,35.58,31.25,610.69,447.85,1.03,337,92660,,,,,,
20140619:1100,2014,06,19,11,16,424.75,115.65,35.84,29.3,490.25,435.65,1.1,318,92590,,,,,,
20140619:1200,2014,06,19,12,17,214.7,95.95,35.6,29.15,263.92,430,0.9,297,92560,,,,,,
20140619:1300,2014,06,19,13,18,69.3,40.3,35.06,30.05,114.28,431,1.1,274,92530,,,,,,
20140619:1400,2014,06,19,14,19,2.3,2.2,33.99,33.05,1.81,424.2,1.31,282,92540,,,,,,
20140619:1500,2014,06,19,15,20,0,0,32.76,36.35,0,420.55,1.72,318,92610,,,,,,
20140619:1600,2014,06,19,16,21,0,0,31.72,38.7,0,414.55,1.59,343,92640,,,,,,
20140619:1700,2014,06,19,17,22,0,0,30.69,41.15,0,410.3,1.72,357,92650,,,,,,
20140619:1800,2014,06,19,18,23,0,0,29.69,43.8,0,402.15,1.93,15,92630,,,,,,
20140619:1900,2014,06,19,19,0,0,0,28.97,48.4,0,400.4,1.86,355,92590,,,,,,
20140619:2000,2014,06,19,20,1,0,0,28.18,49.95,0,398.65,1.79,360,92570,,,,,,
20140619:2100,2014,06,19,21,2,0,0,27.47,55.05,0,398.1,1.72,4,92560,,,,,,
20140619:2200,2014,06,19,22,3,0,0,26.91,56.85,0,397.7,1.72,7,92560,,,,,,
20140619:2300,2014,06,19,23,4,0,0,26.47,58.7,0,397.3,1.72,14,92540,,,,,,
20140620:0000,2014,06,20,00,5,0,0,26.08,60.6,0,396.95,1.79,16,92550,,,,,,
20140620:0100,2014,06,20,01,6,183.05,78.5,26.79,58.8,558.18,399.15,1.59,18,92570,,,,,,
20140620:0200,2014,06,20,02,7,360.3,114.5,30.11,47,637.26,405.45,1.45,360,92580,,,,,,
20140620:0300,2014,06,20,03,8,568.4,129.5,32.45,38.8,766.11,412,2.07,342,92600,,,,,,
20140620:0400,2014,06,20,04,9,717.35,150.3,34.11,34.2,770.35,421.3,2.34,330,92600,,,,,,
20140620:0500,2014,06,20,05,10,845.1,161.7,35.27,31.25,790.81,429.45,2.07,311,92560,,,,,,
20140620:0600,2014,06,20,06,11,906.7,158.95,36.28,28.4,788.41,435.25,2.07,293,92550,,,,,,
20140620:0700,2014,06,20,07,12,902.8,174.8,36.73,28.4,740.51,443.55,1.45,255,92560,,,,,,
20140620:0800,2014,06,20,08,13,857.2,157.8,37.32,26.75,724.13,447.05,1.66,263,92520,,,,,,
20140620:0900,2014,06,20,09,14,772.7,151.2,37.7,25.85,692.24,446.3,1.59,273,92460,,,,,,
20140620:1000,2014,06,20,10,15,629.7,131.85,37.9,24.25,635.29,446.45,1.31,276,92400,,,,,,
20140620:1100,2014,06,20,11,16,419.75,115.75,37.6,24.1,481.66,443.75,1.1,306,92380,,,,,,
20140620:1200,2014,06,20,12,17,231.75,82.5,36.59,24.75,331.15,440.65,2,353,92400,,,,,,
20140620:1300,2014,06,20,13,18,67.9,39.65,35.6,26.25,110.97,433.1,2.76,40,92390,,,,,,
20140620:1400,2014,06,20,14,19,2.3,2.25,34.52,27.9,0.89,429.45,2.07,59,92400,,,,,,
20140620:1500,2014,06,20,15,20,0,0,33.01,30.6,0,424.8,1.31,85,92460,,,,,,
20140620:1600,2014,06,20,16,21,0,0,31.41,35.95,0,408.35,1.31,82,92500,,,,,,
20140620:1700,2014,06,20,17,22,0,0,30.06,39.65,0,410.1,1.59,64,92530,,,,,,
20140620:1800,2014,06,20,18,23,0,0,28.74,45.2,0,399.45,1.66,54,92520,,,,,,
20140620:1900,2014,06,20,19,0,0,0,28.61,43.55,0,387.85,1.86,53,92480,,,,,,
20140620:2000,2014,06,20,20,1,0,0,27.7,46.5,0,385.9,1.93,50,92500,,,,,,
20140620:2100,2014,06,20,21,2,0,0,26.84,51.3,0,383.55,1.93,48,92480,,,,,,
20140620:2200,2014,06,20,22,3,0,0,26.21,52.95,0,381.85,1.93,44,92480,,,,,,
20140620:2300,2014,06,20,23,4,0,0,25.69,54.7,0,379.5,2,44,92490,,,,,,
20140621:0000,2014,06,21,00,5,0,0,25.31,56.5,0,378.15,2.14,48,92510,,,,,,
20140621:0100,2014,06,21,01,6,197.85,74.6,25.98,56.6,660.34,377.7,1.72,48,92540,,,,,,
20140621:0200,2014,06,21,02,7,393.7,103.7,30.21,42.6,753.12,383.55,1.03,42,92580,,,,,,
20140621:0300,2014,06,21,03,8,591.4,123.6,33.66,29.65,817.4,393.65,0.83,37,92650,,,,,,
20140621:0400,2014,06,21,04,9,755.25,137.4,35.28,24.5,839.93,405.45,0.83,3,92650,,,,,,
20140621:0500,2014,06,21,05,10,880.35,147.35,36.54,22.25,848.56,413.95,0.69,2,92670,,,,,,
20140621:0600,2014,06,21,06,11,786.5,244.95,37.59,20.25,571.11,419.75,0.14,338,92650,,,,,,
20140621:0700,2014,06,21,07,12,715.6,281,36.87,19.4,442.07,430.6,2.69,158,92730,,,,,,
20140621:0800,2014,06,21,08,13,537,285.75,36.88,18.75,260.09,434.1,3.86,165,92740,,,,,,
20140621:0900,2014,06,21,09,14,559.55,323.3,36.11,19.9,263.04,434.1,2.41,162,92720,,,,,,
20140621:1000,2014,06,21,10,15,550.95,197.05,36.22,19.9,451.31,440.3,1.24,166,92680,,,,,,
20140621:1100,2014,06,21,11,16,403,128.15,36.39,19.3,435.04,431.55,0.9,147,92610,,,,,,
20140621:1200,2014,06,21,12,17,247.1,87.95,36.25,19.9,352.57,420.35,1.24,134,92570,,,,,,
20140621:1300,2014,06,21,13,18,78.8,48,35.8,20.6,120.63,408.75,1.86,124,92630,,,,,,
20140621:1400,2014,06,21,14,19,2.15,2.15,34.32,25.1,0,406.4,1.79,102,92690,,,,,,
20140621:1500,2014,06,21,15,20,0,0,32.61,30.45,0,410.1,2.21,81,92760,,,,,,
20140621:1600,2014,06,21,16,21,0,0,31.39,33.55,0,406,2.28,77,92810,,,,,,
20140621:1700,2014,06,21,17,22,0,0,30.24,34.6,0,399.65,2.21,80,92840,,,,,,
20140621:1800,2014,06,21,18,23,0,0,29.42,38.15,0,400.8,1.93,87,92860,,,,,,
20140621:1900,2014,06,21,19,0,0,0,29.08,38,0,396.75,1.93,93,92840,,,,,,
20140621:2000,2014,06,21,20,1,0,0,27.94,41.95,0,387.25,1.93,81,92850,,,,,,
20140621:2100,2014,06,21,21,2,0,0,27.03,46.25,0,387.25,1.79,71,92810,,,,,,
20140621:2200,2014,06,21,22,3,0,0,26.3,47.75,0,382.8,1.72,66,92830,,,,,,
20140621:2300,2014,06,21,23,4,0,0,25.62,52.75,0,381.65,1.86,65,92810,,,,,,
20140622:0000,2014,06,22,00,5,0,0,24.95,54.45,0,378.95,1.86,74,92830,,,,,,
20140622:0100,2014,06,22,01,6,194.25,73.75,25.49,54.55,648.11,378.85,1.31,79,92870,,,,,,
20140622:0200,2014,06,22,02,7,384.45,105.5,29.02,42.2,725.75,384.35,0.83,104,92890,,,,,,
20140622:0300,2014,06,22,03,8,574.15,126,31.37,35.95,783.94,395,0.97,144,92900,,,,,,
20140622:0400,2014,06,22,04,9,746.3,141.15,33.02,32.8,823.26,406.8,1.1,159,92890,,,,,,
20140622:0500,2014,06,22,05,10,879.3,142.5,34.51,27.9,853.34,413.95,0.76,187,92910,,,,,,
20140622:0600,2014,06,22,06,11,873.2,179.15,35.68,26.25,732.11,420.35,0.48,230,92900,,,,,,
20140622:0700,2014,06,22,07,12,879.45,196.1,36.33,20,695.13,418.6,2,298,92940,,,,,,
20140622:0800,2014,06,22,08,13,829.45,165.65,36.78,18.75,687.05,416.65,1.59,307,92880,,,,,,
20140622:0900,2014,06,22,09,14,681.65,177.15,37.08,18.1,561.51,419,0.97,286,92830,,,,,,
20140622:1000,2014,06,22,10,15,506.1,141.65,36.98,18.1,464.49,421.3,0.97,209,92780,,,,,,
20140622:1100,2014,06,22,11,16,379.2,138.25,35.96,19.9,381.03,432.35,2.76,157,92800,,,,,,
20140622:1200,2014,06,22,12,17,207.8,81.65,35.26,22,279.05,419.95,3.59,154,92770,,,,,,
20140622:1300,2014,06,22,13,18,64.4,34.6,34.25,24.25,116.4,417.85,3.45,153,92790,,,,,,
20140622:1400,2014,06,22,14,19,2.25,2.15,32.75,27.55,1.74,416.85,2.34,157,92840,,,,,,
20140622:1500,2014,06,22,15,20,0,0,31.19,32.25,0,404.1,1.93,153,92890,,,,,,
20140622:1600,2014,06,22,16,21,0,0,30.09,34.5,0,396.75,2.21,139,92920,,,,,,
20140622:1700,2014,06,22,17,22,0,0,29.29,36.85,0,394.6,2.07,126,92970,,,,,,
20140622:1800,2014,06,22,18,23,0,0,28.43,40.65,0,389,2,106,92970,,,,,,
20140622:1900,2014,06,22,19,0,0,0,27.62,40.35,0,373.9,1.79,91,93010,,,,,,
20140622:2000,2014,06,22,20,1,0,0,26.74,41.65,0,374.65,2.07,72,93000,,,,,,
20140622:2100,2014,06,22,21,2,0,0,26.15,46,0,374.65,2.21,69,92980,,,,,,
20140622:2200,2014,06,22,22,3,0,0,25.69,46,0,373.7,2.28,70,92980,,,,,,
20140622:2300,2014,06,22,23,4,0,0,25.17,47.5,0,372.95,2.14,71,92970,,,,,,
20140623:0000,2014,06,23,00,5,0,0,24.65,49.05,0,371,2.07,73,92960,,,,,,
20140623:0100,2014,06,23,01,6,193.9,74.3,25.14,50.8,645.99,371.1,1.59,75,92990,,,,,,
20140623:0200,2014,06,23,02,7,388.15,104.3,28.49,39.25,739.95,375.85,1.24,97,92990,,,,,,
20140623:0300,2014,06,23,03,8,582.15,124.8,30.73,34.6,800.99,386.3,1.17,139,93040,,,,,,
20140623:0400,2014,06,23,04,9,750.65,140.05,32.21,31.4,831.31,396.15,0.83,190,93010,,,,,,
20140623:0500,2014,06,23,05,10,884.85,149.2,33.45,29.65,852.42,404.85,1.1,270,92990,,,,,,
20140623:0600,2014,06,23,06,11,914.25,163.8,34.67,27.9,791.8,411.45,1.66,283,92950,,,,,,
20140623:0700,2014,06,23,07,12,927.8,195.05,35.28,26.25,745.43,422.1,1.86,271,92890,,,,,,
20140623:0800,2014,06,23,08,13,825.2,192.85,36.13,25.5,654.42,424,2.07,269,92840,,,,,,
20140623:0900,2014,06,23,09,14,608.25,195.25,36.55,23.05,459.52,433.1,2,262,92800,,,,,,
20140623:1000,2014,06,23,10,15,551,138.55,36.25,22.95,525.37,433.7,1.17,251,92750,,,,,,
20140623:1100,2014,06,23,11,16,388.45,118.15,35.92,22.95,427.08,423.85,0.69,121,92710,,,,,,
20140623:1200,2014,06,23,12,17,179.85,85.55,34.98,25.25,208.32,422.85,1.45,124,92700,,,,,,
20140623:1300,2014,06,23,13,18,60.85,37.8,34.47,26.95,89.81,419.75,2.97,152,92710,,,,,,
20140623:1400,2014,06,23,14,19,2.1,2.05,33.21,30.6,0.86,425.75,3.03,151,92720,,,,,,
20140623:1500,2014,06,23,15,20,0,0,31.47,33.55,0,410.3,2.76,128,92770,,,,,,
20140623:1600,2014,06,23,16,21,0,0,30.03,35.7,0,395.75,2.55,106,92810,,,,,,
20140623:1700,2014,06,23,17,22,0,0,28.94,39.35,0,389.95,2.21,91,92840,,,,,,
20140623:1800,2014,06,23,18,23,0,0,28,43.4,0,387.65,2,79,92840,,,,,,
20140623:1900,2014,06,23,19,0,0,0,26.88,53.1,0,384.75,1.59,59,92840,,,,,,
20140623:2000,2014,06,23,20,1,0,0,26.3,56.7,0,383,1.52,58,92810,,,,,,
20140623:2100,2014,06,23,21,2,0,0,25.87,58.55,0,381.25,1.52,62,92770,,,,,,
20140623:2200,2014,06,23,22,3,0,0,25.46,58.45,0,379.7,1.66,69,92760,,,,,,
20140623:2300,2014,06,23,23,4,0,0,25.05,60.35,0,378.75,1.72,74,92740,,,,,,
20140624:0000,2014,06,24,00,5,0,0,24.7,60.35,0,377.2,1.72,74,92750,,,,,,
20140624:0100,2014,06,24,01,6,191.65,74.85,25.23,60.45,633.74,377.3,1.31,75,92780,,,,,,
20140624:0200,2014,06,24,02,7,385.2,104.9,28.27,46.65,732.23,382.4,1.1,107,92810,,,,,,
20140624:0300,2014,06,24,03,8,576.85,126.3,30.31,39.75,790.07,392.65,1.1,146,92850,,,,,,
20140624:0400,2014,06,24,04,9,746.15,140.85,31.92,34.9,824.77,403.7,1.03,184,92860,,,,,,
20140624:0500,2014,06,24,05,10,869.05,151.25,33.26,31.8,832.16,412.6,0.97,222,92840,,,,,,
20140624:0600,2014,06,24,06,11,931.45,163.45,34.39,29.9,810.55,419.75,1.17,241,92810,,,,,,
20140624:0700,2014,06,24,07,12,936.5,155.7,35.19,31.1,794.37,432.15,1.24,213,92800,,,,,,
20140624:0800,2014,06,24,08,13,887.35,152.45,36.03,28.3,760.47,434.65,1.45,224,92740,,,,,,
20140624:0900,2014,06,24,09,14,765.15,162.3,36.62,26.5,670.56,434.3,1.45,233,92670,,,,,,
20140624:1000,2014,06,24,10,15,621.75,136.9,36.89,24.85,617.28,436.2,1.31,248,92660,,,,,,
20140624:1100,2014,06,24,11,16,393.05,116.5,36.67,24.75,436.61,428.65,1.1,258,92560,,,,,,
20140624:1200,2014,06,24,12,17,220.65,90.8,36.45,23.9,286.5,427.9,0.83,284,92560,,,,,,
20140624:1300,2014,06,24,13,18,76.35,42.95,35.85,24.6,129.86,426.55,0.83,355,92560,,,,,,
20140624:1400,2014,06,24,14,19,2.15,2.1,34.53,27.9,0.85,424.8,1.38,67,92570,,,,,,
20140624:1500,2014,06,24,15,20,0,0,32.8,31.65,0,419,2.48,94,92630,,,,,,
20140624:1600,2014,06,24,16,21,0,0,31.15,38.4,0,405.25,2.62,105,92660,,,,,,
20140624:1700,2014,06,24,17,22,0,0,29.85,41,0,399.05,2.34,106,92690,,,,,,
20140624:1800,2014,06,24,18,23,0,0,28.81,45.2,0,393.45,2.21,92,92690,,,,,,
20140624:1900,2014,06,24,19,0,0,0,28.61,46.65,0,391.3,2.34,92,92700,,,,,,
20140624:2000,2014,06,24,20,1,0,0,28.07,49.8,0,391.1,2.28,90,92700,,,,,,
20140624:2100,2014,06,24,21,2,0,0,27.63,51.45,0,391.9,2.34,90,92680,,,,,,
20140624:2200,2014,06,24,22,3,0,0,27.26,51.45,0,389.75,2.48,90,92720,,,,,,
20140624:2300,2014,06,24,23,4,0,0,26.91,53.1,0,389.4,2.48,91,92720,,,,,,
20140625:0000,2014,06,25,00,5,0,0,26.63,54.8,0,388.6,2.48,92,92750,,,,,,
20140625:0100,2014,06,25,01,6,188.55,74.8,27.17,51.45,620.22,389.3,2.28,94,92770,,,,,,
20140625:0200,2014,06,25,02,7,378.95,106.7,29.6,43.8,712.78,394.2,2.55,109,92830,,,,,,
20140625:0300,2014,06,25,03,8,561.5,131.4,31.53,37.25,755.22,405.25,3.45,130,92870,,,,,,
20140625:0400,2014,06,25,04,9,735.6,139.65,33.01,32.8,812.72,413.75,3.31,144,92900,,,,,,
20140625:0500,2014,06,25,05,10,828.4,149.3,34.22,31.95,787.72,421.9,2.62,158,92900,,,,,,
20140625:0600,2014,06,25,06,11,764.3,223.05,35.05,30.05,571.41,431.95,1.86,178,92910,,,,,,
20140625:0700,2014,06,25,07,12,843.75,236.2,32.34,42.95,618.18,435.85,3.38,189,92970,,,,,,
20140625:0800,2014,06,25,08,13,717.6,238.1,32.62,38.8,496.15,437.4,2.07,159,92940,,,,,,
20140625:0900,2014,06,25,09,14,631.1,225.35,33.32,36.5,451.2,441.25,2.07,100,92910,,,,,,
20140625:1000,2014,06,25,10,15,523.05,198.45,33.85,35.4,413.07,444.9,3.1,104,92870,,,,,,
20140625:1100,2014,06,25,11,16,348,147.2,33.88,35.4,316.79,432.35,2.55,147,92870,,,,,,
20140625:1200,2014,06,25,12,17,211.7,95.15,33.05,36.35,256.87,429.25,2.83,144,92880,,,,,,
20140625:1300,2014,06,25,13,18,75,43.6,31.79,38.7,121.84,419.4,4,120,92930,,,,,,
20140625:1400,2014,06,25,14,19,2.75,2.65,30.42,44.05,1.69,411.05,3.38,115,92940,,,,,,
20140625:1500,2014,06,25,15,20,0,0,29.24,48.5,0,405.45,2.83,108,93020,,,,,,
20140625:1600,2014,06,25,16,21,0,0,28.43,53.45,0,401.4,2.14,97,93080,,,,,,
20140625:1700,2014,06,25,17,22,0,0,27.88,57.05,0,403.5,1.79,84,93130,,,,,,
20140625:1800,2014,06,25,18,23,0,0,27.34,58.9,0,400.8,1.66,67,93140,,,,,,
20140625:1900,2014,06,25,19,0,0,0,27.28,60.9,0,401.75,1.66,89,93150,,,,,,
20140625:2000,2014,06,25,20,1,0,0,26.8,62.9,0,401.75,1.52,78,93130,,,,,,
20140625:2100,2014,06,25,21,2,0,0,26.38,64.95,0,400.2,1.45,67,93130,,,,,,
20140625:2200,2014,06,25,22,3,0,0,25.94,67.05,0,399.25,1.38,62,93110,,,,,,
20140625:2300,2014,06,25,23,4,0,0,25.57,69.25,0,397.7,1.31,54,93140,,,,,,
20140626:0000,2014,06,26,00,5,0,0,25.19,69.25,0,396.15,1.24,46,93140,,,,,,
20140626:0100,2014,06,26,01,6,181.35,74.8,25.78,69.3,584.01,396.05,0.9,47,93180,,,,,,
20140626:0200,2014,06,26,02,7,347.6,113.9,28.31,57.15,613.3,403.3,1.31,70,93230,,,,,,
20140626:0300,2014,06,26,03,8,545.5,130.75,29.79,48.65,729.28,411.05,0.76,86,93260,,,,,,
20140626:0400,2014,06,26,04,9,716.8,144.55,31.25,44.2,781.1,422.45,0.14,205,93270,,,,,,
20140626:0500,2014,06,26,05,10,817.55,158.35,32.51,41.55,765.07,432.9,0.48,263,93290,,,,,,
20140626:0600,2014,06,26,06,11,896.95,165.05,33.65,37.75,772.94,434.85,0.97,274,93260,,,,,,
20140626:0700,2014,06,26,07,12,869.75,199.15,34.1,36.6,682.42,436.6,0.97,234,93350,,,,,,
20140626:0800,2014,06,26,08,13,826.6,180.4,34.92,33.3,668.6,442.8,1.03,212,93320,,,,,,
20140626:0900,2014,06,26,09,14,731.25,145.8,35.45,31.25,650.89,444.75,1.03,199,93270,,,,,,
20140626:1000,2014,06,26,10,15,615.65,129.85,35.7,31.25,617.95,439.1,0.62,204,93230,,,,,,
20140626:1100,2014,06,26,11,16,413.65,116.05,35.51,30.15,469.2,439.7,0.69,228,93170,,,,,,
20140626:1200,2014,06,26,12,17,241.15,95.3,35.05,31.1,321.13,432.55,0.55,48,93150,,,,,,
20140626:1300,2014,06,26,13,18,80.85,45.05,33.8,33.05,138.68,429.45,2.34,65,93180,,,,,,
20140626:1400,2014,06,26,14,19,2.65,2.55,32.7,37.5,1.68,426.9,2.41,74,93190,,,,,,
20140626:1500,2014,06,26,15,20,0,0,31.38,42.7,0,415.1,2.14,78,93260,,,,,,
20140626:1600,2014,06,26,16,21,0,0,30.21,45.6,0,406.6,2.14,77,93300,,,,,,
20140626:1700,2014,06,26,17,22,0,0,29.4,50.2,0,404.45,2.07,70,93340,,,,,,
20140626:1800,2014,06,26,18,23,0,0,28.67,55.3,0,401.95,1.86,73,93360,,,,,,
20140626:1900,2014,06,26,19,0,0,0,28.29,55.3,0,402.35,1.45,71,93340,,,,,,
20140626:2000,2014,06,26,20,1,0,0,27.84,57.05,0,401.2,1.52,76,93310,,,,,,
20140626:2100,2014,06,26,21,2,0,0,27.34,58.9,0,399.45,1.59,75,93330,,,,,,
20140626:2200,2014,06,26,22,3,0,0,26.92,60.8,0,398.85,1.72,75,93330,,,,,,
20140626:2300,2014,06,26,23,4,0,0,26.64,62.8,0,398.1,1.86,77,93330,,,,,,
20140627:0000,2014,06,27,00,5,0,0,26.46,62.8,0,397.5,2,79,93340,,,,,,
20140627:0100,2014,06,27,01,6,184.75,73.95,27.12,60.8,610.69,398.2,1.79,84,93390,,,,,,
20140627:0200,2014,06,27,02,7,369.7,105.45,29.71,48.65,695.19,403.5,1.86,100,93430,,,,,,
20140627:0300,2014,06,27,03,8,564.7,127.6,31.65,42.7,769.71,413,1.86,120,93480,,,,,,
20140627:0400,2014,06,27,04,9,729.25,142,33.09,37.65,802.33,424.4,1.24,142,93490,,,,,,
20140627:0500,2014,06,27,05,10,845.1,162.4,34.3,34.35,792.82,433.7,0.62,183,93490,,,,,,
20140627:0600,2014,06,27,06,11,898.7,180.8,35.39,32.3,758.42,441.25,0.76,252,93450,,,,,,
20140627:0700,2014,06,27,07,12,916.1,166.95,35.66,33.45,762.47,446.3,0.55,260,93470,,,,,,
20140627:0800,2014,06,27,08,13,888.15,151.2,36.53,30.45,762.47,455,1.1,263,93420,,,,,,
20140627:0900,2014,06,27,09,14,686.95,194.95,37.29,28.65,546.88,451.3,1.31,264,93370,,,,,,
20140627:1000,2014,06,27,10,15,621.9,138.4,37.38,28.65,614.8,453.45,1.52,263,93300,,,,,,
20140627:1100,2014,06,27,11,16,449.95,114.15,37.41,28.65,529.12,447.65,1.72,267,93230,,,,,,
20140627:1200,2014,06,27,12,17,234.7,95.85,36.03,30.3,305.45,439.9,2,290,93160,,,,,,
20140627:1300,2014,06,27,13,18,81.35,44.05,35.69,31.25,144.28,439.3,1.17,320,93140,,,,,,
20140627:1400,2014,06,27,14,19,2.8,2.7,34.89,33.3,1.67,428.3,0.62,28,93160,,,,,,
20140627:1500,2014,06,27,15,20,0,0,33.35,36.5,0,424.4,1.93,97,93240,,,,,,
20140627:1600,2014,06,27,16,21,0,0,32.5,38.8,0,426.15,2.28,105,93310,,,,,,
20140627:1700,2014,06,27,17,22,0,0,31.72,41.4,0,426.75,2.48,111,93340,,,,,,
20140627:1800,2014,06,27,18,23,0,0,30.95,44.05,0,425.75,2.55,112,93380,,,,,,
20140627:1900,2014,06,27,19,0,0,0,30.47,45.6,0,414.75,1.72,100,93280,,,,,,
20140627:2000,2014,06,27,20,1,0,0,29.88,47,0,414.75,1.86,95,93280,,,,,,
20140627:2100,2014,06,27,21,2,0,0,29.32,50.2,0,413.55,2.14,89,93250,,,,,,
20140627:2200,2014,06,27,22,3,0,0,28.89,51.8,0,411.85,2.34,90,93250,,,,,,
20140627:2300,2014,06,27,23,4,0,0,28.6,53.45,0,413.4,2.41,89,93230,,,,,,
20140628:0000,2014,06,28,00,5,0,0,28.35,53.45,0,413.75,2.34,89,93240,,,,,,
20140628:0100,2014,06,28,01,6,168.65,72.2,28.99,51.8,534.75,422.4,2.14,91,93260,,,,,,
20140628:0200,2014,06,28,02,7,370.05,105,31.02,47.15,699.12,419.4,2.41,104,93290,,,,,,
20140628:0300,2014,06,28,03,8,533.85,140.15,32.77,41.65,694.35,424.8,2.76,121,93330,,,,,,
20140628:0400,2014,06,28,04,9,717.3,144.55,34.12,39.2,783.28,440.3,2.07,138,93340,,,,,,
20140628:0500,2014,06,28,05,10,826.05,155.7,35.37,34.6,778.97,444.75,1.1,175,93300,,,,,,
20140628:0600,2014,06,28,06,11,875.3,167.85,36.45,32.55,747.66,451.9,0.97,223,93260,,,,,,
20140628:0700,2014,06,28,07,12,886.45,165.7,36.86,33.8,733.69,460.6,1.52,236,93250,,,,,,
20140628:0800,2014,06,28,08,13,791.65,169.7,37.81,30.8,643.49,462.35,1.66,245,93190,,,,,,
20140628:0900,2014,06,28,09,14,776,145.55,38.32,28.9,700.67,469.7,1.66,249,93120,,,,,,
20140628:1000,2014,06,28,10,15,555.3,140.5,38.8,28.1,527.27,465.85,1.66,248,93060,,,,,,
20140628:1100,2014,06,28,11,16,399.4,121.95,38.64,27.95,436.96,462.75,1.59,245,92970,,,,,,
20140628:1200,2014,06,28,12,17,215.5,82,38.56,27,293.47,461,1.45,249,92910,,,,,,
20140628:1300,2014,06,28,13,18,68.05,41,38.1,26.9,104.51,455.75,0.62,262,92890,,,,,,
20140628:1400,2014,06,28,14,19,2.45,2.35,36.49,30.45,1.66,453.65,1.1,148,92890,,,,,,
20140628:1500,2014,06,28,15,20,0,0,35.13,34.45,0,443.2,2.07,140,92940,,,,,,
20140628:1600,2014,06,28,16,21,0,0,33.78,37.9,0,431,2.14,127,92980,,,,,,
20140628:1700,2014,06,28,17,22,0,0,32.58,42.95,0,425.4,2.14,116,93020,,,,,,
20140628:1800,2014,06,28,18,23,0,0,31.69,47.25,0,422.85,2.14,107,93010,,,,,,
20140628:1900,2014,06,28,19,0,0,0,31.76,47.4,0,425.35,2.69,114,92960,,,,,,
20140628:2000,2014,06,28,20,1,0,0,31.06,52.15,0,426.35,3.66,98,92940,,,,,,
20140628:2100,2014,06,28,21,2,0,0,29.45,55.5,0,427.1,4.83,96,92940,,,,,,
20140628:2200,2014,06,28,22,3,0,0,28.45,57.15,0,427.9,3.72,96,92920,,,,,,
20140628:2300,2014,06,28,23,4,0,0,28.1,59,0,419,3.45,95,92930,,,,,,
20140629:0000,2014,06,29,00,5,0,0,28.13,57.05,0,421.5,3.24,103,92930,,,,,,
20140629:0100,2014,06,29,01,6,166.1,74.85,28.58,57.15,509.08,421.05,2.83,119,92960,,,,,,
20140629:0200,2014,06,29,02,7,350.3,123.05,29.51,55.5,601.05,423.65,3.79,129,92980,,,,,,
20140629:0300,2014,06,29,03,8,551.9,129.7,30.82,53.9,745.8,432.55,3.38,133,93000,,,,,,
20140629:0400,2014,06,29,04,9,701.85,158.95,32.41,50.8,743.22,438.15,2.97,142,93000,,,,,,
20140629:0500,2014,06,29,05,10,815.05,156.8,33.87,46.35,765.41,450.15,2.9,153,93000,,,,,,
20140629:0600,2014,06,29,06,11,851.4,181.1,34.92,43.6,708.68,458.3,3.1,167,92980,,,,,,
20140629:0700,2014,06,29,07,12,792.8,214.7,34.69,46.45,588.59,460.6,2.62,150,93050,,,,,,
20140629:0800,2014,06,29,08,13,687.25,226.1,35.43,43.75,477.13,471.25,3.52,152,92970,,,,,,
20140629:0900,2014,06,29,09,14,630.35,243.55,35.19,45.05,429.82,473,3.93,146,92930,,,,,,
20140629:1000,2014,06,29,10,15,493.95,196.7,32.99,54.4,377.74,473.75,3.45,121,92940,,,,,,
20140629:1100,2014,06,29,11,16,351.15,128.1,33.53,51.05,351.14,464.3,3.17,111,92900,,,,,,
20140629:1200,2014,06,29,12,17,199.05,95.75,33.59,51.05,226.94,451.1,2.21,120,92810,,,,,,
20140629:1300,2014,06,29,13,18,71.5,43.45,32.53,54.25,108.28,444.55,2.14,132,92830,,,,,,
20140629:1400,2014,06,29,14,19,2.6,2.5,31.88,55.95,1.66,442.2,2.76,125,92810,,,,,,
20140629:1500,2014,06,29,15,20,0,0,30.94,61.55,0,436.4,2.55,122,92850,,,,,,
20140629:1600,2014,06,29,16,21,0,0,30.22,61.55,0,429.25,2.28,112,92900,,,,,,
20140629:1700,2014,06,29,17,22,0,0,29.66,65.5,0,425.75,2.21,110,92940,,,,,,
20140629:1800,2014,06,29,18,23,0,0,29.13,67.6,0,424.4,2.14,105,92940,,,,,,
20140629:1900,2014,06,29,19,0,0,0,28.63,67.5,0,419.75,2.34,112,92980,,,,,,
20140629:2000,2014,06,29,20,1,0,0,28.25,67.5,0,419.4,2.28,105,92940,,,,,,
20140629:2100,2014,06,29,21,2,0,0,27.88,69.65,0,418.4,2,100,92900,,,,,,
20140629:2200,2014,06,29,22,3,0,0,27.59,71.9,0,419.75,1.72,99,92860,,,,,,
20140629:2300,2014,06,29,23,4,0,0,27.41,74.3,0,426.35,1.45,101,92850,,,,,,
20140630:0000,2014,06,30,00,5,0,0,27.16,76.7,0,423.25,1.52,95,92870,,,,,,
20140630:0100,2014,06,30,01,6,139.1,67.75,27.41,74.3,400.68,426.85,1.38,95,92880,,,,,,
20140630:0200,2014,06,30,02,7,296.75,107.35,28.41,67.5,502.37,429.85,1.52,113,92910,,,,,,
20140630:0300,2014,06,30,03,8,456.7,148.3,29.24,63.4,545.68,429.25,1.52,139,92950,,,,,,
20140630:0400,2014,06,30,04,9,546.4,177.2,30.51,59.55,505.96,444.75,1.66,167,92970,,,,,,
20140630:0500,2014,06,30,05,10,642.55,196.45,31.43,57.75,519.08,456.55,2.48,173,92990,,,,,,
20140630:0600,2014,06,30,06,11,649.1,196.1,32.24,56.1,479.14,467.95,2.69,160,92990,,,,,,
20140630:0700,2014,06,30,07,12,815.1,195.55,32.57,54.25,630.93,463.5,2.55,148,92940,,,,,,
20140630:0800,2014,06,30,08,13,793,185.95,33.86,51.15,628.12,460,2.76,147,92900,,,,,,
20140630:0900,2014,06,30,09,14,653.15,220,34.83,48.15,481.29,465.25,2.97,150,92860,,,,,,
20140630:1000,2014,06,30,10,15,552.6,169.2,35.08,48.15,487.11,469.1,3.24,157,92820,,,,,,
20140630:1100,2014,06,30,11,16,358.5,124,34.87,46.6,369.03,464.85,3.45,157,92760,,,,,,
20140630:1200,2014,06,30,12,17,151.75,84.5,32.76,52.65,147.67,457.9,3.52,123,92790,,,,,,
20140630:1300,2014,06,30,13,18,64.9,41.25,30.87,59.55,91.23,447.45,2.55,127,92810,,,,,,
20140630:1400,2014,06,30,14,19,2.3,2.25,30.63,59.55,0.83,443.95,2.83,110,92840,,,,,,
20140630:1500,2014,06,30,15,20,0,0,29.93,61.45,0,431,2.83,97,92880,,,,,,
20140630:1600,2014,06,30,16,21,0,0,25.25,79.35,0,418.28,2.59,94,92940,,,,,,
20140630:1700,2014,06,30,17,22,0,0,25.86,76.98,0,421.06,2.49,100,93000,,,,,,
20140630:1800,2014,06,30,18,23,0,0,26.48,74.61,0,423.83,2.38,101,93000,,,,,,
20140630:1900,2014,06,30,19,0,0,0,27.09,72.24,0,426.6,2.27,77,92980,,,,,,
20140630:2000,2014,06,30,20,1,0,0,27.71,69.87,0,429.38,2.16,78,92950,,,,,,
20140630:2100,2014,06,30,21,2,0,0,28.33,67.51,0,432.15,2.06,105,93000,,,,,,
20140630:2200,2014,06,30,22,3,0,0,28.94,65.14,0,434.92,1.95,102,93080,,,,,,
20140630:2300,2014,06,30,23,4,0,0,29.56,62.77,0,437.7,1.84,64,93060,,,,,,
20160701:0000,2016,07,01,00,5,0,0,30.17,60.4,0,440.47,1.74,30,92710,,,,,,
20160701:0100,2016,07,01,01,6,162.65,71.05,30.79,58.03,521.72,443.24,1.63,35,92690,,,,,,
20160701:0200,2016,07,01,02,7,333.6,102.45,31.41,55.66,616.83,446.02,1.52,13,92710,,,,,,
20160701:0300,2016,07,01,03,8,516.1,141.5,32.02,53.29,665.15,448.79,1.41,340,92730,,,,,,
20160701:0400,2016,07,01,04,9,608.15,215.3,32.64,50.93,539.58,451.56,1.31,279,92720,,,,,,
20160701:0500,2016,07,01,05,10,763.1,175.45,33.25,48.56,684.78,454.34,1.2,241,92710,,,,,,
20160701:0600,2016,07,01,06,11,892.65,157.35,33.87,46.19,778.44,457.11,1.09,226,92690,,,,,,
20160701:0700,2016,07,01,07,12,761.9,198.8,34.49,43.82,573.74,459.88,0.98,242,92670,,,,,,
20160701:0800,2016,07,01,08,13,720.8,184.2,37.88,37.55,555.33,478.8,2.69,242,92600,,,,,,
20160701:0900,2016,07,01,09,14,546.15,194.5,38.21,35.25,390.7,480.55,2.97,233,92490,,,,,,
20160701:1000,2016,07,01,10,15,513.75,157.6,38.28,35.25,452.36,484.8,2.41,234,92500,,,,,,
20160701:1100,2016,07,01,11,16,373.85,123,38.38,34.1,394.58,479.55,2.07,233,92370,,,,,,
20160701:1200,2016,07,01,12,17,225.05,90.3,37.63,35.1,295.72,475.5,1.72,238,92360,,,,,,
20160701:1300,2016,07,01,13,18,69.05,39.45,35.98,41.05,114.13,467.95,0.62,80,92400,,,,,,
20160701:1400,2016,07,01,14,19,2.25,2.2,34.33,46.45,0.83,466.4,2.83,90,92450,,,,,,
20160701:1500,2016,07,01,15,20,0,0,33.35,49.4,0,459.05,3.79,105,92480,,,,,,
20160701:1600,2016,07,01,16,21,0,0,32.59,52.65,0,455.75,3.24,118,92550,,,,,,
20160701:1700,2016,07,01,17,22,0,0,31.71,55.95,0,448,3.59,132,92600,,,,,,
20160701:1800,2016,07,01,18,23,0,0,30.57,63.6,0,445.3,3.86,134,92610,,,,,,
20160701:1900,2016,07,01,19,0,0,0,29.26,72.15,0,435.25,2.07,115,92550,,,,,,
20160701:2000,2016,07,01,20,1,0,0,28.91,72.15,0,433.9,1.66,115,92510,,,,,,
20160701:2100,2016,07,01,21,2,0,0,28.58,74.5,0,435.85,1.38,134,92470,,,,,,
20160701:2200,2016,07,01,22,3,0,0,27.88,76.85,0,434.3,2,164,92500,,,,,,
20160701:2300,2016,07,01,23,4,0,0,26.78,87.35,0,430.8,2.76,158,92530,,,,,,
20160702:0000,2016,07,02,00,5,0,0,26.07,90.2,0,432.55,2.69,128,92560,,,,,,
20160702:0100,2016,07,02,01,6,100.7,66.2,26.21,90.2,197.99,435.95,3.1,114,92590,,,,,,
20160702:0200,2016,07,02,02,7,201.65,123.1,26.9,84.6,210.29,436,3.79,121,92660,,,,,,
20160702:0300,2016,07,02,03,8,257.3,164.35,27.86,79.35,165.35,437.95,4.14,132,92670,,,,,,
20160702:0400,2016,07,02,04,9,386.55,248.8,28.45,74.5,189.42,453.85,4.07,147,92710,,,,,,
20160702:0500,2016,07,02,05,10,620.2,293.2,29.29,69.85,381.34,454,4.21,151,92740,,,,,,
20160702:0600,2016,07,02,06,11,803.75,205.9,30.81,63.6,633.23,455.35,3.52,154,92730,,,,,,
20160702:0700,2016,07,02,07,12,408.85,319.75,32.32,59.85,90.81,461.35,5.03,140,92740,,,,,,
20160702:0800,2016,07,02,08,13,404.95,253.8,31.61,59.75,156.45,475.3,4.9,141,92720,,,,,,
20160702:0900,2016,07,02,09,14,320.95,232.65,31.69,61.75,98.11,470.45,4.41,144,92710,,,,,,
20160702:1000,2016,07,02,10,15,419.05,195.9,31.55,59.75,283.41,474.55,4.21,141,92630,,,,,,
20160702:1100,2016,07,02,11,16,197.7,115.05,32.21,57.95,129.99,465.25,4.41,135,92630,,,,,,
20160702:1200,2016,07,02,12,17,85.45,60.05,30.06,67.8,55.74,460.6,4.41,126,92630,,,,,,
20160702:1300,2016,07,02,13,18,43.65,33.85,28.09,74.4,37.79,453.45,4.83,117,92680,,,,,,
20160702:1400,2016,07,02,14,19,1.85,1.85,27.21,76.7,0,448.4,4,112,92710,,,,,,
20160702:1500,2016,07,02,15,20,0,0,26.72,79.2,0,438.75,3.38,116,92810,,,,,,
20160702:1600,2016,07,02,16,21,0,0,26.17,84.5,0,437.95,3.59,127,92890,,,,,,
20160702:1700,2016,07,02,17,22,0,0,25.69,87.3,0,436.2,4.34,125,92930,,,,,,
20160702:1800,2016,07,02,18,23,0,0,25.33,90.15,0,442.6,4.62,128,92960,,,,,,
20160702:1900,2016,07,02,19,0,0,0,25.6,84.45,0,438.75,3.17,140,92940,,,,,,
20160702:2000,2016,07,02,20,1,0,0,25.08,87.25,0,437.4,3.45,135,92910,,,,,,
20160702:2100,2016,07,02,21,2,0,0,24.85,87.25,0,435.85,3.17,125,92840,,,,,,
20160702:2200,2016,07,02,22,3,0,0,24.77,90.1,0,427.9,3.17,130,92850,,,,,,
20160702:2300,2016,07,02,23,4,0,0,24.6,90.1,0,431.4,3.45,134,92830,,,,,,
20160703:0000,2016,07,03,00,5,0,0,24.39,93.1,0,437.55,3.45,135,92810,,,,,,
20160703:0100,2016,07,03,01,6,45.65,43.9,24.41,93.1,10.12,437.1,3.72,138,92810,,,,,,
20160703:0200,2016,07,03,02,7,50.55,46.95,24.17,93.1,9.67,439.1,4.07,142,92840,,,,,,
20160703:0300,2016,07,03,03,8,52.55,52.55,23.91,93.1,0,440.45,4.41,139,92860,,,,,,
20160703:0400,2016,07,03,04,9,116.35,110.95,23.8,96.2,7.43,438.75,4.76,133,92870,,,,,,
20160703:0500,2016,07,03,05,10,108.55,104.1,23.78,96.2,5.19,438.9,4.48,128,92940,,,,,,
20160703:0600,2016,07,03,06,11,337.35,231.65,23.86,90.1,112.01,438.55,3.79,112,93010,,,,,,
20160703:0700,2016,07,03,07,12,390.25,252.65,25.17,87.25,140.28,437.75,2.69,111,93090,,,,,,
20160703:0800,2016,07,03,08,13,266.5,255.1,25.65,81.75,11.8,440.1,3.31,102,93070,,,,,,
20160703:0900,2016,07,03,09,14,384.5,223.65,25.9,79.15,178.73,442.2,3.45,97,93030,,,,,,
20160703:1000,2016,07,03,10,15,209.65,145.75,26.71,76.65,81.16,432.35,3.52,104,92960,,,,,,
20160703:1100,2016,07,03,11,16,218.95,135.8,27.02,74.25,130.77,442,3.1,116,92890,,,,,,
20160703:1200,2016,07,03,12,17,186.25,83.1,27.16,74.25,226.36,431,2.55,124,92820,,,,,,
20160703:1300,2016,07,03,13,18,72.1,43.95,27.15,74.25,108.6,432.55,2.55,125,92810,,,,,,
20160703:1400,2016,07,03,14,19,2.75,2.7,26.56,76.65,0.84,424.6,2.07,132,92810,,,,,,
20160703:1500,2016,07,03,15,20,0,0,25.58,81.75,0,406.8,1.38,128,92870,,,,,,
20160703:1600,2016,07,03,16,21,0,0,24.97,87.25,0,405.85,1.31,110,92910,,,,,,
20160703:1700,2016,07,03,17,22,0,0,24.73,90.1,0,411.05,1.17,110,92980,,,,,,
20160703:1800,2016,07,03,18,23,0,0,24.38,90.1,0,404.85,1.17,121,93050,,,,,,
20160703:1900,2016,07,03,19,0,0,0,24.52,90.1,0,408.55,0.83,96,93000,,,,,,
20160703:2000,2016,07,03,20,1,0,0,24.34,90.1,0,404.45,0.97,88,93020,,,,,,
20160703:2100,2016,07,03,21,2,0,0,24.44,87.2,0,408.95,1.59,80,93010,,,,,,
20160703:2200,2016,07,03,22,3,0,0,24.41,87.2,0,413.75,1.66,76,93010,,,,,,
20160703:2300,2016,07,03,23,4,0,0,24.36,87.2,0,414.9,1.59,73,92990,,,,,,
20160704:0000,2016,07,04,00,5,0,0,24.18,84.35,0,412.8,1.24,81,92980,,,,,,
20160704:0100,2016,07,04,01,6,122.7,63,24.32,84.35,348.18,407.3,0.83,80,92980,,,,,,
20160704:0200,2016,07,04,02,7,271.85,95.2,25.52,76.5,476.11,412.2,0.41,103,92970,,,,,,
20160704:0300,2016,07,04,03,8,505.25,133.35,26.76,71.75,664.13,414.75,0.28,156,92990,,,,,,
20160704:0400,2016,07,04,04,9,684.85,155.75,28,67.4,729.36,415.9,0.55,276,92970,,,,,,
20160704:0500,2016,07,04,05,10,749.45,179.75,29.14,63.3,665.44,429.25,1.59,285,92960,,,,,,
20160704:0600,2016,07,04,06,11,840.1,186.25,30.08,59.45,693.27,439.1,2.48,295,92900,,,,,,
20160704:0700,2016,07,04,07,12,837.25,210.55,30.83,57.6,639.14,435.85,2.21,275,92970,,,,,,
20160704:0800,2016,07,04,08,13,825.5,191.75,31.33,55.85,656.2,435.45,2.28,279,92880,,,,,,
20160704:0900,2016,07,04,09,14,696.95,149.35,31.81,54.15,608.51,441.65,2.07,285,92810,,,,,,
20160704:1000,2016,07,04,10,15,574,131.75,32.12,52.5,561.7,439.7,1.86,291,92750,,,,,,
20160704:1100,2016,07,04,11,16,386,130.05,32.12,52.5,402.56,436,1.66,296,92690,,,,,,
20160704:1200,2016,07,04,12,17,187.55,90.9,32.07,52.5,212.14,436.8,1.38,291,92630,,,,,,
20160704:1300,2016,07,04,13,18,55.8,42.1,31.74,54.15,52.89,446.1,1.31,301,92650,,,,,,
20160704:1400,2016,07,04,14,19,2.3,2.25,30.88,61.55,0.84,440.85,0.9,343,92680,,,,,,
20160704:1500,2016,07,04,15,20,0,0,29.37,69.85,0,429.85,1.24,40,92720,,,,,,
20160704:1600,2016,07,04,16,21,0,0,28.21,76.85,0,425,1.38,44,92800,,,,,,
20160704:1700,2016,07,04,17,22,0,0,27.54,79.35,0,422.65,1.59,60,92870,,,,,,
20160704:1800,2016,07,04,18,23,0,0,27.01,81.9,0,421.7,1.66,73,92890,,,,,,
20160704:1900,2016,07,04,19,0,0,0,26.66,84.55,0,415.7,1.52,74,92870,,,,,,
20160704:2000,2016,07,04,20,1,0,0,26.56,84.55,0,418,1.79,70,92850,,,,,,
20160704:2100,2016,07,04,21,2,0,0,26.15,84.5,0,419.4,1.86,65,92840,,,,,,
20160704:2200,2016,07,04,22,3,0,0,25.44,84.45,0,424.8,1.24,42,92840,,,,,,
20160704:2300,2016,07,04,23,4,0,0,25.18,87.25,0,422.85,1.17,48,92800,,,,,,
20160705:0000,2016,07,05,00,5,0,0,24.89,84.4,0,411.65,1.86,44,92790,,,,,,
20160705:0100,2016,07,05,01,6,155.25,75.35,25.32,87.25,469.99,415.4,1.45,53,92790,,,,,,
20160705:0200,2016,07,05,02,7,319.35,107.55,27.13,74.25,572.87,411.05,0.69,46,92800,,,,,,
20160705:0300,2016,07,05,03,8,481.7,150.9,28.85,65.3,591.93,425.4,0.34,291,92820,,,,,,
20160705:0400,2016,07,05,04,9,632.7,160.25,29.78,63.4,652.1,427.5,1.45,256,92830,,,,,,
20160705:0500,2016,07,05,05,10,776.8,176.95,30.71,59.55,701.25,435.05,1.79,264,92810,,,,,,
20160705:0600,2016,07,05,06,11,874,157.75,31.57,57.85,759.86,439.9,2,282,92750,,,,,,
20160705:0700,2016,07,05,07,12,904.65,164.45,32.36,54.25,755.16,439.3,1.66,280,92740,,,,,,
20160705:0800,2016,07,05,08,13,855.9,170.75,33.07,51.05,709.57,446.45,1.72,275,92670,,,,,,
20160705:0900,2016,07,05,09,14,717.2,179.65,33.63,49.5,597.43,453.25,1.66,271,92620,,,,,,
20160705:1000,2016,07,05,10,15,589.45,164.35,33.91,47.9,539.97,449.75,1.1,273,92590,,,,,,
20160705:1100,2016,07,05,11,16,405.6,115.9,33.98,46.45,455.71,446.85,0.83,288,92540,,,,,,
20160705:1200,2016,07,05,12,17,201.95,95.25,33.99,44.95,234.27,446.65,0.9,296,92510,,,,,,
20160705:1300,2016,07,05,13,18,75.95,49.05,33.5,46.35,103.96,444.35,0.97,350,92530,,,,,,
20160705:1400,2016,07,05,14,19,2.45,2.4,32.2,56.1,0.85,430.8,1.59,38,92560,,,,,,
20160705:1500,2016,07,05,15,20,0,0,30.46,63.6,0,428.3,2.14,51,92620,,,,,,
20160705:1600,2016,07,05,16,21,0,0,29.27,69.85,0,423.45,2.34,60,92690,,,,,,
20160705:1700,2016,07,05,17,22,0,0,28.47,72.1,0,422.45,2.28,71,92750,,,,,,
20160705:1800,2016,07,05,18,23,0,0,27.96,74.4,0,421.7,2.21,82,92770,,,,,,
20160705:1900,2016,07,05,19,0,0,0,26.95,84.6,0,425.4,1.17,29,92750,,,,,,
20160705:2000,2016,07,05,20,1,0,0,26.45,81.85,0,426.15,1.93,40,92710,,,,,,
20160705:2100,2016,07,05,21,2,0,0,25.46,81.75,0,425.35,2.97,42,92740,,,,,,
20160705:2200,2016,07,05,22,3,0,0,24.13,81.65,0,417.05,2.55,64,92750,,,,,,
20160705:2300,2016,07,05,23,4,0,0,24,78.95,0,418.8,2.69,50,92690,,,,,,
20160706:0000,2016,07,06,00,5,0,0,24.13,76.35,0,411.65,2.48,30,92720,,,,,,
20160706:0100,2016,07,06,01,6,141.45,70.9,24.54,76.35,418.7,407.5,1.59,20,92730,,,,,,
20160706:0200,2016,07,06,02,7,249.45,127.85,25.75,71.6,330.1,403.9,0.48,291,92800,,,,,,
20160706:0300,2016,07,06,03,8,411.4,142.65,26.86,69.4,481.89,413.95,1.03,300,92830,,,,,,
20160706:0400,2016,07,06,04,9,619.9,194.95,27.95,63.1,587.31,420.35,1.45,357,92870,,,,,,
20160706:0500,2016,07,06,05,10,690.85,215.75,29.26,61.25,555.9,429.05,1.1,19,92900,,,,,,
20160706:0600,2016,07,06,06,11,812.45,190.5,30.45,57.6,660.2,440.3,0.34,326,92870,,,,,,
20160706:0700,2016,07,06,07,12,908.25,167.15,31.5,55.95,756.37,433.3,1.86,339,92910,,,,,,
20160706:0800,2016,07,06,08,13,854.7,164.25,32.53,52.65,715.25,438.75,1.38,312,92850,,,,,,
20160706:0900,2016,07,06,09,14,718.4,178.25,33.04,51.05,600.42,443.55,1.38,295,92780,,,,,,
20160706:1000,2016,07,06,10,15,603.7,142.1,33.23,51.05,586.42,444.9,0.9,298,92780,,,,,,
20160706:1100,2016,07,06,11,16,392.65,151.1,33.21,51.05,380.05,442.6,0.55,346,92720,,,,,,
20160706:1200,2016,07,06,12,17,189.95,100.1,33.3,51.05,197.37,445.1,0.9,18,92700,,,,,,
20160706:1300,2016,07,06,13,18,66.65,42.7,31.82,55.95,92.68,437.95,1.17,31,92730,,,,,,
20160706:1400,2016,07,06,14,19,2.3,2.25,31.06,59.65,0.85,437.2,1.1,42,92750,,,,,,
20160706:1500,2016,07,06,15,20,0,0,29.86,65.5,0,431,0.76,58,92790,,,,,,
20160706:1600,2016,07,06,16,21,0,0,28.55,76.95,0,422.1,0.83,58,92860,,,,,,
20160706:1700,2016,07,06,17,22,0,0,28.07,74.4,0,421.9,0.97,40,92920,,,,,,
20160706:1800,2016,07,06,18,23,0,0,27.54,76.8,0,426.75,1.59,46,92890,,,,,,
20160706:1900,2016,07,06,19,0,0,0,26.71,87.35,0,417.65,0.97,25,92960,,,,,,
20160706:2000,2016,07,06,20,1,0,0,26.68,87.35,0,421.9,1.17,19,92960,,,,,,
20160706:2100,2016,07,06,21,2,0,0,26.54,84.55,0,424.8,2,36,92940,,,,,,
20160706:2200,2016,07,06,22,3,0,0,26.41,79.2,0,427.1,1.72,50,92890,,,,,,
20160706:2300,2016,07,06,23,4,0,0,26.03,81.8,0,422.1,1.24,58,92860,,,,,,
20160707:0000,2016,07,07,00,5,0,0,25.71,87.3,0,417.85,0.48,20,92870,,,,,,
20160707:0100,2016,07,07,01,6,110.5,56.9,25.6,81.75,321.05,416.8,1.17,326,92930,,,,,,
20160707:0200,2016,07,07,02,7,302.2,110.9,26.67,76.65,521.26,415.5,1.52,4,92950,,,,,,
20160707:0300,2016,07,07,03,8,446,160.75,28.22,67.4,512.57,419.4,0.48,80,93000,,,,,,
20160707:0400,2016,07,07,04,9,505.5,171.75,29.31,65.4,461.88,427.7,1.31,180,93030,,,,,,
20160707:0500,2016,07,07,05,10,720.8,197.35,30.11,61.45,613.02,435.05,1.38,187,93070,,,,,,
20160707:0600,2016,07,07,06,11,872,164.1,31.04,59.65,751.89,439.1,1.93,171,93070,,,,,,
20160707:0700,2016,07,07,07,12,835.95,203.7,32.42,49.25,645.55,440.85,0.69,234,93070,,,,,,
20160707:0800,2016,07,07,08,13,750.4,183.65,32.98,49.4,587.27,448.2,0.9,217,93070,,,,,,
20160707:0900,2016,07,07,09,14,565.8,195.1,33.27,49.4,412.15,452.1,0.34,210,93010,,,,,,
20160707:1000,2016,07,07,10,15,522.8,159.85,33.37,49.4,461.2,452.65,0.21,156,92980,,,,,,
20160707:1100,2016,07,07,11,16,350,114.95,33.19,49.4,369.94,452.45,0.21,146,92900,,,,,,
20160707:1200,2016,07,07,12,17,204.25,86.65,31.73,55.95,258.48,447.85,0.41,155,92880,,,,,,
20160707:1300,2016,07,07,13,18,70.2,41.65,31.57,55.95,110.65,451.5,0.28,89,92870,,,,,,
20160707:1400,2016,07,07,14,19,2.35,2.3,31,57.75,0.86,435.05,0.34,52,92870,,,,,,
20160707:1500,2016,07,07,15,20,0,0,29.91,63.5,0,427.5,0.83,31,92890,,,,,,
20160707:1600,2016,07,07,16,21,0,0,28.83,74.5,0,421.3,0.9,354,92960,,,,,,
20160707:1700,2016,07,07,17,22,0,0,28.1,76.85,0,418.8,1.03,356,93010,,,,,,
20160707:1800,2016,07,07,18,23,0,0,27.73,76.8,0,421.7,1.59,33,93000,,,,,,
20160707:1900,2016,07,07,19,0,0,0,26.76,87.35,0,408.9,0.97,16,92940,,,,,,
20160707:2000,2016,07,07,20,1,0,0,26.44,87.35,0,408.35,1.03,12,92960,,,,,,
20160707:2100,2016,07,07,21,2,0,0,26.14,87.3,0,407.95,1.17,19,92940,,,,,,
20160707:2200,2016,07,07,22,3,0,0,25.83,90.2,0,407.55,1.24,26,92910,,,,,,
20160707:2300,2016,07,07,23,4,0,0,25.53,87.3,0,405.85,1.31,32,92900,,,,,,
20160708:0000,2016,07,08,00,5,0,0,25.16,90.15,0,404.3,1.17,33,92890,,,,,,
20160708:0100,2016,07,08,01,6,167.1,72.9,25.54,90.2,569.64,404.4,0.97,38,92930,,,,,,
20160708:0200,2016,07,08,02,7,354.95,106.5,28.54,67.5,679.59,407.95,0.83,25,92970,,,,,,
20160708:0300,2016,07,08,03,8,545.45,129.7,30.23,57.5,748.69,416.3,1.03,348,92970,,,,,,
20160708:0400,2016,07,08,04,9,714.25,145.5,31.45,54.15,788.19,424.6,1.45,324,92970,,,,,,
20160708:0500,2016,07,08,05,10,823.7,153.5,32.58,49.25,785.6,431.4,1.59,311,92960,,,,,,
20160708:0600,2016,07,08,06,11,887.95,168.5,33.57,46.35,764.64,436.6,1.59,296,92940,,,,,,
20160708:0700,2016,07,08,07,12,879.75,171.3,34.57,42.2,723.66,445.5,1.38,277,92870,,,,,,
20160708:0800,2016,07,08,08,13,850.95,169.9,35.28,40.8,705.93,446.3,1.45,272,92840,,,,,,
20160708:0900,2016,07,08,09,14,765.7,154.85,35.75,39.6,679.33,449.35,1.72,274,92760,,,,,,
20160708:1000,2016,07,08,10,15,585.15,142.9,36.06,38.4,562.12,450.55,1.59,273,92740,,,,,,
20160708:1100,2016,07,08,11,16,369.45,140.9,35.83,39.6,359.85,451.3,1.59,281,92620,,,,,,
20160708:1200,2016,07,08,12,17,202,90.1,35.06,40.8,246.14,451.9,2,274,92630,,,,,,
20160708:1300,2016,07,08,13,18,71.75,42,34.35,42.05,115.52,441.65,2.21,282,92660,,,,,,
20160708:1400,2016,07,08,14,19,2.35,2.3,33.07,46.2,0.87,437.95,1.1,324,92630,,,,,,
20160708:1500,2016,07,08,15,20,0,0,31.39,55.85,0,427.3,1.31,3,92670,,,,,,
20160708:1600,2016,07,08,16,21,0,0,29.98,61.45,0,421.5,1.52,14,92720,,,,,,
20160708:1700,2016,07,08,17,22,0,0,28.93,67.6,0,416.45,1.59,31,92740,,,,,,
20160708:1800,2016,07,08,18,23,0,0,27.99,72,0,412.2,1.52,50,92720,,,,,,
20160708:1900,2016,07,08,19,0,0,0,27.56,76.8,0,415.3,1.38,65,92760,,,,,,
20160708:2000,2016,07,08,20,1,0,0,27.35,76.7,0,413.95,1.59,64,92780,,,,,,
20160708:2100,2016,07,08,21,2,0,0,26.98,76.7,0,414.35,1.72,72,92740,,,,,,
20160708:2200,2016,07,08,22,3,0,0,26.71,76.65,0,416.1,1.86,72,92740,,,,,,
20160708:2300,2016,07,08,23,4,0,0,25.78,81.75,0,414.55,2.28,99,92740,,,,,,
20160709:0000,2016,07,09,00,5,0,0,24.75,84.35,0,412.2,2,81,92810,,,,,,
20160709:0100,2016,07,09,01,6,134.8,81.05,25.11,84.4,328.26,410.95,1.86,77,92810,,,,,,
20160709:0200,2016,07,09,02,7,260.7,118.5,26.82,74.15,390.5,410.45,2.34,130,92820,,,,,,
20160709:0300,2016,07,09,03,8,440.7,144.75,27.9,67.4,534.14,417.85,3.66,140,92900,,,,,,
20160709:0400,2016,07,09,04,9,609,203.2,28.22,67.4,563.16,426.55,4.28,129,92940,,,,,,
20160709:0500,2016,07,09,05,10,667,228.3,29.45,61.35,514.72,429.45,3.24,132,92940,,,,,,
20160709:0600,2016,07,09,06,11,684.45,293.05,30.71,59.55,416.26,439.5,3.17,156,92960,,,,,,
20160709:0700,2016,07,09,07,12,495.55,283,30.06,63.5,217.21,452.3,4.62,143,92940,,,,,,
20160709:0800,2016,07,09,08,13,664.2,254.7,27.86,74.3,424.61,444.15,4.48,136,93010,,,,,,
20160709:0900,2016,07,09,09,14,620.45,268.6,29.29,69.85,391.42,440.3,3.86,118,92910,,,,,,
20160709:1000,2016,07,09,10,15,504.25,191.75,30.24,65.6,397.33,439.3,3.31,117,92860,,,,,,
20160709:1100,2016,07,09,11,16,332.05,156.05,30.69,61.55,277.25,442.2,3.03,112,92810,,,,,,
20160709:1200,2016,07,09,12,17,216.25,102.3,30.23,61.45,250.88,441.65,2.07,105,92730,,,,,,
20160709:1300,2016,07,09,13,18,69.35,42.55,30.29,61.45,104.29,427.7,0.97,135,92740,,,,,,
20160709:1400,2016,07,09,14,19,2.3,2.25,29.78,63.4,0.88,430.2,0.28,292,92690,,,,,,
20160709:1500,2016,07,09,15,20,0,0,28.79,69.75,0,419.75,0.97,276,92760,,,,,,
20160709:1600,2016,07,09,16,21,0,0,27.75,76.8,0,413.95,0.97,286,92820,,,,,,
20160709:1700,2016,07,09,17,22,0,0,27,81.9,0,410.85,1.1,323,92860,,,,,,
20160709:1800,2016,07,09,18,23,0,0,26.31,87.3,0,409.9,0.9,336,92890,,,,,,
20160709:1900,2016,07,09,19,0,0,0,25.68,90.2,0,401,0.83,8,92880,,,,,,
20160709:2000,2016,07,09,20,1,0,0,25.32,93.15,0,401.4,1.03,22,92880,,,,,,
20160709:2100,2016,07,09,21,2,0,0,25.07,93.15,0,403.7,1.17,38,92880,,,,,,
20160709:2200,2016,07,09,22,3,0,0,24.8,93.1,0,401.55,1.24,48,92870,,,,,,
20160709:2300,2016,07,09,23,4,0,0,24.55,93.1,0,400.4,1.31,46,92860,,,,,,
20160710:0000,2016,07,10,00,5,0,0,24.32,90.1,0,397.9,1.38,44,92850,,,,,,
20160710:0100,2016,07,10,01,6,163,72.9,24.71,93.1,555.92,400.5,1.03,42,92870,,,,,,
20160710:0200,2016,07,10,02,7,348.05,107.85,27.22,74.25,662.31,401,0.69,22,92910,,,,,,
20160710:0300,2016,07,10,03,8,541.3,130.4,28.83,63.2,743.29,409.1,0.9,346,92930,,,,,,
20160710:0400,2016,07,10,04,9,677.05,153.1,30.16,55.6,728.18,417.25,1.03,329,92930,,,,,,
20160710:0500,2016,07,10,05,10,808.6,177.1,31.23,50.55,741.65,425.2,1.03,301,92910,,,,,,
20160710:0600,2016,07,10,06,11,766.1,212.8,32.33,47.5,588.84,431.2,1.17,281,92890,,,,,,
20160710:0700,2016,07,10,07,12,837.25,186.75,32.78,46.1,665.1,448.4,1.24,272,92870,,,,,,
20160710:0800,2016,07,10,08,13,724.75,191.85,33.46,43.35,552.78,441.65,1.59,282,92780,,,,,,
20160710:0900,2016,07,10,09,14,748,170.2,33.85,43.35,643,440.65,1.72,287,92720,,,,,,
20160710:1000,2016,07,10,10,15,573,141.1,34.21,40.65,549.37,442.4,1.72,295,92630,,,,,,
20160710:1100,2016,07,10,11,16,431.45,120.15,34.27,40.65,490.67,445.3,1.66,291,92570,,,,,,
20160710:1200,2016,07,10,12,17,239.6,86.05,34.01,40.65,338.43,436,1.45,301,92520,,,,,,
20160710:1300,2016,07,10,13,18,68.35,40.4,33.46,41.95,109.04,430,1.31,325,92530,,,,,,
20160710:1400,2016,07,10,14,19,2.15,2.15,32.23,47.5,0,427.3,1.17,350,92530,,,,,,
20160710:1500,2016,07,10,15,20,0,0,30.51,55.75,0,422.3,1.31,38,92580,,,,,,
20160710:1600,2016,07,10,16,21,0,0,29.15,63.3,0,413.55,1.79,74,92650,,,,,,
20160710:1700,2016,07,10,17,22,0,0,28.28,69.65,0,413.2,1.79,92,92730,,,,,,
20160710:1800,2016,07,10,18,23,0,0,27.73,71.9,0,414.75,1.93,98,92770,,,,,,
20160710:1900,2016,07,10,19,0,0,0,27.18,79.3,0,411.85,1.59,92,92760,,,,,,
20160710:2000,2016,07,10,20,1,0,0,26.98,76.7,0,412.6,1.72,89,92800,,,,,,
20160710:2100,2016,07,10,21,2,0,0,26.71,79.2,0,413.2,1.86,88,92780,,,,,,
20160710:2200,2016,07,10,22,3,0,0,26.42,79.2,0,412.8,1.86,91,92780,,,,,,
20160710:2300,2016,07,10,23,4,0,0,26.36,79.2,0,419.2,1.93,92,92780,,,,,,
20160711:0000,2016,07,11,00,5,0,0,26.14,79.15,0,414.9,2.21,84,92810,,,,,,
20160711:0100,2016,07,11,01,6,141.4,67.35,26.32,79.15,461.74,414.25,1.93,80,92880,,,,,,
20160711:0200,2016,07,11,02,7,323.2,107.3,28.1,67.4,597.78,418.6,1.52,85,92920,,,,,,
20160711:0300,2016,07,11,03,8,528.3,133.7,29.72,61.35,715.47,425.4,1.1,103,92960,,,,,,
20160711:0400,2016,07,11,04,9,681.75,155.55,30.94,55.85,732.39,432.75,0.41,101,92980,,,,,,
20160711:0500,2016,07,11,05,10,809.65,159.2,32,52.5,764.67,443.35,0.07,67,92960,,,,,,
20160711:0600,2016,07,11,06,11,800.75,211.7,33.09,49.4,627.32,446.65,0.28,286,92930,,,,,,
20160711:0700,2016,07,11,07,12,796.55,197.15,33.59,49.5,613.17,462.15,0.55,225,92890,,,,,,
20160711:0800,2016,07,11,08,13,710.25,228.35,34.2,49.6,500.08,461,0.97,247,92830,,,,,,
20160711:0900,2016,07,11,09,14,660.7,171,33.93,51.15,545.17,466,1.86,262,92770,,,,,,
20160711:1000,2016,07,11,10,15,468.9,165.4,34.15,49.6,386.22,457.1,2.34,272,92760,,,,,,
20160711:1100,2016,07,11,11,16,251.6,109.15,32.28,57.95,224.68,455.95,1.72,290,92690,,,,,,
20160711:1200,2016,07,11,12,17,134.6,78.65,32.39,57.95,123.47,453.85,0.62,310,92680,,,,,,
20160711:1300,2016,07,11,13,18,65.05,38.7,32.02,56.1,103.09,455.55,0.55,180,92710,,,,,,
20160711:1400,2016,07,11,14,19,1.9,1.9,31.04,61.65,0,438.15,1.52,134,92730,,,,,,
20160711:1500,2016,07,11,15,20,0,0,28.98,69.85,0,436,2.41,108,92830,,,,,,
20160711:1600,2016,07,11,16,21,0,0,28.06,74.4,0,438.15,2.34,108,92890,,,,,,
20160711:1700,2016,07,11,17,22,0,0,27.53,76.8,0,427.9,2,104,92940,,,,,,
20160711:1800,2016,07,11,18,23,0,0,27.24,79.3,0,425.4,1.93,102,92990,,,,,,
20160711:1900,2016,07,11,19,0,0,0,27.91,76.85,0,427.9,1.66,101,92960,,,,,,
20160711:2000,2016,07,11,20,1,0,0,27.17,79.3,0,429.25,1.45,85,92970,,,,,,
20160711:2100,2016,07,11,21,2,0,0,25.88,81.8,0,432.35,2.21,64,93010,,,,,,
20160711:2200,2016,07,11,22,3,0,0,25.39,84.45,0,428.45,2.07,68,93010,,,,,,
20160711:2300,2016,07,11,23,4,0,0,25.22,87.25,0,425.95,1.59,68,93030,,,,,,
20160712:0000,2016,07,12,00,5,0,0,25.07,87.25,0,429.65,1.79,48,93050,,,,,,
20160712:0100,2016,07,12,01,6,113.3,81.1,25.4,84.45,202.98,429.15,1.45,55,93100,,,,,,
20160712:0200,2016,07,12,02,7,230.85,132.05,26.52,76.65,274.72,429.45,1.1,76,93130,,,,,,
20160712:0300,2016,07,12,03,8,415.25,161.8,27.33,74.25,460.63,428.1,0.62,70,93130,,,,,,
20160712:0400,2016,07,12,04,9,582.9,205.95,28.46,67.5,525.44,437.35,0.14,72,93150,,,,,,
20160712:0500,2016,07,12,05,10,745.55,195.05,29.8,65.5,647.83,442.8,0.41,214,93160,,,,,,
20160712:0600,2016,07,12,06,11,802.9,210.2,30.97,59.65,631.66,445.1,0.69,212,93150,,,,,,
20160712:0700,2016,07,12,07,12,686.85,207.35,32.44,56.2,490.78,457.7,1.86,159,93120,,,,,,
20160712:0800,2016,07,12,08,13,632.1,215.7,32.87,56.2,432.31,461.55,1.52,144,93050,,,,,,
20160712:0900,2016,07,12,09,14,537.45,202.5,33.55,51.15,373.06,459.25,1.66,128,93010,,,,,,
20160712:1000,2016,07,12,10,15,339.55,125.05,33.44,51.15,273.11,467.55,1.17,131,92950,,,,,,
20160712:1100,2016,07,12,11,16,217.7,99.85,31.19,59.65,186.03,459.45,2.83,174,92980,,,,,,
20160712:1200,2016,07,12,12,17,179.3,89.95,30.59,61.55,197.44,451.1,2.69,188,92940,,,,,,
20160712:1300,2016,07,12,13,18,60.2,37.95,30.37,65.6,87.32,447.85,1.86,152,92930,,,,,,
20160712:1400,2016,07,12,14,19,1.85,1.85,29.89,65.6,0,437.35,1.31,124,92940,,,,,,
20160712:1500,2016,07,12,15,20,0,0,29.26,72.15,0,437.2,1.31,88,92980,,,,,,
20160712:1600,2016,07,12,16,21,0,0,28.61,74.5,0,430.6,1.38,88,93050,,,,,,
20160712:1700,2016,07,12,17,22,0,0,28.16,76.85,0,429.45,1.52,86,93110,,,,,,
20160712:1800,2016,07,12,18,23,0,0,27.81,79.35,0,427.7,1.86,88,93120,,,,,,
20160712:1900,2016,07,12,19,0,0,0,27.83,84.65,0,427.9,1.66,105,93090,,,,,,
20160712:2000,2016,07,12,20,1,0,0,27.67,81.95,0,436,1.86,101,93090,,,,,,
20160712:2100,2016,07,12,21,2,0,0,26.61,81.85,0,438.15,2.55,84,93130,,,,,,
20160712:2200,2016,07,12,22,3,0,0,25.69,87.3,0,441.65,2.48,80,93130,,,,,,
20160712:2300,2016,07,12,23,4,0,0,25.33,90.15,0,438.75,1.93,94,93110,,,,,,
20160713:0000,2016,07,13,00,5,0,0,25.25,90.15,0,435.05,1.38,101,93100,,,,,,
20160713:0100,2016,07,13,01,6,94.7,55.4,25.43,87.3,250.54,437.5,1.1,100,93160,,,,,,
20160713:0200,2016,07,13,02,7,224.15,119.2,25.85,87.3,293.09,433.7,1.24,111,93180,,,,,,
20160713:0300,2016,07,13,03,8,360.5,191.65,26.68,81.85,307.62,433.3,1.24,123,93190,,,,,,
20160713:0400,2016,07,13,04,9,498.6,222.15,27.61,76.8,385.94,443.35,0.9,123,93190,,,,,,
20160713:0500,2016,07,13,05,10,610.05,224.85,28.93,69.85,453.77,446.3,0.34,161,93190,,,,,,
20160713:0600,2016,07,13,06,11,664.95,234.4,29.84,67.7,459.2,441.85,0.76,254,93150,,,,,,
20160713:0700,2016,07,13,07,12,675.4,227.85,30.69,63.6,458.34,458.45,0.48,198,93150,,,,,,
20160713:0800,2016,07,13,08,13,575.9,178.95,31.2,61.65,412.31,458.3,0.62,198,93100,,,,,,
20160713:0900,2016,07,13,09,14,598.45,188.5,30.89,63.6,456.81,458.45,0.97,178,93040,,,,,,
20160713:1000,2016,07,13,10,15,481.1,141.8,31.62,59.75,432.27,459.85,1.03,139,93000,,,,,,
20160713:1100,2016,07,13,11,16,370.3,122.25,32.01,57.95,391.89,458.45,1.31,143,92910,,,,,,
20160713:1200,2016,07,13,12,17,224.1,85.35,32.3,57.95,307.08,454,1.52,128,92850,,,,,,
20160713:1300,2016,07,13,13,18,66.75,41.1,32.14,57.95,101.01,446.65,2,128,92840,,,,,,
20160713:1400,2016,07,13,14,19,1.9,1.9,31.25,61.65,0,440.3,1.93,135,92820,,,,,,
20160713:1500,2016,07,13,15,20,0,0,30.19,67.8,0,439.5,2,147,92820,,,,,,
20160713:1600,2016,07,13,16,21,0,0,29.25,74.55,0,431.55,1.79,194,92980,,,,,,
20160713:1700,2016,07,13,17,22,0,0,28.57,76.95,0,439.9,1.38,159,93050,,,,,,
20160713:1800,2016,07,13,18,23,0,0,28.13,79.4,0,435.25,1.31,98,93060,,,,,,
20160713:1900,2016,07,13,19,0,0,0,27.51,84.65,0,431.35,1.52,71,93040,,,,,,
20160713:2000,2016,07,13,20,1,0,0,26.88,84.6,0,431.4,2.07,83,93030,,,,,,
20160713:2100,2016,07,13,21,2,0,0,26.28,87.3,0,433.3,2,87,92980,,,,,,
20160713:2200,2016,07,13,22,3,0,0,25.95,84.5,0,430.8,1.52,80,92980,,,,,,
20160713:2300,2016,07,13,23,4,0,0,25.61,87.3,0,425.75,1.24,71,92940,,,,,,
20160714:0000,2016,07,14,00,5,0,0,25.64,90.2,0,431.75,0.69,67,92940,,,,,,
20160714:0100,2016,07,14,01,6,99.55,56.4,25.75,90.2,278.28,429.95,0.34,34,92970,,,,,,
20160714:0200,2016,07,14,02,7,286.55,120.9,26.58,84.55,464.66,435.05,0.14,103,93000,,,,,,
20160714:0300,2016,07,14,03,8,389.75,142.95,27.96,74.4,450.74,429.45,0.62,184,93020,,,,,,
20160714:0400,2016,07,14,04,9,613.8,154.2,29,69.85,642.64,441.05,0.83,198,93030,,,,,,
20160714:0500,2016,07,14,05,10,668.4,188.15,30.19,67.8,566.35,444.9,0.83,191,93030,,,,,,
20160714:0600,2016,07,14,06,11,786.1,200.2,31.17,63.7,625.37,454.2,0.62,188,93000,,,,,,
20160714:0700,2016,07,14,07,12,582.85,196.7,31.69,63.8,395.7,457.5,1.86,143,92980,,,,,,
20160714:0800,2016,07,14,08,13,531.6,208.7,31.65,63.8,335.57,463.1,1.79,153,92910,,,,,,
20160714:0900,2016,07,14,09,14,520.6,164.85,31.95,61.85,396.63,463.5,1.79,174,92900,,,,,,
20160714:1000,2016,07,14,10,15,442.1,186.2,31.73,63.8,326.23,461.35,1.52,184,92820,,,,,,
20160714:1100,2016,07,14,11,16,322.05,126.7,32.27,59.85,308.93,462.35,1.03,138,92790,,,,,,
20160714:1200,2016,07,14,12,17,159.2,76.5,31.58,61.75,183.34,458.3,1.45,145,92720,,,,,,
20160714:1300,2016,07,14,13,18,54,31.6,31.27,63.7,88.55,448.8,1.66,148,92770,,,,,,
20160714:1400,2016,07,14,14,19,1.65,1.65,30.45,65.7,0,442.6,1.93,114,92780,,,,,,
20160714:1500,2016,07,14,15,20,0,0,29.37,74.55,0,436.4,1.72,104,92810,,,,,,
20160714:1600,2016,07,14,16,21,0,0,28.58,76.95,0,430.8,1.66,93,92880,,,,,,
20160714:1700,2016,07,14,17,22,0,0,28.03,79.4,0,430.6,1.72,90,92910,,,,,,
20160714:1800,2016,07,14,18,23,0,0,27.67,84.65,0,436.6,1.31,95,92930,,,,,,
20160714:1900,2016,07,14,19,0,0,0,27.68,84.65,0,435.45,1.31,112,92970,,,,,,
20160714:2000,2016,07,14,20,1,0,0,27.41,84.65,0,433.3,1.45,118,92930,,,,,,
20160714:2100,2016,07,14,21,2,0,0,26.64,90.25,0,430.4,0.97,115,92920,,,,,,
20160714:2200,2016,07,14,22,3,0,0,25.99,90.2,0,433.9,1.17,126,92960,,,,,,
20160714:2300,2016,07,14,23,4,0,0,25.48,90.2,0,435.85,1.59,146,92920,,,,,,
20160715:0000,2016,07,15,00,5,0,0,25.18,93.15,0,427.7,1.1,151,92900,,,,,,
20160715:0100,2016,07,15,01,6,98.9,68.4,25.27,93.15,199.06,422.2,0.97,142,92930,,,,,,
20160715:0200,2016,07,15,02,7,159.5,93.05,26,87.3,187.24,431.75,0.9,158,92960,,,,,,
20160715:0300,2016,07,15,03,8,218.45,139,26.56,84.55,145.47,433.7,0.83,187,93020,,,,,,
20160715:0400,2016,07,15,04,9,247.1,184.4,27.39,79.35,87.81,441.05,0.34,193,93020,,,,,,
20160715:0500,2016,07,15,05,10,425.9,289.35,28.31,74.4,161.21,445.1,0.34,262,93010,,,,,,
20160715:0600,2016,07,15,06,11,684.85,195.25,29.61,67.7,523,457.7,0.48,264,93000,,,,,,
20160715:0700,2016,07,15,07,12,739.75,211.85,31.43,61.75,541.3,453.05,0.41,199,93020,,,,,,
20160715:0800,2016,07,15,08,13,751.15,229.4,32.07,59.85,542.53,453.45,0.9,204,92930,,,,,,
20160715:0900,2016,07,15,09,14,573.1,213.95,32.56,56.2,400.66,456.55,1.24,207,92870,,,,,,
20160715:1000,2016,07,15,10,15,541.65,149.75,33.01,54.5,499.98,452.3,1.59,199,92810,,,,,,
20160715:1100,2016,07,15,11,16,332.4,127.45,33.17,54.5,324.47,459.85,1.17,213,92740,,,,,,
20160715:1200,2016,07,15,12,17,220.05,89.4,32.98,52.75,290.18,449.95,0.76,215,92690,,,,,,
20160715:1300,2016,07,15,13,18,59.8,37.85,32.72,54.4,87.13,437.55,0.48,204,92660,,,,,,
20160715:1400,2016,07,15,14,19,1.55,1.55,31.92,57.95,0,439.7,0.41,150,92680,,,,,,
20160715:1500,2016,07,15,15,20,0,0,30.55,65.7,0,426.75,0.9,128,92740,,,,,,
20160715:1600,2016,07,15,16,21,0,0,29.52,72.25,0,432.35,1.38,112,92810,,,,,,
20160715:1700,2016,07,15,17,22,0,0,28.52,76.95,0,426.55,1.66,109,92870,,,,,,
20160715:1800,2016,07,15,18,23,0,0,27.78,81.95,0,433.7,1.59,99,92910,,,,,,
20160715:1900,2016,07,15,19,0,0,0,26.28,87.3,0,430.4,1.03,76,92940,,,,,,
20160715:2000,2016,07,15,20,1,0,0,25.35,90.2,0,426.55,1.03,78,92910,,,,,,
20160715:2100,2016,07,15,21,2,0,0,25.18,93.15,0,421.7,1.17,71,92810,,,,,,
20160715:2200,2016,07,15,22,3,0,0,24.9,93.15,0,417.45,0.48,117,92780,,,,,,
20160715:2300,2016,07,15,23,4,0,0,24.57,96.2,0,419.4,0.76,150,92760,,,,,,
20160716:0000,2016,07,16,00,5,0,0,24.49,96.2,0,416.45,0.9,115,92730,,,,,,
20160716:0100,2016,07,16,01,6,117.1,74.7,24.67,93.1,280.14,418.7,0.9,115,92780,,,,,,
20160716:0200,2016,07,16,02,7,255.5,121.3,25.52,87.3,379.9,418.4,1.24,140,92870,,,,,,
20160716:0300,2016,07,16,03,8,395,207.75,26.69,81.85,343.72,421.1,0.9,146,92910,,,,,,
20160716:0400,2016,07,16,04,9,515.45,228.05,27.96,74.4,403.15,437,0.41,171,92930,,,,,,
20160716:0500,2016,07,16,05,10,741.4,174.5,29.2,72.15,670.01,440.3,0.83,210,92950,,,,,,
20160716:0600,2016,07,16,06,11,569.35,287.35,30.48,67.85,301.48,441.85,1.24,192,92970,,,,,,
20160716:0700,2016,07,16,07,12,778.55,243.65,30.38,67.8,548.84,450.15,2.62,142,93070,,,,,,
20160716:0800,2016,07,16,08,13,680.65,216.75,31.58,59.75,482.67,453.05,3.45,134,93030,,,,,,
20160716:0900,2016,07,16,09,14,729.25,186.6,31.72,59.75,605.75,455.35,2.9,138,92930,,,,,,
20160716:1000,2016,07,16,10,15,575.4,143.95,32.38,57.95,550.88,449.35,2.48,140,92880,,,,,,
20160716:1100,2016,07,16,11,16,393.35,148.05,32.46,56.2,388.8,449,2.34,141,92860,,,,,,
20160716:1200,2016,07,16,12,17,204.95,90.05,31.21,61.65,255.72,449.35,2.34,141,92820,,,,,,
20160716:1300,2016,07,16,13,18,47.8,30.9,29.97,63.5,67.38,443.75,2.9,138,92910,,,,,,
20160716:1400,2016,07,16,14,19,1.05,1.05,28.77,72.1,0,447.05,4,134,92960,,,,,,
20160716:1500,2016,07,16,15,20,0,0,27.52,76.8,0,435.65,4.07,138,93070,,,,,,
20160716:1600,2016,07,16,16,21,0,0,26.65,81.85,0,432.75,3.79,130,93150,,,,,,
20160716:1700,2016,07,16,17,22,0,0,26.41,79.2,0,429.05,3.52,115,93200,,,,,,
20160716:1800,2016,07,16,18,23,0,0,26.32,79.15,0,428.45,2.62,107,93220,,,,,,
20160716:1900,2016,07,16,19,0,0,0,26.69,79.2,0,418.4,1.86,70,93190,,,,,,
20160716:2000,2016,07,16,20,1,0,0,26.04,79.15,0,425.2,0,0,93180,,,,,,
20160716:2100,2016,07,16,21,2,0,0,24.56,87.2,0,416.1,0,0,93140,,,,,,
20160716:2200,2016,07,16,22,3,0,0,24.14,87.2,0,414.55,1.31,345,93130,,,,,,
20160716:2300,2016,07,16,23,4,0,0,23.76,90.1,0,414.9,1.52,344,93110,,,,,,
20160717:0000,2016,07,17,00,5,0,0,23.74,90.1,0,411.65,1.59,7,93070,,,,,,
20160717:0100,2016,07,17,01,6,131.7,77.7,23.83,90.1,361.3,399.35,1.1,338,93090,,,,,,
20160717:0200,2016,07,17,02,7,293.35,143.15,24.91,81.7,427.2,403.1,0.83,293,93130,,,,,,
20160717:0300,2016,07,17,03,8,464.25,182.4,26.31,74.1,518.71,415.1,0.97,279,93150,,,,,,
20160717:0400,2016,07,17,04,9,590.8,215.1,27.72,69.6,527.89,419.95,1.1,291,93150,,,,,,
20160717:0500,2016,07,17,05,10,673.7,249.5,29.14,63.3,501.93,431.95,1.17,292,93130,,,,,,
20160717:0600,2016,07,17,06,11,425.05,279.1,30.07,61.45,156.17,437.75,1.31,282,93080,,,,,,
20160717:0700,2016,07,17,07,12,699.55,194.4,28.47,72.1,518.67,454.8,1.17,160,93290,,,,,,
20160717:0800,2016,07,17,08,13,653.65,213.35,30.18,63.5,458.41,442.2,1.93,159,93220,,,,,,
20160717:0900,2016,07,17,09,14,549.05,181.35,30.77,61.55,410.74,450.9,2.21,152,93190,,,,,,
20160717:1000,2016,07,17,10,15,432.15,141.3,31.03,59.65,371.68,445.7,2.14,148,93130,,,,,,
20160717:1100,2016,07,17,11,16,271.4,116.95,31.17,59.65,245.12,451.1,2.34,136,93040,,,,,,
20160717:1200,2016,07,17,12,17,154,80.75,29.53,63.4,163.38,453.85,2.28,131,93000,,,,,,
20160717:1300,2016,07,17,13,18,55.2,37.6,28.82,67.5,70.51,439.5,2.07,132,93050,,,,,,
20160717:1400,2016,07,17,14,19,1.1,1.1,27.94,72,0,427.3,0.41,152,93110,,,,,,
20160717:1500,2016,07,17,15,20,0,0,27.36,76.7,0,426.55,0.48,37,93180,,,,,,
20160717:1600,2016,07,17,16,21,0,0,26.87,79.3,0,426.75,1.24,112,93230,,,,,,
20160717:1700,2016,07,17,17,22,0,0,25.23,87.25,0,419.55,1.52,141,93290,,,,,,
20160717:1800,2016,07,17,18,23,0,0,24.32,90.1,0,419.4,0.97,129,93310,,,,,,
20160717:1900,2016,07,17,19,0,0,0,25.48,84.45,0,415.9,0.21,3,93230,,,,,,
20160717:2000,2016,07,17,20,1,0,0,24.64,90.1,0,422.85,0.62,72,93230,,,,,,
20160717:2100,2016,07,17,21,2,0,0,23.55,90.1,0,415.1,1.1,98,93250,,,,,,
20160717:2200,2016,07,17,22,3,0,0,23.24,93.05,0,412,1.59,48,93150,,,,,,
20160717:2300,2016,07,17,23,4,0,0,23.2,90.05,0,411.85,0.9,356,93150,,,,,,
20160718:0000,2016,07,18,00,5,0,0,23.3,90.05,0,413.2,0.48,271,93170,,,,,,
20160718:0100,2016,07,18,01,6,108.6,72.9,23.08,93.05,241.98,407.7,0.76,183,93170,,,,,,
20160718:0200,2016,07,18,02,7,267.15,132.9,23.65,87.15,383.67,402.55,1.24,275,93200,,,,,,
20160718:0300,2016,07,18,03,8,410.8,175.95,24.71,84.35,433.36,405.85,2.34,331,93240,,,,,,
20160718:0400,2016,07,18,04,9,528.9,235.35,26.34,76.6,413.15,418.6,1.72,20,93210,,,,,,
20160718:0500,2016,07,18,05,10,576.4,277.85,28.12,65.2,353.67,423.45,0.21,29,93200,,,,,,
20160718:0600,2016,07,18,06,11,693.4,249.15,28.95,63.3,475.76,435.65,1.52,245,93200,,,,,,
20160718:0700,2016,07,18,07,12,664.8,253.8,29.08,67.6,422.31,436.2,1.52,231,93270,,,,,,
20160718:0800,2016,07,18,08,13,619.55,227.3,29.48,65.5,408.66,441.65,0.28,198,93230,,,,,,
20160718:0900,2016,07,18,09,14,633.95,169.3,29.71,65.5,519.42,442.6,0.07,40,93180,,,,,,
20160718:1000,2016,07,18,10,15,437.15,181.45,29.47,65.5,327.07,436.6,0.48,186,93140,,,,,,
20160718:1100,2016,07,18,11,16,354.05,139.65,29.51,63.4,340.74,430.8,0.76,180,93050,,,,,,
20160718:1200,2016,07,18,12,17,209.55,93.15,29.07,65.4,260.25,432.55,1.66,91,93070,,,,,,
20160718:1300,2016,07,18,13,18,55.85,38.65,28.21,69.65,69.26,432.35,1.31,72,93040,,,,,,
20160718:1400,2016,07,18,14,19,1.05,1.05,27.62,71.9,0,424.6,0.41,284,93070,,,,,,
20160718:1500,2016,07,18,15,20,0,0,26.8,79.2,0,413.55,0.83,195,93120,,,,,,
20160718:1600,2016,07,18,16,21,0,0,26.15,81.8,0,411.25,0.62,186,93140,,,,,,
20160718:1700,2016,07,18,17,22,0,0,25.48,87.3,0,407.75,1.24,244,93200,,,,,,
20160718:1800,2016,07,18,18,23,0,0,24.94,90.15,0,408.55,0.97,287,93200,,,,,,
20160718:1900,2016,07,18,19,0,0,0,24.57,87.2,0,402.75,1.31,19,93160,,,,,,
20160718:2000,2016,07,18,20,1,0,0,24.11,90.1,0,401.2,0.97,8,93160,,,,,,
20160718:2100,2016,07,18,21,2,0,0,23.58,93.1,0,400.2,0.62,38,93150,,,,,,
20160718:2200,2016,07,18,22,3,0,0,22.59,93.05,0,395.55,1.24,50,93190,,,,,,
20160718:2300,2016,07,18,23,4,0,0,22.63,90.05,0,399.05,1.24,36,93130,,,,,,
20160719:0000,2016,07,19,00,5,0,0,22.51,90.05,0,392.1,1.17,19,93100,,,,,,
20160719:0100,2016,07,19,01,6,144.95,67.55,22.77,93.05,531.66,391.6,1.38,7,93120,,,,,,
20160719:0200,2016,07,19,02,7,319.7,106.9,24.41,84.35,611.12,389.95,1.1,348,93130,,,,,,
20160719:0300,2016,07,19,03,8,530,129.3,26.2,74.1,741.37,396.95,1.1,299,93160,,,,,,
20160719:0400,2016,07,19,04,9,699.35,153.15,27.57,69.6,770.06,403.1,1.38,282,93190,,,,,,
20160719:0500,2016,07,19,05,10,814.45,160.85,28.81,65.3,775.19,411.25,1.59,275,93220,,,,,,
20160719:0600,2016,07,19,06,11,842.65,203.1,29.81,59.35,685.53,420.9,1.52,268,93200,,,,,,
20160719:0700,2016,07,19,07,12,870.65,189.95,30.56,55.75,699.96,424.8,1.59,276,93180,,,,,,
20160719:0800,2016,07,19,08,13,804.45,175.2,31.28,52.25,656.04,427.5,0,0,93150,,,,,,
20160719:0900,2016,07,19,09,14,694.3,174.8,31.64,50.7,581.2,431.95,0,0,93120,,,,,,
20160719:1000,2016,07,19,10,15,618.5,133.8,31.84,49,620.63,428.1,0.21,272,93070,,,,,,
20160719:1100,2016,07,19,11,16,422.15,113.85,31.96,47.5,490.71,428.85,0.28,262,93020,,,,,,
20160719:1200,2016,07,19,12,17,225.25,86.45,31.87,49,311.12,422.3,0.48,291,92970,,,,,,
20160719:1300,2016,07,19,13,18,65.75,37.4,31.46,49,114.8,419.55,0.41,329,92980,,,,,,
20160719:1400,2016,07,19,14,19,1.35,1.35,30.4,53.9,0,414.9,0.55,15,92980,,,,,,
20160719:1500,2016,07,19,15,20,0,0,28.75,65.3,0,405.65,1.1,29,93040,,,,,,
20160719:1600,2016,07,19,16,21,0,0,27.39,69.6,0,400.4,1.52,18,93080,,,,,,
20160719:1700,2016,07,19,17,22,0,0,26.36,76.65,0,399.25,1.59,12,93110,,,,,,
20160719:1800,2016,07,19,18,23,0,0,25.65,81.75,0,396.15,1.52,17,93090,,,,,,
20160719:1900,2016,07,19,19,0,0,0,25.11,87.25,0,394.4,1.17,39,93090,,,,,,
20160719:2000,2016,07,19,20,1,0,0,24.8,90.1,0,393.85,1.24,35,93080,,,,,,
20160719:2100,2016,07,19,21,2,0,0,24.57,87.2,0,393.05,1.45,35,93060,,,,,,
20160719:2200,2016,07,19,22,3,0,0,24.33,87.2,0,391.5,1.59,33,93050,,,,,,
20160719:2300,2016,07,19,23,4,0,0,24.03,84.35,0,390.35,1.59,31,93030,,,,,,
20160720:0000,2016,07,20,00,5,0,0,23.66,87.15,0,387.85,1.52,32,93030,,,,,,
20160720:0100,2016,07,20,01,6,153.3,69.45,23.67,87.15,583.89,386.8,1.17,36,93060,,,,,,
20160720:0200,2016,07,20,02,7,342.7,104.85,26.85,74.15,686.46,389.75,0.55,16,93070,,,,,,
20160720:0300,2016,07,20,03,8,536.4,129.45,29.28,55.4,754.99,396.75,0.9,299,93120,,,,,,
20160720:0400,2016,07,20,04,9,706.85,146.65,30.46,52.15,791.16,405.45,1.72,290,93140,,,,,,
20160720:0500,2016,07,20,05,10,836.05,158.25,31.42,49,804.86,413.4,2.21,287,93170,,,,,,
20160720:0600,2016,07,20,06,11,878.55,172.25,32.28,47.5,757.79,420.15,2.41,285,93150,,,,,,
20160720:0700,2016,07,20,07,12,896.95,168.45,33,47.75,749.7,434.65,2.21,274,93130,,,,,,
20160720:0800,2016,07,20,08,13,847.65,162.75,33.71,46.35,714.61,435.85,2.07,272,93110,,,,,,
20160720:0900,2016,07,20,09,14,716.6,180.75,34.17,43.45,600,436.8,2,272,93040,,,,,,
20160720:1000,2016,07,20,10,15,582.75,147.2,34.44,43.45,558.31,437,1.86,273,93000,,,,,,
20160720:1100,2016,07,20,11,16,424.95,116.35,34.39,43.45,491.98,434.65,1.72,274,92920,,,,,,
20160720:1200,2016,07,20,12,17,242.05,86.8,34.14,43.45,348.94,431.2,1.52,276,92890,,,,,,
20160720:1300,2016,07,20,13,18,73.45,42.35,33.55,46.35,126.68,425.4,1.03,291,92870,,,,,,
20160720:1400,2016,07,20,14,19,1.25,1.25,32.21,54.25,0,419.55,1.03,334,92890,,,,,,
20160720:1500,2016,07,20,15,20,0,0,30.12,67.8,0,413.2,1.38,3,92930,,,,,,
20160720:1600,2016,07,20,16,21,0,0,28.84,72.1,0,408.35,1.59,23,92960,,,,,,
20160720:1700,2016,07,20,17,22,0,0,27.67,76.8,0,405.45,1.52,32,92970,,,,,,
20160720:1800,2016,07,20,18,23,0,0,26.75,81.85,0,403.5,1.38,45,92960,,,,,,
20160720:1900,2016,07,20,19,0,0,0,26.7,84.55,0,408.75,1.17,45,92940,,,,,,
20160720:2000,2016,07,20,20,1,0,0,26.27,87.3,0,407.55,1.1,57,92960,,,,,,
20160720:2100,2016,07,20,21,2,0,0,25.85,90.2,0,407.2,1.17,69,92940,,,,,,
20160720:2200,2016,07,20,22,3,0,0,25.59,87.3,0,407.95,1.31,70,92940,,,,,,
20160720:2300,2016,07,20,23,4,0,0,25.31,90.15,0,405.25,1.45,68,92940,,,,,,
20160721:0000,2016,07,21,00,5,0,0,25,87.25,0,403.7,1.59,69,92950,,,,,,
20160721:0100,2016,07,21,01,6,152.6,69.05,25.24,87.25,590.02,403.05,1.45,73,93000,,,,,,
20160721:0200,2016,07,21,02,7,339.8,107.8,28.11,74.4,672.96,404.1,1.31,94,93040,,,,,,
20160721:0300,2016,07,21,03,8,530.65,128.05,30.32,63.5,748.98,415.7,1.45,131,93100,,,,,,
20160721:0400,2016,07,21,04,9,643.85,173.65,31.47,57.85,665.23,424.2,1.59,158,93120,,,,,,
20160721:0500,2016,07,21,05,10,764.9,172.45,32.38,54.25,704.39,434.65,1.66,176,93140,,,,,,
20160721:0600,2016,07,21,06,11,840.2,191.7,33.26,49.4,696.44,440.3,1.52,187,93120,,,,,,
20160721:0700,2016,07,21,07,12,833.1,171.7,34.21,44.95,681.2,443.75,1.72,189,93100,,,,,,
20160721:0800,2016,07,21,08,13,840.6,162.6,34.72,42.2,707.98,449.2,1.66,186,93070,,,,,,
20160721:0900,2016,07,21,09,14,670.75,178.55,35.32,42.2,551.63,449,1.59,181,93010,,,,,,
20160721:1000,2016,07,21,10,15,582.8,141.35,35.43,42.2,566.54,449.2,1.45,177,92940,,,,,,
20160721:1100,2016,07,21,11,16,387.6,104.85,35.48,39.6,451.55,447.25,0.97,163,92900,,,,,,
20160721:1200,2016,07,21,12,17,205.35,86.75,34.51,40.8,267.35,446.1,0.69,121,92860,,,,,,
20160721:1300,2016,07,21,13,18,56.15,34.6,33.24,46.2,88.33,445.7,1.31,125,92850,,,,,,
20160721:1400,2016,07,21,14,19,0.9,0.9,32.01,52.5,0,436.4,1.52,116,92870,,,,,,
20160721:1500,2016,07,21,15,20,0,0,30.72,61.55,0,438.15,1.72,94,92910,,,,,,
20160721:1600,2016,07,21,16,21,0,0,29.66,67.7,0,427.5,2.07,82,92970,,,,,,
20160721:1700,2016,07,21,17,22,0,0,28.84,72.1,0,423.65,1.93,78,92990,,,,,,
20160721:1800,2016,07,21,18,23,0,0,28.18,74.4,0,421.1,1.86,72,93010,,,,,,
20160721:1900,2016,07,21,19,0,0,0,27.82,79.35,0,417.85,1.59,82,92940,,,,,,
20160721:2000,2016,07,21,20,1,0,0,27.77,76.8,0,418.2,1.93,75,92940,,,,,,
20160721:2100,2016,07,21,21,2,0,0,27.53,74.3,0,419.4,2.21,73,92910,,,,,,
20160721:2200,2016,07,21,22,3,0,0,27.17,76.7,0,421.1,2.07,78,92900,,,,,,
20160721:2300,2016,07,21,23,4,0,0,26.69,76.65,0,425.75,2.07,80,92900,,,,,,
20160722:0000,2016,07,22,00,5,0,0,25.82,79.1,0,419.55,2.55,84,92940,,,,,,
20160722:0100,2016,07,22,01,6,101.05,54.7,25.56,79.1,332.07,420.25,2.48,99,92940,,,,,,
20160722:0200,2016,07,22,02,7,272.65,99.55,26.51,71.75,504.68,418.8,2.34,114,92980,,,,,,
20160722:0300,2016,07,22,03,8,440.25,149.3,27.57,65.1,542.78,414.15,2.28,123,93000,,,,,,
20160722:0400,2016,07,22,04,9,609.4,153.5,28.94,61.25,646.15,424,1.93,119,93040,,,,,,
20160722:0500,2016,07,22,05,10,758.15,210.85,30.47,57.6,651.53,434.1,1.52,120,93040,,,,,,
20160722:0600,2016,07,22,06,11,696.6,181.4,31.71,54.15,553.83,444.35,1.17,133,93030,,,,,,
20160722:0700,2016,07,22,07,12,872.35,170.05,31.65,55.95,723.95,440.1,2.28,157,93040,,,,,,
20160722:0800,2016,07,22,08,13,806.95,169.65,32.63,52.65,666.04,444.55,2.55,151,92990,,,,,,
20160722:0900,2016,07,22,09,14,635.05,154.4,33.18,51.05,539.2,453.45,2.69,136,92970,,,,,,
20160722:1000,2016,07,22,10,15,489.75,166.5,33.06,51.05,415.37,452.45,2.76,137,92940,,,,,,
20160722:1100,2016,07,22,11,16,304.3,105.8,32.99,51.05,317.58,457.1,2.83,137,92900,,,,,,
20160722:1200,2016,07,22,12,17,182.15,75.95,32.03,54.25,240.14,457.1,2.48,127,92880,,,,,,
20160722:1300,2016,07,22,13,18,50.3,31.55,31.8,55.95,77.37,447.25,2.55,111,92850,,,,,,
20160722:1400,2016,07,22,14,19,0.65,0.65,30.85,61.55,0,443.2,2.14,119,92890,,,,,,
20160722:1500,2016,07,22,15,20,0,0,29.71,67.7,0,433.5,2.14,134,92950,,,,,,
20160722:1600,2016,07,22,16,21,0,0,28.66,72.1,0,426.55,1.79,114,92990,,,,,,
20160722:1700,2016,07,22,17,22,0,0,28.02,74.4,0,425.4,1.79,94,93040,,,,,,
20160722:1800,2016,07,22,18,23,0,0,27.67,76.8,0,428.45,1.72,100,93040,,,,,,
20160722:1900,2016,07,22,19,0,0,0,27.3,84.6,0,423.45,1.1,83,93080,,,,,,
20160722:2000,2016,07,22,20,1,0,0,27.19,81.9,0,424.6,0,0,93100,,,,,,
20160722:2100,2016,07,22,21,2,0,0,26.87,79.3,0,420.15,0,0,93050,,,,,,
20160722:2200,2016,07,22,22,3,0,0,26.52,81.85,0,419.4,0.34,73,93050,,,,,,
20160722:2300,2016,07,22,23,4,0,0,25.88,84.5,0,416.85,0.48,242,93060,,,,,,
20160723:0000,2016,07,23,00,5,0,0,25.63,84.45,0,417.45,0.14,282,93120,,,,,,
20160723:0100,2016,07,23,01,6,94.7,68.8,25.3,90.15,188.32,414.65,1.31,150,93150,,,,,,
20160723:0200,2016,07,23,02,7,245.65,108.2,25.42,81.75,402.83,417.65,2.41,152,93240,,,,,,
20160723:0300,2016,07,23,03,8,357,161.85,26.18,79.15,365.1,415.9,2.28,126,93250,,,,,,
20160723:0400,2016,07,23,04,9,573.25,219.5,27.7,69.6,502.28,432.9,1.72,123,93250,,,,,,
20160723:0500,2016,07,23,05,10,663.45,254.1,29.26,63.3,487.94,431.95,1.24,139,93260,,,,,,
20160723:0600,2016,07,23,06,11,687.7,214.35,30.12,59.45,509.36,442.6,1.31,166,93260,,,,,,
20160723:0700,2016,07,23,07,12,721.35,215.75,32.1,52.5,521.65,452.85,1.03,201,93200,,,,,,
20160723:0800,2016,07,23,08,13,678.45,218.4,32.26,52.5,481.23,449.2,1.66,152,93160,,,,,,
20160723:0900,2016,07,23,09,14,504.55,211.65,31.18,55.85,328.92,454.6,3.86,133,93220,,,,,,
20160723:1000,2016,07,23,10,15,466.55,197,30.92,57.75,346.83,448.8,4.07,147,93160,,,,,,
20160723:1100,2016,07,23,11,16,355.05,125.65,31.04,57.75,367.74,437,4,141,93120,,,,,,
20160723:1200,2016,07,23,12,17,198.3,100.45,30.83,61.55,221.98,442.6,3.59,137,93120,,,,,,
20160723:1300,2016,07,23,13,18,67,39.75,30.44,61.55,113.24,434.1,3.1,136,93120,,,,,,
20160723:1400,2016,07,23,14,19,0.85,0.85,29.66,65.5,0,429.65,2.76,143,93160,,,,,,
20160723:1500,2016,07,23,15,20,0,0,28.66,72.1,0,422.65,2.34,149,93220,,,,,,
20160723:1600,2016,07,23,16,21,0,0,27.9,74.4,0,420.55,2.07,141,93310,,,,,,
20160723:1700,2016,07,23,17,22,0,0,27.32,79.3,0,419.95,2.14,129,93360,,,,,,
20160723:1800,2016,07,23,18,23,0,0,26.91,79.3,0,421.1,2.14,122,93370,,,,,,
20160723:1900,2016,07,23,19,0,0,0,26.58,84.55,0,427.3,2.28,127,93340,,,,,,
20160723:2000,2016,07,23,20,1,0,0,26.28,87.3,0,422.45,2.41,117,93360,,,,,,
20160723:2100,2016,07,23,21,2,0,0,25.95,87.3,0,430,2.69,109,93370,,,,,,
20160723:2200,2016,07,23,22,3,0,0,25.61,87.3,0,426.55,2.34,108,93390,,,,,,
20160723:2300,2016,07,23,23,4,0,0,24.81,90.1,0,425.55,1.66,82,93420,,,,,,
20160724:0000,2016,07,24,00,5,0,0,24.28,90.1,0,420.55,1.31,88,93430,,,,,,
20160724:0100,2016,07,24,01,6,75.4,60.25,24.23,90.1,111.83,418.3,0.48,119,93480,,,,,,
20160724:0200,2016,07,24,02,7,164.1,132.3,24.1,87.2,93.69,424.8,0.34,222,93550,,,,,,
20160724:0300,2016,07,24,03,8,311.25,182.95,24.87,84.4,240.72,427.7,0.69,126,93550,,,,,,
20160724:0400,2016,07,24,04,9,375.45,236.05,26.15,79.15,198.3,430.2,0.48,106,93580,,,,,,
20160724:0500,2016,07,24,05,10,338.9,231,27.19,74.25,128.78,437,0.62,161,93580,,,,,,
20160724:0600,2016,07,24,06,11,767.6,210.1,27.97,69.65,600.53,449.95,0.69,176,93550,,,,,,
20160724:0700,2016,07,24,07,12,809.4,206.4,30.03,61.45,622.72,442,0.9,203,93550,,,,,,
20160724:0800,2016,07,24,08,13,778.8,184.35,30.86,59.55,622.4,444.75,0.83,230,93470,,,,,,
20160724:0900,2016,07,24,09,14,656.85,184.5,31.72,55.95,531.01,450.9,1.03,255,93420,,,,,,
20160724:1000,2016,07,24,10,15,560.5,156,32.14,52.5,521.2,452.85,1.45,275,93310,,,,,,
20160724:1100,2016,07,24,11,16,386.45,126.3,32.43,50.9,417.9,448.4,2,286,93250,,,,,,
20160724:1200,2016,07,24,12,17,224.95,86,32.2,52.5,316.32,438.55,2.21,294,93180,,,,,,
20160724:1300,2016,07,24,13,18,64.5,39.4,31.71,54.15,105.09,431.95,2.28,297,93190,,,,,,
20160724:1400,2016,07,24,14,19,0.75,0.75,30.69,59.55,0,429.05,1.93,301,93160,,,,,,
20160724:1500,2016,07,24,15,20,0,0,29.62,63.4,0,426.55,1.52,329,93180,,,,,,
20160724:1600,2016,07,24,16,21,0,0,28.52,72.1,0,417.45,1.24,332,93200,,,,,,
20160724:1700,2016,07,24,17,22,0,0,27.63,79.35,0,414.75,0.97,336,93260,,,,,,
20160724:1800,2016,07,24,18,23,0,0,27.09,84.6,0,414.75,0.69,28,93270,,,,,,
20160724:1900,2016,07,24,19,0,0,0,27.16,84.6,0,415.3,0.97,111,93230,,,,,,
20160724:2000,2016,07,24,20,1,0,0,26.79,84.55,0,415.7,1.24,106,93250,,,,,,
20160724:2100,2016,07,24,21,2,0,0,26.7,81.85,0,417.65,1.52,103,93260,,,,,,
20160724:2200,2016,07,24,22,3,0,0,26.69,81.85,0,424.4,1.66,102,93310,,,,,,
20160724:2300,2016,07,24,23,4,0,0,26.52,79.2,0,427.7,1.72,95,93330,,,,,,
20160725:0000,2016,07,25,00,5,0,0,25.78,84.45,0,423.65,1.66,89,93350,,,,,,
20160725:0100,2016,07,25,01,6,106.15,63.2,25.19,87.25,322.01,420.85,2,92,93420,,,,,,
20160725:0200,2016,07,25,02,7,195.1,98.25,25.87,81.8,286.88,427.5,2.34,95,93430,,,,,,
20160725:0300,2016,07,25,03,8,442.05,155.55,26.96,74.25,539.11,423.65,2,102,93440,,,,,,
20160725:0400,2016,07,25,04,9,606.45,189.5,28.87,67.5,594.22,431.2,1.45,120,93450,,,,,,
20160725:0500,2016,07,25,05,10,687.3,196.3,30.27,61.45,586.82,443,0.97,181,93440,,,,,,
20160725:0600,2016,07,25,06,11,694.25,246.55,31.2,57.75,482.77,444.75,1.52,214,93430,,,,,,
20160725:0700,2016,07,25,07,12,802.3,212,30.2,63.5,610.19,444.35,1.38,180,93460,,,,,,
20160725:0800,2016,07,25,08,13,776.45,158.85,31.24,59.65,647.27,453.05,0.97,232,93430,,,,,,
20160725:0900,2016,07,25,09,14,705.2,172.1,31.95,54.25,599.99,449.2,1.1,247,93330,,,,,,
20160725:1000,2016,07,25,10,15,547.25,150.2,32.69,52.65,512.37,457.9,1.1,260,93280,,,,,,
20160725:1100,2016,07,25,11,16,401.9,123.75,32.79,52.65,447.8,452.65,0.9,262,93200,,,,,,
20160725:1200,2016,07,25,12,17,182.55,81.8,32.74,50.9,230.2,450.75,1.1,224,93140,,,,,,
20160725:1300,2016,07,25,13,18,58.95,37.25,32.35,52.5,91.57,447.65,1.52,227,93140,,,,,,
20160725:1400,2016,07,25,14,19,0.65,0.65,31.61,55.95,0,443.75,1.24,249,93110,,,,,,
20160725:1500,2016,07,25,15,20,0,0,30.67,61.55,0,431.35,0.76,269,93160,,,,,,
20160725:1600,2016,07,25,16,21,0,0,30.13,63.5,0,428.85,0.21,341,93230,,,,,,
20160725:1700,2016,07,25,17,22,0,0,28.95,77,0,427.3,0.55,81,93280,,,,,,
20160725:1800,2016,07,25,18,23,0,0,28.51,74.5,0,424.8,1.17,110,93300,,,,,,
20160725:1900,2016,07,25,19,0,0,0,28.09,79.4,0,427.3,1.38,111,93270,,,,,,
20160725:2000,2016,07,25,20,1,0,0,27.71,81.95,0,426.35,1.24,117,93290,,,,,,
20160725:2100,2016,07,25,21,2,0,0,27.52,79.35,0,436.6,1.66,104,93300,,,,,,
20160725:2200,2016,07,25,22,3,0,0,25.55,84.45,0,431.95,2.07,97,93330,,,,,,
20160725:2300,2016,07,25,23,4,0,0,24.87,87.25,0,426.15,1.86,88,93360,,,,,,
20160726:0000,2016,07,26,00,5,0,0,24.68,87.2,0,424.6,2.28,89,93370,,,,,,
20160726:0100,2016,07,26,01,6,97.25,70.4,24.56,87.2,204.53,424.15,1.72,88,93390,,,,,,
20160726:0200,2016,07,26,02,7,245.85,137.1,25.45,81.75,323.88,420.9,1.72,86,93410,,,,,,
20160726:0300,2016,07,26,03,8,427.2,156.55,26.36,74.15,510.78,423.05,1.72,115,93460,,,,,,
20160726:0400,2016,07,26,04,9,597.2,193.4,27.85,71.9,576.58,429.85,1.38,130,93460,,,,,,
20160726:0500,2016,07,26,05,10,639.85,236.85,29.25,67.6,482.31,444.35,1.59,166,93480,,,,,,
20160726:0600,2016,07,26,06,11,694.75,324.35,30.09,63.5,399.86,454,1.93,191,93470,,,,,,
20160726:0700,2016,07,26,07,12,734.4,293.9,31.32,59.65,455.79,454.6,1.38,225,93410,,,,,,
20160726:0800,2016,07,26,08,13,744.9,222.35,31.95,56.1,548.22,451.9,1.66,234,93360,,,,,,
20160726:0900,2016,07,26,09,14,643.35,185.75,32.42,54.4,515.64,460.2,1.31,217,93290,,,,,,
20160726:1000,2016,07,26,10,15,492.1,195.5,32.94,52.75,383.35,460.4,1.31,190,93230,,,,,,
20160726:1100,2016,07,26,11,16,385.85,129,33.05,52.75,414.46,456.35,1.24,192,93190,,,,,,
20160726:1200,2016,07,26,12,17,136.45,82.8,32.74,54.4,123.05,454.8,1.59,155,93120,,,,,,
20160726:1300,2016,07,26,13,18,52.2,35.25,31.35,59.65,72.12,455.2,3.03,137,93210,,,,,,
20160726:1400,2016,07,26,14,19,0.55,0.55,29.88,67.7,0,442,2.83,134,93130,,,,,,
20160726:1500,2016,07,26,15,20,0,0,28.84,72.1,0,430.2,2.34,131,93230,,,,,,
20160726:1600,2016,07,26,16,21,0,0,28.17,74.4,0,428.65,1.93,129,93310,,,,,,
20160726:1700,2016,07,26,17,22,0,0,27.67,76.8,0,425.4,1.93,124,93370,,,,,,
20160726:1800,2016,07,26,18,23,0,0,27.36,79.3,0,426.9,2,119,93420,,,,,,
20160726:1900,2016,07,26,19,0,0,0,27.61,84.65,0,429.05,1.52,106,93270,,,,,,
20160726:2000,2016,07,26,20,1,0,0,27.49,81.95,0,426.75,1.66,92,93230,,,,,,
20160726:2100,2016,07,26,21,2,0,0,26.91,81.9,0,429.05,1.93,100,93190,,,,,,
20160726:2200,2016,07,26,22,3,0,0,25.26,90.15,0,431.2,2.14,117,93240,,,,,,
20160726:2300,2016,07,26,23,4,0,0,23.95,90.1,0,436.4,1.72,94,93360,,,,,,
20160727:0000,2016,07,27,00,5,0,0,23.8,90.1,0,437.4,2.9,75,93350,,,,,,
20160727:0100,2016,07,27,01,6,16,15.95,24.07,87.2,0.39,436.15,3.03,93,93400,,,,,,
20160727:0200,2016,07,27,02,7,43.95,43.95,24.28,87.2,0,439.1,2.76,105,93440,,,,,,
20160727:0300,2016,07,27,03,8,190.9,179.25,24.69,87.2,22.05,438.9,1.86,109,93420,,,,,,
20160727:0400,2016,07,27,04,9,309.55,265.4,25.8,81.75,63.16,435.85,1.03,125,93420,,,,,,
20160727:0500,2016,07,27,05,10,306.75,246.95,26.97,74.25,71.67,438.35,1.52,148,93460,,,,,,
20160727:0600,2016,07,27,06,11,70.65,70.65,27.81,71.9,0,446.65,2.9,148,93460,,,,,,
20160727:0700,2016,07,27,07,12,111.6,111.6,24.42,93.1,0,437.35,3.66,143,93650,,,,,,
20160727:0800,2016,07,27,08,13,191.95,164,24.1,90.1,29.35,438.55,3.45,136,93650,,,,,,
20160727:0900,2016,07,27,09,14,222.2,195.8,24.73,87.2,29.79,437.35,3.93,124,93580,,,,,,
20160727:1000,2016,07,27,10,15,164.65,155.55,25.64,84.45,11.78,443.2,4.48,119,93510,,,,,,
20160727:1100,2016,07,27,11,16,94.4,91.7,26.16,79.15,4.37,443.55,4.55,114,93470,,,,,,
20160727:1200,2016,07,27,12,17,58.9,55.85,25.95,79.15,7.02,444.75,3.72,110,93420,,,,,,
20160727:1300,2016,07,27,13,18,19.2,17.1,25.97,79.15,9.01,443.55,3.1,117,93430,,,,,,
20160727:1400,2016,07,27,14,19,0.2,0.2,25.68,81.75,0,438.55,2.14,129,93450,,,,,,
20160727:1500,2016,07,27,15,20,0,0,25.35,87.25,0,428.45,1.38,136,93530,,,,,,
20160727:1600,2016,07,27,16,21,0,0,25.1,87.25,0,426.15,1.1,118,93620,,,,,,
20160727:1700,2016,07,27,17,22,0,0,24.91,84.4,0,423.25,1.66,105,93630,,,,,,
20160727:1800,2016,07,27,18,23,0,0,24.66,90.1,0,422.3,2.07,105,93610,,,,,,
20160727:1900,2016,07,27,19,0,0,0,23.8,90.1,0,407,0.62,56,93640,,,,,,
20160727:2000,2016,07,27,20,1,0,0,23.71,90.1,0,407.95,0.28,141,93670,,,,,,
20160727:2100,2016,07,27,21,2,0,0,23.51,90.1,0,412.8,0.21,156,93590,,,,,,
20160727:2200,2016,07,27,22,3,0,0,23.33,90.1,0,409.5,0.28,74,93550,,,,,,
20160727:2300,2016,07,27,23,4,0,0,23,96.2,0,406.8,0.55,8,93520,,,,,,
20160728:0000,2016,07,28,00,5,0,0,23.07,93.05,0,411.85,0.62,32,93510,,,,,,
20160728:0100,2016,07,28,01,6,75.2,52,23.25,93.05,182.66,407.7,0.41,48,93530,,,,,,
20160728:0200,2016,07,28,02,7,161.95,91.35,24.31,87.2,212.6,411.65,0.41,64,93570,,,,,,
20160728:0300,2016,07,28,03,8,316.6,185.4,25.37,79.1,249.1,413.55,0.69,70,93600,,,,,,
20160728:0400,2016,07,28,04,9,435.15,232.95,26.37,74.15,289.84,423.05,0.55,79,93610,,,,,,
20160728:0500,2016,07,28,05,10,459.95,231.35,27.49,69.6,274.36,430.4,0.69,150,93630,,,,,,
20160728:0600,2016,07,28,06,11,602,242.75,28.15,65.2,388.71,440.65,1.38,162,93600,,,,,,
20160728:0700,2016,07,28,07,12,653.65,269.2,28.73,65.3,398.64,436.8,2.14,125,93580,,,,,,
20160728:0800,2016,07,28,08,13,741.3,242.8,29.16,63.3,524.14,441.45,2.07,132,93490,,,,,,
20160728:0900,2016,07,28,09,14,544.8,181.8,29.63,61.35,410.11,437,2.41,121,93410,,,,,,
20160728:1000,2016,07,28,10,15,478.9,159.5,29.73,59.35,414.24,440.3,2.28,133,93330,,,,,,
20160728:1100,2016,07,28,11,16,346.3,138.4,29.74,59.35,337.16,439.1,2.21,139,93220,,,,,,
20160728:1200,2016,07,28,12,17,174.8,84.75,29.28,61.25,208.27,427.9,2.07,141,93160,,,,,,
20160728:1300,2016,07,28,13,18,48.15,30.9,28.86,63.2,74.72,432.75,1.86,144,93130,,,,,,
20160728:1400,2016,07,28,14,19,0.35,0.35,28.12,65.2,0,427.5,1.79,146,93170,,,,,,
20160728:1500,2016,07,28,15,20,0,0,26.95,74.25,0,414.55,1.17,143,93230,,,,,,
20160728:1600,2016,07,28,16,21,0,0,26.05,81.8,0,408.55,1.1,115,93300,,,,,,
20160728:1700,2016,07,28,17,22,0,0,25.74,81.75,0,411.05,1.52,102,93290,,,,,,
20160728:1800,2016,07,28,18,23,0,0,25.13,84.4,0,407.75,1.38,98,93280,,,,,,
20160728:1900,2016,07,28,19,0,0,0,24.93,87.25,0,406.6,1.17,94,93300,,,,,,
20160728:2000,2016,07,28,20,1,0,0,24.88,87.25,0,412.4,1.24,85,93280,,,,,,
20160728:2100,2016,07,28,21,2,0,0,24.7,87.2,0,409.3,1.45,76,93230,,,,,,
20160728:2200,2016,07,28,22,3,0,0,24.44,87.2,0,408.55,1.79,76,93240,,,,,,
20160728:2300,2016,07,28,23,4,0,0,24.32,84.35,0,412.4,1.66,76,93220,,,,,,
20160729:0000,2016,07,29,00,5,0,0,23.89,84.35,0,405.45,1.45,78,93210,,,,,,
20160729:0100,2016,07,29,01,6,127.25,65.65,23.95,84.35,493.35,409.25,1.45,83,93210,,,,,,
20160729:0200,2016,07,29,02,7,276.85,107.15,25.38,79.1,513.91,407.4,1.45,110,93280,,,,,,
20160729:0300,2016,07,29,03,8,467.7,140.6,26.66,74.15,622.93,417.25,1.59,137,93300,,,,,,
20160729:0400,2016,07,29,04,9,586.8,193,27.78,69.6,565.6,419,1.17,146,93300,,,,,,
20160729:0500,2016,07,29,05,10,580.65,195.5,28.65,63.2,462.92,428.65,0.62,175,93310,,,,,,
20160729:0600,2016,07,29,06,11,654.1,179,29.28,61.25,514.68,430,0.62,216,93290,,,,,,
20160729:0700,2016,07,29,07,12,733.8,197.1,30.42,57.6,557.13,434.65,1.03,196,93250,,,,,,
20160729:0800,2016,07,29,08,13,698.9,205.25,30.8,57.6,519.66,439.5,1.52,189,93220,,,,,,
20160729:0900,2016,07,29,09,14,676.95,163.85,30.65,57.6,580.5,446.85,1.72,150,93150,,,,,,
20160729:1000,2016,07,29,10,15,518.75,160.15,30.84,59.55,465.93,442.2,1.79,142,93080,,,,,,
20160729:1100,2016,07,29,11,16,337.35,123.95,30.8,59.55,347.01,439.7,1.52,148,93020,,,,,,
20160729:1200,2016,07,29,12,17,172.3,77.15,30.73,59.55,221.05,434.1,1.38,152,92970,,,,,,
20160729:1300,2016,07,29,13,18,54.05,32.1,30.41,59.55,96,441.65,1.38,149,92960,,,,,,
20160729:1400,2016,07,29,14,19,0.25,0.25,29.6,65.5,0,424.4,1.03,144,92970,,,,,,
20160729:1500,2016,07,29,15,20,0,0,28.47,72.1,0,423.45,1.24,119,93030,,,,,,
20160729:1600,2016,07,29,16,21,0,0,27.61,79.35,0,422.85,1.31,104,93090,,,,,,
20160729:1700,2016,07,29,17,22,0,0,26.97,79.3,0,415.7,1.59,101,93150,,,,,,
20160729:1800,2016,07,29,18,23,0,0,26.41,81.85,0,417.25,1.79,99,93170,,,,,,
20160729:1900,2016,07,29,19,0,0,0,26.49,84.55,0,423.45,1.52,103,93180,,,,,,
20160729:2000,2016,07,29,20,1,0,0,25.55,87.3,0,419.75,1.24,78,93200,,,,,,
20160729:2100,2016,07,29,21,2,0,0,24.56,90.1,0,424.6,1.52,69,93180,,,,,,
20160729:2200,2016,07,29,22,3,0,0,23.77,90.1,0,424.2,1.72,58,93190,,,,,,
20160729:2300,2016,07,29,23,4,0,0,23.77,90.1,0,431.55,2,48,93170,,,,,,
20160730:0000,2016,07,30,00,5,0,0,23.91,84.35,0,420.9,1.38,48,93120,,,,,,
20160730:0100,2016,07,30,01,6,73.3,53.65,23.99,87.2,160.16,409.25,0.21,78,93160,,,,,,
20160730:0200,2016,07,30,02,7,157.65,102.5,24.59,87.2,167.97,423.05,0.83,182,93220,,,,,,
20160730:0300,2016,07,30,03,8,301.25,184.35,25.41,81.75,223.31,419.2,1.59,170,93250,,,,,,
20160730:0400,2016,07,30,04,9,435.2,230.5,26.28,79.15,294.59,420.15,1.79,187,93300,,,,,,
20160730:0500,2016,07,30,05,10,444.85,314.95,27.42,71.9,156.36,434.3,1.03,194,93290,,,,,,
20160730:0600,2016,07,30,06,11,331.3,282.55,28.28,69.65,52.88,444.75,0.55,192,93240,,,,,,
20160730:0700,2016,07,30,07,12,395.7,298.2,26.24,79.15,101.33,440.45,2.28,117,93430,,,,,,
20160730:0800,2016,07,30,08,13,378.35,276.25,27.32,74.25,107.61,438.15,2.21,145,93370,,,,,,
20160730:0900,2016,07,30,09,14,550.8,283.65,27.95,69.65,302.69,444.15,1.66,168,93300,,,,,,
20160730:1000,2016,07,30,10,15,382.55,202.6,28.96,67.6,234.26,444.55,1.24,194,93240,,,,,,
20160730:1100,2016,07,30,11,16,259.15,165.45,29.22,67.6,152.79,443.95,1.52,208,93160,,,,,,
20160730:1200,2016,07,30,12,17,140.2,87.3,29.17,67.6,123.47,448.8,1.17,237,93140,,,,,,
20160730:1300,2016,07,30,13,18,45.1,30.85,28.79,69.75,62.96,441.45,0.9,274,93120,,,,,,
20160730:1400,2016,07,30,14,19,0.2,0.2,28.26,72,0,432.35,0.69,299,93140,,,,,,
20160730:1500,2016,07,30,15,20,0,0,27.57,76.8,0,427.1,0.28,272,93190,,,,,,
20160730:1600,2016,07,30,16,21,0,0,26.91,81.9,0,426.35,0.21,28,93240,,,,,,
20160730:1700,2016,07,30,17,22,0,0,26.28,87.3,0,416.65,0.62,76,93250,,,,,,
20160730:1800,2016,07,30,18,23,0,0,25.72,90.2,0,414.35,1.03,96,93280,,,,,,
20160730:1900,2016,07,30,19,0,0,0,25.25,93.15,0,415.9,0.83,58,93290,,,,,,
20160730:2000,2016,07,30,20,1,0,0,25.05,90.15,0,419.95,1.17,34,93290,,,,,,
20160730:2100,2016,07,30,21,2,0,0,24.62,93.1,0,425.55,0.97,29,93250,,,,,,
20160730:2200,2016,07,30,22,3,0,0,24.27,90.1,0,430.8,0.41,87,93300,,,,,,
20160730:2300,2016,07,30,23,4,0,0,23.89,87.2,0,432.55,0.55,116,93300,,,,,,
20160731:0000,2016,07,31,00,5,0,0,23.57,90.1,0,433.9,0.55,64,93320,,,,,,
20160731:0100,2016,07,31,01,6,31.5,31.15,23.6,90.1,2.9,432.05,0.9,34,93330,,,,,,
20160731:0200,2016,07,31,02,7,41.15,40.85,23.78,90.1,0.92,434.3,0.62,36,93400,,,,,,
20160731:0300,2016,07,31,03,8,271.85,157.55,23.94,87.2,219.03,435.05,0.9,90,93420,,,,,,
20160731:0400,2016,07,31,04,9,472.95,244.45,25.35,79.1,329.51,425.55,1.72,115,93410,,,,,,
20160731:0500,2016,07,31,05,10,540.4,286.6,26.75,74.15,305.96,420.9,1.66,136,93420,,,,,,
20160731:0600,2016,07,31,06,11,756.5,212.15,27.88,69.65,591.17,445.3,1.59,167,93380,,,,,,
20160731:0700,2016,07,31,07,12,791.4,259.35,29.6,69.95,553.6,442.4,1.31,193,93340,,,,,,
20160731:0800,2016,07,31,08,13,782.1,172.65,30.03,70,643.17,444.35,1.52,203,93280,,,,,,
20160731:0900,2016,07,31,09,14,671.9,217.45,30.57,65.7,515.69,439.9,1.1,220,93200,,,,,,
20160731:1000,2016,07,31,10,15,434.65,155.4,31.04,63.7,364.27,445.7,1.59,249,93130,,,,,,
20160731:1100,2016,07,31,11,16,370.35,123.3,29.86,65.5,404.05,448.4,1.86,298,93040,,,,,,
20160731:1200,2016,07,31,12,17,166.55,74.8,29.3,67.6,215.2,433.9,2.14,343,93030,,,,,,
20160731:1300,2016,07,31,13,18,49.15,31.2,28.77,69.75,80.15,427.5,1.59,350,92970,,,,,,
20160731:1400,2016,07,31,14,19,0.1,0.1,28.21,74.4,0,423.05,1.1,337,92990,,,,,,
20160731:1500,2016,07,31,15,20,0,0,27.32,79.3,0,416.1,0.83,347,93010,,,,,,
20160731:1600,2016,07,31,16,21,0,0,23.77,98.45,0,398.91,0.78,4,93040,,,,,,
20160731:1700,2016,07,31,17,22,0,0,24.21,96.22,0,401.37,0.8,29,93060,,,,,,
20160731:1800,2016,07,31,18,23,0,0,24.66,93.98,0,403.83,0.83,90,93080,,,,,,
20160731:1900,2016,07,31,19,0,0,0,25.11,91.75,0,406.29,0.85,111,93120,,,,,,
20160731:2000,2016,07,31,20,1,0,0,25.55,89.51,0,408.75,0.87,74,93100,,,,,,
20160731:2100,2016,07,31,21,2,0,0,26,87.28,0,411.21,0.9,67,93070,,,,,,
20160731:2200,2016,07,31,22,3,0,0,26.44,85.04,0,413.67,0.92,57,93100,,,,,,
20160731:2300,2016,07,31,23,4,0,0,26.89,82.81,0,416.13,0.94,60,93040,,,,,,
20050801:0000,2005,08,01,00,5,0,0,27.34,80.57,0,418.59,0.96,64,92830,,,,,,
20050801:0100,2005,08,01,01,6,127.4,61.15,27.78,78.34,549.74,421.04,0.99,67,92880,,,,,,
20050801:0200,2005,08,01,02,7,268.25,97.1,28.23,76.1,524.29,423.5,1.01,108,92920,,,,,,
20050801:0300,2005,08,01,03,8,461.95,134.3,28.67,73.87,627.85,425.96,1.03,179,92960,,,,,,
20050801:0400,2005,08,01,04,9,631.2,155.45,29.12,71.63,686.06,428.42,1.06,175,92980,,,,,,
20050801:0500,2005,08,01,05,10,710.65,178.9,29.57,69.4,641.03,430.88,1.08,191,92990,,,,,,
20050801:0600,2005,08,01,06,11,795,172.4,30.01,67.16,676.15,433.34,1.1,203,93000,,,,,,
20050801:0700,2005,08,01,07,12,841.9,193.1,30.46,64.93,675.08,435.8,1.12,245,92910,,,,,,
20050801:0800,2005,08,01,08,13,804.45,200.95,33.25,56.3,636.89,447.25,1.79,269,92860,,,,,,
20050801:0900,2005,08,01,09,14,719.35,158.6,33.55,52.85,636.32,451.3,1.72,280,92800,,,,,,
20050801:1000,2005,08,01,10,15,577.3,130.05,33.94,52.85,583.42,451.5,1.72,275,92740,,,,,,
20050801:1100,2005,08,01,11,16,363.95,107.2,34.04,51.15,419.91,446.3,1.93,280,92650,,,,,,
20050801:1200,2005,08,01,12,17,171,73.45,33.77,49.5,228.8,450.15,1.93,284,92600,,,,,,
20050801:1300,2005,08,01,13,18,49.95,28.45,33,51.05,96,440.45,1.72,294,92590,,,,,,
20050801:1400,2005,08,01,14,19,0.05,0.05,31.93,57.95,0,442.2,1.17,308,92640,,,,,,
20050801:1500,2005,08,01,15,20,0,0,30.12,74.7,0,428.1,0.97,357,92700,,,,,,
20050801:1600,2005,08,01,16,21,0,0,29.18,79.55,0,422.45,0.97,47,92750,,,,,,
20050801:1700,2005,08,01,17,22,0,0,28.53,76.95,0,417.65,1.31,73,92790,,,,,,
20050801:1800,2005,08,01,18,23,0,0,27.78,79.35,0,415.3,1.59,70,92800,,,,,,
20050801:1900,2005,08,01,19,0,0,0,26.81,87.35,0,413.2,1.45,73,92850,,,,,,
20050801:2000,2005,08,01,20,1,0,0,26.4,87.35,0,412.4,1.45,77,92870,,,,,,
20050801:2100,2005,08,01,21,2,0,0,26.18,90.2,0,414.15,1.59,76,92860,,,,,,
20050801:2200,2005,08,01,22,3,0,0,25.99,87.3,0,414.75,1.72,70,92840,,,,,,
20050801:2300,2005,08,01,23,4,0,0,25.79,90.2,0,421.3,1.59,84,92850,,,,,,
20050802:0000,2005,08,02,00,5,0,0,25.48,90.2,0,420.9,1.72,112,92870,,,,,,
20050802:0100,2005,08,02,01,6,84.5,55.15,25.43,93.15,248.06,421.8,1.66,124,92940,,,,,,
20050802:0200,2005,08,02,02,7,235.05,105.25,26.22,87.3,399.96,422.1,1.72,134,93000,,,,,,
20050802:0300,2005,08,02,03,8,411.25,151.85,27.2,81.9,498.64,423.05,1.45,153,93040,,,,,,
20050802:0400,2005,08,02,04,9,532.5,163,28.29,76.85,533.94,428.3,1.24,185,93070,,,,,,
20050802:0500,2005,08,02,05,10,700.85,232.15,29.38,69.95,565.89,434.45,0.76,220,93050,,,,,,
20050802:0600,2005,08,02,06,11,760.55,194.45,30.53,65.7,615.59,439.5,1.45,292,93000,,,,,,
20050802:0700,2005,08,02,07,12,827.85,191.5,31.26,65.8,662.95,444.9,1.79,283,92940,,,,,,
20050802:0800,2005,08,02,08,13,782.95,198.05,32.09,61.85,618.09,445.5,1.72,292,92880,,,,,,
20050802:0900,2005,08,02,09,14,660.4,191.1,32.87,58.05,533.4,451.3,2.28,292,92820,,,,,,
20050802:1000,2005,08,02,10,15,503.3,169.1,33.18,54.5,436.88,448.6,2.41,294,92720,,,,,,
20050802:1100,2005,08,02,11,16,403.75,114.1,33.18,54.5,475.18,448.4,2.21,298,92650,,,,,,
20050802:1200,2005,08,02,12,17,205,79.65,33.05,52.75,295.5,439.5,2.14,302,92610,,,,,,
20050802:1300,2005,08,02,13,18,55.4,32.3,32.45,54.4,104.3,436,1.59,315,92580,,,,,,
20050802:1400,2005,08,02,14,19,0.05,0.05,31.43,59.75,0,427.9,0.9,342,92630,,,,,,
20050802:1500,2005,08,02,15,20,0,0,29.87,77.15,0,426.15,0.55,55,92700,,,,,,
20050802:1600,2005,08,02,16,21,0,0,29.25,74.55,0,420.35,1.03,73,92730,,,,,,
20050802:1700,2005,08,02,17,22,0,0,28.31,79.4,0,418.6,1.45,68,92740,,,,,,
20050802:1800,2005,08,02,18,23,0,0,27.46,79.35,0,414.55,1.59,77,92780,,,,,,
20050802:1900,2005,08,02,19,0,0,0,27.38,81.95,0,418.4,1.79,98,92800,,,,,,
20050802:2000,2005,08,02,20,1,0,0,27.16,84.6,0,420.55,1.86,95,92810,,,,,,
20050802:2100,2005,08,02,21,2,0,0,26.87,87.4,0,423.45,1.79,92,92810,,,,,,
20050802:2200,2005,08,02,22,3,0,0,26.55,90.25,0,426.9,1.93,85,92810,,,,,,
20050802:2300,2005,08,02,23,4,0,0,26.06,90.2,0,424.6,2.14,83,92820,,,,,,
20050803:0000,2005,08,03,00,5,0,0,25.31,90.2,0,422.1,2.21,92,92870,,,,,,
20050803:0100,2005,08,03,01,6,72.45,48.7,25.14,93.15,204.54,422.95,2.41,109,92920,,,,,,
20050803:0200,2005,08,03,02,7,194.8,113.85,25.79,90.2,250.91,433.3,2.76,123,92980,,,,,,
20050803:0300,2005,08,03,03,8,481.5,140.8,26.55,84.55,657.01,428.3,2.76,131,93010,,,,,,
20050803:0400,2005,08,03,04,9,575.55,220.9,28.6,74.5,513.56,430.2,1.93,134,93030,,,,,,
20050803:0500,2005,08,03,05,10,674.45,186.3,29.99,67.8,590.3,446.85,1.03,164,93050,,,,,,
20050803:0600,2005,08,03,06,11,813.7,183.4,31.16,63.7,686.32,446.3,0.76,204,93020,,,,,,
20050803:0700,2005,08,03,07,12,767.85,224.45,32.61,61.95,566.84,448.8,1.86,195,93000,,,,,,
20050803:0800,2005,08,03,08,13,780,153.85,33.35,58.15,662.6,457.3,1.66,200,92940,,,,,,
20050803:0900,2005,08,03,09,14,626.05,186.35,34.02,56.4,500.59,456.75,1.59,193,92860,,,,,,
20050803:1000,2005,08,03,10,15,504.9,133.75,34.41,52.95,486.25,457.9,1.72,199,92820,,,,,,
20050803:1100,2005,08,03,11,16,358.25,130.9,34.36,52.85,374.17,458.1,1.79,206,92780,,,,,,
20050803:1200,2005,08,03,12,17,193.95,76.45,34.25,52.85,278.48,455.95,1.59,188,92740,,,,,,
20050803:1300,2005,08,03,13,18,48,28.6,33.69,51.15,88.61,452.45,1.17,168,92760,,,,,,
20050803:1400,2005,08,03,14,19,0,0,32.65,56.2,0,446.65,1.45,126,92770,,,,,,
20050803:1500,2005,08,03,15,20,0,0,31.11,63.7,0,443.95,2.07,106,92850,,,,,,
20050803:1600,2005,08,03,16,21,0,0,30.01,70,0,443.75,2.34,117,92950,,,,,,
20050803:1700,2005,08,03,17,22,0,0,29.02,74.55,0,439.9,2.34,121,93010,,,,,,
20050803:1800,2005,08,03,18,23,0,0,28.15,79.4,0,441.25,2.28,117,93050,,,,,,
20050803:1900,2005,08,03,19,0,0,0,28.13,82.05,0,441.45,1.93,98,93080,,,,,,
20050803:2000,2005,08,03,20,1,0,0,26.71,87.35,0,446.45,2.28,75,93090,,,,,,
20050803:2100,2005,08,03,21,2,0,0,25.87,87.3,0,443.35,2.69,71,93090,,,,,,
20050803:2200,2005,08,03,22,3,0,0,25.42,87.3,0,437,2.55,71,93050,,,,,,
20050803:2300,2005,08,03,23,4,0,0,25.27,87.25,0,432.9,2.07,53,93060,,,,,,
20050804:0000,2005,08,04,00,5,0,0,24.89,87.25,0,436.4,1.52,41,93090,,,,,,
20050804:0100,2005,08,04,01,6,70.85,52.8,24.77,90.1,158.48,436.7,1.45,55,93140,,,,,,
20050804:0200,2005,08,04,02,7,180.35,99.2,25.39,87.3,253.04,428.3,1.1,73,93160,,,,,,
20050804:0300,2005,08,04,03,8,330.8,155.6,26.4,79.2,338.95,437,0.55,125,93200,,,,,,
20050804:0400,2005,08,04,04,9,470.65,200.4,26.95,79.3,392.17,435.65,1.1,180,93220,,,,,,
20050804:0500,2005,08,04,05,10,550.15,197.9,27.66,76.8,426.64,438.15,1.59,181,93230,,,,,,
20050804:0600,2005,08,04,06,11,635.4,242.9,28.28,74.4,427.97,443.35,1.66,186,93190,,,,,,
20050804:0700,2005,08,04,07,12,667.8,229.15,30.17,72.35,458.18,452.65,1.17,183,93120,,,,,,
20050804:0800,2005,08,04,08,13,615.75,186.3,31.17,67.95,455.1,461.75,1.17,203,93030,,,,,,
20050804:0900,2005,08,04,09,14,566.4,180.1,31.91,63.9,440.56,457.7,1.38,221,92950,,,,,,
20050804:1000,2005,08,04,10,15,501.85,173.4,32.69,60,431.3,461,1.59,243,92880,,,,,,
20050804:1100,2005,08,04,11,16,291.95,109.3,33.11,58.15,301.61,461.35,1.59,254,92800,,,,,,
20050804:1200,2005,08,04,12,17,178.45,81.1,33.18,58.15,232,457.7,1.1,254,92740,,,,,,
20050804:1300,2005,08,04,13,18,39.5,23.85,32.92,56.3,72.35,453.85,0.14,349,92740,,,,,,
20050804:1400,2005,08,04,14,19,0,0,32.02,63.9,0,455.35,1.38,78,92750,,,,,,
20050804:1500,2005,08,04,15,20,0,0,30.39,70.1,0,447.25,1.86,104,92830,,,,,,
20050804:1600,2005,08,04,16,21,0,0,29.37,77.1,0,441.85,1.93,121,92920,,,,,,
20050804:1700,2005,08,04,17,22,0,0,28.68,82.1,0,444.15,1.93,120,92930,,,,,,
20050804:1800,2005,08,04,18,23,0,0,27.9,84.7,0,441.05,2,99,92980,,,,,,
20050804:1900,2005,08,04,19,0,0,0,28.21,84.7,0,438.35,1.66,108,92860,,,,,,
20050804:2000,2005,08,04,20,1,0,0,27.31,90.25,0,434.85,2,81,92880,,,,,,
20050804:2100,2005,08,04,21,2,0,0,26.28,90.2,0,439.7,2.62,70,92860,,,,,,
20050804:2200,2005,08,04,22,3,0,0,25.69,90.2,0,440.45,2.62,76,92800,,,,,,
20050804:2300,2005,08,04,23,4,0,0,25.23,90.15,0,436.6,1.52,85,92820,,,,,,
20050805:0000,2005,08,05,00,5,0,0,24.92,90.15,0,431.2,1.24,96,92820,,,,,,
20050805:0100,2005,08,05,01,6,97.65,55.75,24.96,90.15,375.21,426.45,1.24,76,92820,,,,,,
20050805:0200,2005,08,05,02,7,239.9,113,25.85,87.3,398.1,422.1,1.38,76,92850,,,,,,
20050805:0300,2005,08,05,03,8,323.2,153.4,27.33,74.3,329.57,426.55,1.31,104,92880,,,,,,
20050805:0400,2005,08,05,04,9,507.05,192.45,27.69,76.8,457.51,432.9,0.83,150,92890,,,,,,
20050805:0500,2005,08,05,05,10,677.1,230.15,28,76.85,542.23,443.2,0.69,182,92910,,,,,,
20050805:0600,2005,08,05,06,11,757.55,228.65,29.16,74.55,577.5,443,0.62,191,92880,,,,,,
20050805:0700,2005,08,05,07,12,644.35,282.6,31.27,67.95,378.37,455.95,0.76,146,92760,,,,,,
20050805:0800,2005,08,05,08,13,672.55,224.65,31.81,65.9,475.37,461.55,0.97,158,92700,,,,,,
20050805:0900,2005,08,05,09,14,525.8,231.95,32.19,66,335.74,454.4,2,160,92650,,,,,,
20050805:1000,2005,08,05,10,15,372.2,195.65,31.82,65.9,232.39,461.55,2.55,178,92600,,,,,,
20050805:1100,2005,08,05,11,16,271.85,120.9,31.49,65.9,250.14,460.2,2.14,171,92560,,,,,,
20050805:1200,2005,08,05,12,17,164.6,77.25,31.24,67.95,209.37,457.5,1.1,152,92560,,,,,,
20050805:1300,2005,08,05,13,18,35.95,25.75,30.26,72.35,47.76,450.15,2.76,82,92540,,,,,,
20050805:1400,2005,08,05,14,19,0,0,28.15,79.4,0,443.2,2.62,98,92570,,,,,,
20050805:1500,2005,08,05,15,20,0,0,27.2,81.9,0,433.3,2.14,120,92640,,,,,,
20050805:1600,2005,08,05,16,21,0,0,26.83,81.9,0,424.6,1.45,99,92670,,,,,,
20050805:1700,2005,08,05,17,22,0,0,26.56,84.55,0,424.8,0.97,81,92660,,,,,,
20050805:1800,2005,08,05,18,23,0,0,26.16,90.2,0,432.9,0.55,17,92650,,,,,,
20050805:1900,2005,08,05,19,0,0,0,25.16,93.15,0,420.75,1.03,25,92630,,,,,,
20050805:2000,2005,08,05,20,1,0,0,25.2,93.15,0,419.95,1.17,6,92560,,,,,,
20050805:2100,2005,08,05,21,2,0,0,24.92,96.2,0,417.65,0.28,237,92540,,,,,,
20050805:2200,2005,08,05,22,3,0,0,24.54,96.2,0,419,0.97,137,92560,,,,,,
20050805:2300,2005,08,05,23,4,0,0,24.32,96.2,0,424.2,1.17,153,92520,,,,,,
20050806:0000,2005,08,06,00,5,0,0,24.06,99.4,0,419.2,1.1,166,92540,,,,,,
20050806:0100,2005,08,06,01,6,56.25,41.35,23.96,99.4,136.15,419.85,1.24,161,92580,,,,,,
20050806:0200,2005,08,06,02,7,89.35,66.75,24.27,99.4,71.33,425.2,2.07,158,92650,,,,,,
20050806:0300,2005,08,06,03,8,136.5,104.65,24.51,93.1,62.02,426.9,2.48,154,92690,,,,,,
20050806:0400,2005,08,06,04,9,354,251.3,24.79,93.1,149.68,432.9,2.34,150,92740,,,,,,
20050806:0500,2005,08,06,05,10,535,277.65,25.52,84.45,312.73,439.3,2.34,119,92730,,,,,,
20050806:0600,2005,08,06,06,11,529.9,221.6,27.75,74.3,337.12,434.3,2.76,115,92710,,,,,,
20050806:0700,2005,08,06,07,12,550.4,260.4,27.21,79.3,303.76,438.9,3.45,142,92720,,,,,,
20050806:0800,2005,08,06,08,13,505.8,268.95,28.5,72.1,251.77,440.1,3.72,135,92680,,,,,,
20050806:0900,2005,08,06,09,14,456.1,270.35,28.79,74.5,212.63,449.95,3.86,138,92630,,,,,,
20050806:1000,2005,08,06,10,15,357.3,197.8,28.38,69.75,210.48,442.4,4.07,133,92560,,,,,,
20050806:1100,2005,08,06,11,16,274.8,166.9,28.39,72.1,179.45,443.55,3.79,133,92530,,,,,,
20050806:1200,2005,08,06,12,17,110.35,81.55,28.54,72.1,69.45,435.45,3.59,121,92510,,,,,,
20050806:1300,2005,08,06,13,18,31.7,25.2,28.27,74.4,30.84,440.85,2.83,129,92510,,,,,,
20050806:1400,2005,08,06,14,19,0,0,27.57,76.8,0,431,2.34,135,92500,,,,,,
20050806:1500,2005,08,06,15,20,0,0,26.78,81.85,0,417.65,1.66,123,92580,,,,,,
20050806:1600,2005,08,06,16,21,0,0,26.07,84.5,0,413,1.45,115,92620,,,,,,
20050806:1700,2005,08,06,17,22,0,0,25.55,90.2,0,412,1.31,109,92630,,,,,,
20050806:1800,2005,08,06,18,23,0,0,25.14,93.15,0,413.2,0.97,101,92630,,,,,,
20050806:1900,2005,08,06,19,0,0,0,25.04,90.15,0,413.95,0.97,119,92660,,,,,,
20050806:2000,2005,08,06,20,1,0,0,24.79,96.2,0,414.9,0.76,89,92650,,,,,,
20050806:2100,2005,08,06,21,2,0,0,24.63,93.1,0,411.85,1.24,75,92620,,,,,,
20050806:2200,2005,08,06,22,3,0,0,24.33,90.1,0,408.15,1.38,59,92570,,,,,,
20050806:2300,2005,08,06,23,4,0,0,23.99,90.1,0,412.6,1.79,39,92580,,,,,,
20050807:0000,2005,08,07,00,5,0,0,23.6,90.05,0,401.4,1.59,84,92540,,,,,,
20050807:0100,2005,08,07,01,6,76.9,49.45,23.5,93.05,256.07,403.05,0.48,156,92600,,,,,,
20050807:0200,2005,08,07,02,7,206.65,122.2,23.28,87.1,268.2,414.35,0.34,76,92650,,,,,,
20050807:0300,2005,08,07,03,8,270.85,188.6,24.04,84.35,160.7,416.1,2.21,52,92700,,,,,,
20050807:0400,2005,08,07,04,9,446.7,197.6,25.16,81.7,363.84,424.8,1.79,68,92710,,,,,,
20050807:0500,2005,08,07,05,10,669.4,212.3,26.77,74.15,556.4,420.35,1.24,74,92720,,,,,,
20050807:0600,2005,08,07,06,11,489.2,280.35,28.15,67.4,228.71,424.6,0.69,91,92700,,,,,,
20050807:0700,2005,08,07,07,12,657,266.7,28.73,67.5,409.41,440.1,3.03,151,92660,,,,,,
20050807:0800,2005,08,07,08,13,568.7,251.45,28.63,67.5,337.78,430.2,3.79,167,92660,,,,,,
20050807:0900,2005,08,07,09,14,567.45,207.35,28.38,67.5,413.02,434.45,3.17,139,92660,,,,,,
20050807:1000,2005,08,07,10,15,436.2,152.25,28.8,72.1,375.68,422.3,3.24,154,92610,,,,,,
20050807:1100,2005,08,07,11,16,266.6,146.95,27.94,69.65,199.74,430.4,3.03,154,92590,,,,,,
20050807:1200,2005,08,07,12,17,127.75,81.05,25.63,79.1,113.31,430.2,3.17,116,92640,,,,,,
20050807:1300,2005,08,07,13,18,24.35,20.5,24.35,84.35,18.52,425.2,2.21,92,92690,,,,,,
20050807:1400,2005,08,07,14,19,0,0,24,87.15,0,421.5,1.31,115,92760,,,,,,
20050807:1500,2005,08,07,15,20,0,0,24.13,87.15,0,417.85,1.66,87,92850,,,,,,
20050807:1600,2005,08,07,16,21,0,0,24.11,87.15,0,410.1,1.72,61,92900,,,,,,
20050807:1700,2005,08,07,17,22,0,0,24.08,87.15,0,411.45,1.24,63,92920,,,,,,
20050807:1800,2005,08,07,18,23,0,0,23.54,90.05,0,412.4,0.07,352,92940,,,,,,
20050807:1900,2005,08,07,19,0,0,0,22.34,90.05,0,412,1.1,355,93010,,,,,,
20050807:2000,2005,08,07,20,1,0,0,21.86,93.05,0,410.45,1.24,28,93020,,,,,,
20050807:2100,2005,08,07,21,2,0,0,21.58,93,0,412.2,1.45,44,93020,,,,,,
20050807:2200,2005,08,07,22,3,0,0,21.41,93,0,411.85,1.17,43,93010,,,,,,
20050807:2300,2005,08,07,23,4,0,0,21.05,93,0,409.7,1.38,23,93030,,,,,,
20050808:0000,2005,08,08,00,5,0,0,21.11,93,0,414.9,1.66,30,93010,,,,,,
20050808:0100,2005,08,08,01,6,37.9,32.75,21.4,93,49.07,412.3,1.03,54,93050,,,,,,
20050808:0200,2005,08,08,02,7,52.25,50.9,22.11,90,4.31,407.55,0.21,63,93130,,,,,,
20050808:0300,2005,08,08,03,8,48.8,48.8,22.24,90,0,423.05,0.28,350,93170,,,,,,
20050808:0400,2005,08,08,04,9,71,70.9,22.2,90,0.15,424.6,0.76,71,93210,,,,,,
20050808:0500,2005,08,08,05,10,216.4,204.3,22.52,87.1,14.75,423.65,2,88,93240,,,,,,
20050808:0600,2005,08,08,06,11,522.35,351.3,23.49,81.5,187.6,422.3,2.21,89,93260,,,,,,
20050808:0700,2005,08,08,07,12,634.2,354.6,25.46,74,293.74,423.65,1.31,147,93270,,,,,,
20050808:0800,2005,08,08,08,13,529.15,349.75,26.42,74.15,191.33,424.2,1.72,123,93240,,,,,,
20050808:0900,2005,08,08,09,14,564.5,240.95,26.83,71.85,371.86,432.75,1.52,114,93190,,,,,,
20050808:1000,2005,08,08,10,15,382.2,181.6,27.51,69.6,266.12,426.35,1.38,122,93120,,,,,,
20050808:1100,2005,08,08,11,16,350.3,172.9,27.68,69.6,297.31,421.5,1.59,150,93070,,,,,,
20050808:1200,2005,08,08,12,17,179.2,87.05,27.7,69.6,225.04,426.15,1.66,179,93080,,,,,,
20050808:1300,2005,08,08,13,18,37.25,24.5,26.47,71.75,62.22,416.1,0.62,213,93090,,,,,,
20050808:1400,2005,08,08,14,19,0,0,25.86,74.1,0,415.7,0.9,352,93140,,,,,,
20050808:1500,2005,08,08,15,20,0,0,24.87,81.7,0,398.3,1.31,11,93160,,,,,,
20050808:1600,2005,08,08,16,21,0,0,24.06,87.15,0,394,1.52,9,93220,,,,,,
20050808:1700,2005,08,08,17,22,0,0,23.49,90.05,0,393.45,1.45,5,93230,,,,,,
20050808:1800,2005,08,08,18,23,0,0,22.96,90.05,0,388.8,1.31,12,93210,,,,,,
20050808:1900,2005,08,08,19,0,0,0,22.86,90.05,0,384.75,1.52,357,93220,,,,,,
20050808:2000,2005,08,08,20,1,0,0,22.44,93.05,0,380.3,1.52,9,93210,,,,,,
20050808:2100,2005,08,08,21,2,0,0,21.98,93.05,0,377.75,1.38,20,93180,,,,,,
20050808:2200,2005,08,08,22,3,0,0,21.5,96.15,0,376,1.17,20,93180,,,,,,
20050808:2300,2005,08,08,23,4,0,0,21.17,96.15,0,377.2,1.03,7,93190,,,,,,
20050809:0000,2005,08,09,00,5,0,0,20.98,96.15,0,376,1.17,3,93190,,,,,,
20050809:0100,2005,08,09,01,6,124.5,58.5,21.03,96.15,642.7,373.25,1.24,6,93250,,,,,,
20050809:0200,2005,08,09,02,7,303.35,97.6,23.28,87.1,661.69,375.65,1.03,346,93280,,,,,,
20050809:0300,2005,08,09,03,8,508.3,120.55,25.25,76.45,762.7,383,1.38,323,93290,,,,,,
20050809:0400,2005,08,09,04,9,680.9,144.4,26.68,69.4,787.16,387.85,1.59,314,93320,,,,,,
20050809:0500,2005,08,09,05,10,761.1,152.75,27.95,61,743.1,398.65,1.79,305,93320,,,,,,
20050809:0600,2005,08,09,06,11,898.75,154.15,28.85,55.4,817.92,399.85,1.79,296,93300,,,,,,
20050809:0700,2005,08,09,07,12,891.3,182.65,29.74,55.5,745.64,404.45,2,293,93240,,,,,,
20050809:0800,2005,08,09,08,13,848.5,153.85,30.28,52.05,742.12,410.65,1.72,289,93200,,,,,,
20050809:0900,2005,08,09,09,14,738.3,147.45,30.73,50.45,680.5,408.9,1.45,282,93170,,,,,,
20050809:1000,2005,08,09,10,15,576.85,126.1,31.01,47.25,599.65,410.45,0.97,273,93120,,,,,,
20050809:1100,2005,08,09,11,16,394.3,106,30.98,47.25,485.12,407.95,0.55,236,93090,,,,,,
20050809:1200,2005,08,09,12,17,202.05,75.75,30.86,45.7,310.51,409.1,0,0,93050,,,,,,
20050809:1300,2005,08,09,13,18,44.9,27.35,30.33,50.3,86.94,403.9,0,0,93060,,,,,,
20050809:1400,2005,08,09,14,19,0,0,28.95,59.2,0,396.55,0.69,96,93070,,,,,,
20050809:1500,2005,08,09,15,20,0,0,26.98,71.85,0,391.3,1.52,79,93120,,,,,,
20050809:1600,2005,08,09,16,21,0,0,25.7,76.5,0,391.1,1.66,70,93140,,,,,,
20050809:1700,2005,08,09,17,22,0,0,24.63,81.65,0,385.1,1.66,66,93120,,,,,,
20050809:1800,2005,08,09,18,23,0,0,23.76,87.1,0,383.55,1.45,60,93110,,,,,,
20050809:1900,2005,08,09,19,0,0,0,23.47,87.1,0,381.65,1.38,74,93120,,,,,,
20050809:2000,2005,08,09,20,1,0,0,23.01,87.1,0,379.7,1.38,70,93080,,,,,,
20050809:2100,2005,08,09,21,2,0,0,22.6,87.1,0,378.15,1.45,66,93070,,,,,,
20050809:2200,2005,08,09,22,3,0,0,22.21,90,0,378.95,1.52,64,93050,,,,,,
20050809:2300,2005,08,09,23,4,0,0,21.84,90,0,377.4,1.52,64,93080,,,,,,
20050810:0000,2005,08,10,00,5,0,0,21.53,89.95,0,378.55,1.52,65,93080,,,,,,
20050810:0100,2005,08,10,01,6,123.3,57.75,21.42,89.95,652.68,376.7,1.31,64,93110,,,,,,
20050810:0200,2005,08,10,02,7,310.7,98.05,23.97,87.15,688.24,378.75,0.69,74,93150,,,,,,
20050810:0300,2005,08,10,03,8,510.9,119.95,26.71,67.15,771.63,387.45,0.34,137,93150,,,,,,
20050810:0400,2005,08,10,04,9,686.1,136.55,28.12,61,808.16,395.95,0.48,242,93200,,,,,,
20050810:0500,2005,08,10,05,10,758.9,142.6,29.25,57.3,754.16,402.9,0.76,255,93200,,,,,,
20050810:0600,2005,08,10,06,11,859.45,159.5,30.06,53.8,770.1,412.6,1.1,250,93150,,,,,,
20050810:0700,2005,08,10,07,12,786.45,165.85,30.8,53.9,654.05,416.45,1.52,263,93070,,,,,,
20050810:0800,2005,08,10,08,13,846.65,152.35,31.2,52.25,743.08,419.2,1.52,250,93000,,,,,,
20050810:0900,2005,08,10,09,14,739.2,141.5,31.73,50.7,689.9,418.4,1.45,232,92960,,,,,,
20050810:1000,2005,08,10,10,15,526.85,125.25,31.95,47.5,535.81,420.55,1.38,212,92910,,,,,,
20050810:1100,2005,08,10,11,16,382.5,114.4,31.94,47.5,453.03,421.7,1.38,195,92850,,,,,,
20050810:1200,2005,08,10,12,17,187.25,75.35,31.72,49,277.03,418.6,1.45,188,92820,,,,,,
20050810:1300,2005,08,10,13,18,41.35,25.6,30.97,52.25,79.25,416.85,0.97,169,92810,,,,,,
20050810:1400,2005,08,10,14,19,0,0,29.61,61.35,0,413.4,1.1,126,92830,,,,,,
20050810:1500,2005,08,10,15,20,0,0,27.94,69.65,0,407.4,1.72,97,92870,,,,,,
20050810:1600,2005,08,10,16,21,0,0,26.85,74.25,0,407.75,1.86,93,92920,,,,,,
20050810:1700,2005,08,10,17,22,0,0,25.92,79.15,0,402.95,1.72,86,92920,,,,,,
20050810:1800,2005,08,10,18,23,0,0,25.26,84.4,0,399.25,1.66,83,92910,,,,,,
20050810:1900,2005,08,10,19,0,0,0,24.83,84.4,0,402.55,1.45,79,92890,,,,,,
20050810:2000,2005,08,10,20,1,0,0,24.51,87.2,0,397.3,1.45,82,92900,,,,,,
20050810:2100,2005,08,10,21,2,0,0,24.21,90.1,0,396.55,1.45,85,92890,,,,,,
20050810:2200,2005,08,10,22,3,0,0,23.99,87.15,0,396.55,1.45,87,92890,,,,,,
20050810:2300,2005,08,10,23,4,0,0,23.83,87.15,0,395.75,1.59,77,92920,,,,,,
20050811:0000,2005,08,11,00,5,0,0,23.63,87.1,0,395.4,1.72,73,92920,,,,,,
20050811:0100,2005,08,11,01,6,105.4,50.85,23.68,87.1,555.7,402.05,1.59,71,92950,,,,,,
20050811:0200,2005,08,11,02,7,283.25,96.95,25.5,79.1,606.85,394.6,1.31,81,92980,,,,,,
20050811:0300,2005,08,11,03,8,494.65,128.25,27.56,69.6,725.67,407.2,1.1,105,93010,,,,,,
20050811:0400,2005,08,11,04,9,625,138.65,28.93,63.3,716.88,415.5,0.55,150,93030,,,,,,
20050811:0500,2005,08,11,05,10,675.9,167.95,29.75,59.35,622.71,422.45,0.69,205,93040,,,,,,
20050811:0600,2005,08,11,06,11,818.9,184.85,30.33,59.45,698.74,432.75,1.17,209,93030,,,,,,
20050811:0700,2005,08,11,07,12,802.7,215.95,31.36,59.65,619.4,432.75,1.79,211,92970,,,,,,
20050811:0800,2005,08,11,08,13,765.7,193.75,31.5,57.85,613.28,434.65,1.72,207,92910,,,,,,
20050811:0900,2005,08,11,09,14,612.2,185.75,31.91,56.1,493.35,441.05,1.38,173,92890,,,,,,
20050811:1000,2005,08,11,10,15,502.95,151.1,32.1,56.1,470.85,445.5,1.72,170,92810,,,,,,
20050811:1100,2005,08,11,11,16,275.55,132.8,31.79,57.85,242.27,441.85,2.14,186,92760,,,,,,
20050811:1200,2005,08,11,12,17,130.5,81.05,29.33,65.4,123.31,434.3,2.83,196,92790,,,,,,
20050811:1300,2005,08,11,13,18,32.5,21.05,27.65,74.3,58.56,433.3,0.83,213,92840,,,,,,
20050811:1400,2005,08,11,14,19,0,0,26.91,79.3,0,428.1,1.03,48,92850,,,,,,
20050811:1500,2005,08,11,15,20,0,0,26.33,81.85,0,422.65,1.86,63,92860,,,,,,
20050811:1600,2005,08,11,16,21,0,0,25.95,81.8,0,412,1.93,67,92910,,,,,,
20050811:1700,2005,08,11,17,22,0,0,25.55,84.45,0,408.9,1.59,60,92920,,,,,,
20050811:1800,2005,08,11,18,23,0,0,25.09,87.25,0,411.25,1.31,47,92930,,,,,,
20050811:1900,2005,08,11,19,0,0,0,24.56,93.1,0,402.75,1.24,62,92870,,,,,,
20050811:2000,2005,08,11,20,1,0,0,24.12,96.2,0,401.4,1.24,62,92870,,,,,,
20050811:2100,2005,08,11,21,2,0,0,23.82,93.1,0,400.2,1.31,64,92850,,,,,,
20050811:2200,2005,08,11,22,3,0,0,23.63,96.2,0,401.75,1.24,64,92900,,,,,,
20050811:2300,2005,08,11,23,4,0,0,23.64,93.05,0,405.65,1.38,55,92890,,,,,,
20050812:0000,2005,08,12,00,5,0,0,23.5,93.05,0,403.7,1.45,48,92920,,,,,,
20050812:0100,2005,08,12,01,6,114.2,59.75,23.67,93.05,567.81,403.05,1.59,52,92950,,,,,,
20050812:0200,2005,08,12,02,7,276,104.5,26,81.8,562.28,403.1,1.24,63,92970,,,,,,
20050812:0300,2005,08,12,03,8,443.2,139.6,28.04,67.4,603.4,414.9,0.97,88,93000,,,,,,
20050812:0400,2005,08,12,04,9,521.15,190.15,28.89,63.3,489.05,421.7,0.55,237,93060,,,,,,
20050812:0500,2005,08,12,05,10,681.7,212.05,29.42,63.4,576.83,427.1,1.72,254,93100,,,,,,
20050812:0600,2005,08,12,06,11,810.7,184.45,29.95,63.5,691.31,435.45,2,258,93080,,,,,,
20050812:0700,2005,08,12,07,12,872.05,180.6,31.62,57.85,731.17,437.75,1.52,231,93050,,,,,,
20050812:0800,2005,08,12,08,13,755.15,163.05,32.31,56.1,636.1,440.1,1.45,221,93010,,,,,,
20050812:0900,2005,08,12,09,14,705.3,176.2,32.6,54.4,613.55,440.1,1.52,223,92970,,,,,,
20050812:1000,2005,08,12,10,15,552.55,132,32.84,54.4,564.54,440.65,1.59,216,92930,,,,,,
20050812:1100,2005,08,12,11,16,342.6,108.9,32.67,54.4,398.41,441.45,1.38,239,92910,,,,,,
20050812:1200,2005,08,12,12,17,142.65,60.65,31.67,55.95,206,443.95,1.45,291,92900,,,,,,
20050812:1300,2005,08,12,13,18,31.9,21.05,30.24,63.5,56.44,439.1,0.83,321,92930,,,,,,
20050812:1400,2005,08,12,14,19,0,0,28.78,72.1,0,432.75,0.62,98,92980,,,,,,
20050812:1500,2005,08,12,15,20,0,0,27.48,79.35,0,426.55,1.1,101,93050,,,,,,
20050812:1600,2005,08,12,16,21,0,0,26.82,81.9,0,423.65,1.38,85,93100,,,,,,
20050812:1700,2005,08,12,17,22,0,0,26.22,87.3,0,417.25,1.45,64,93110,,,,,,
20050812:1800,2005,08,12,18,23,0,0,25.75,90.2,0,414.9,1.17,41,93100,,,,,,
20050812:1900,2005,08,12,19,0,0,0,25.79,84.45,0,409.1,1.52,20,93100,,,,,,
20050812:2000,2005,08,12,20,1,0,0,25.36,84.45,0,410.65,1.45,21,93060,,,,,,
20050812:2100,2005,08,12,21,2,0,0,24.92,87.25,0,410.3,1.31,36,93060,,,,,,
20050812:2200,2005,08,12,22,3,0,0,24.57,90.1,0,410.85,1.1,47,93050,,,,,,
20050812:2300,2005,08,12,23,4,0,0,24.09,93.1,0,403.9,0.76,45,93090,,,,,,
20050813:0000,2005,08,13,00,5,0,0,23.86,96.2,0,404.3,0.48,40,93110,,,,,,
20050813:0100,2005,08,13,01,6,109.55,59.55,24.12,93.1,534.07,409.4,0.9,47,93170,,,,,,
20050813:0200,2005,08,13,02,7,277.15,92.15,26.17,81.8,610.53,405.25,0.83,40,93210,,,,,,
20050813:0300,2005,08,13,03,8,496.7,119.6,28.28,67.4,752.12,415.1,0.76,26,93250,,,,,,
20050813:0400,2005,08,13,04,9,667.1,136.75,29.84,59.35,785.46,418.6,0.69,339,93260,,,,,,
20050813:0500,2005,08,13,05,10,778,149.15,31.03,54.05,773.83,426.35,1.17,296,93260,,,,,,
20050813:0600,2005,08,13,06,11,863.75,161.85,31.85,54.15,776.16,430,1.72,286,93230,,,,,,
20050813:0700,2005,08,13,07,12,883.3,177.8,32.44,50.9,747.35,434.45,1.79,295,93230,,,,,,
20050813:0800,2005,08,13,08,13,750.95,182.05,33.12,47.75,612.39,437.95,1.66,295,93170,,,,,,
20050813:0900,2005,08,13,09,14,701.45,149.05,33.47,44.8,642.13,442.8,1.45,289,93090,,,,,,
20050813:1000,2005,08,13,10,15,576.3,126.65,33.71,44.8,605.55,438.35,1.17,279,93040,,,,,,
20050813:1100,2005,08,13,11,16,384.35,104.7,33.75,44.8,478.96,434.45,1.03,269,93030,,,,,,
20050813:1200,2005,08,13,12,17,172.5,71,33.47,44.8,256.96,435.85,1.03,283,93000,,,,,,
20050813:1300,2005,08,13,13,18,33.9,21.75,32.8,49.25,64.33,433.3,0.97,303,93010,,,,,,
20050813:1400,2005,08,13,14,19,0,0,31.33,59.65,0,425.2,1.03,354,93000,,,,,,
20050813:1500,2005,08,13,15,20,0,0,29.39,69.95,0,419.2,1.24,24,93010,,,,,,
20050813:1600,2005,08,13,16,21,0,0,28.37,72.1,0,410.65,1.45,28,93030,,,,,,
20050813:1700,2005,08,13,17,22,0,0,27.49,76.8,0,410.1,1.59,29,92990,,,,,,
20050813:1800,2005,08,13,18,23,0,0,26.69,79.2,0,407.2,1.66,38,92960,,,,,,
20050813:1900,2005,08,13,19,0,0,0,25.86,81.8,0,403.3,1.52,70,92960,,,,,,
20050813:2000,2005,08,13,20,1,0,0,25.38,84.45,0,403.5,1.52,78,92970,,,,,,
20050813:2100,2005,08,13,21,2,0,0,25.06,84.4,0,403.5,1.59,77,92980,,,,,,
20050813:2200,2005,08,13,22,3,0,0,24.88,84.4,0,403.3,1.72,69,93020,,,,,,
20050813:2300,2005,08,13,23,4,0,0,24.7,84.35,0,403.5,1.86,66,93000,,,,,,
20050814:0000,2005,08,14,00,5,0,0,24.57,84.35,0,402.95,1.86,68,93040,,,,,,
20050814:0100,2005,08,14,01,6,115.7,55.45,24.52,84.35,659.61,402.45,1.72,72,93040,,,,,,
20050814:0200,2005,08,14,02,7,302.95,93.35,26.72,79.2,696.32,404.85,1.24,88,93090,,,,,,
20050814:0300,2005,08,14,03,8,500.9,117.55,29.47,61.35,767.31,412.4,1.24,130,93120,,,,,,
20050814:0400,2005,08,14,04,9,623.15,139.65,30.72,59.55,717.81,423.45,1.03,160,93120,,,,,,
20050814:0500,2005,08,14,05,10,701.3,155.95,31.61,55.95,672.38,437,0.83,195,93130,,,,,,
20050814:0600,2005,08,14,06,11,810.05,172.6,32.48,52.65,706.14,440.3,0.97,212,93120,,,,,,
20050814:0700,2005,08,14,07,12,701.15,222.9,32.98,49.4,507.54,443,0.97,225,93080,,,,,,
20050814:0800,2005,08,14,08,13,753.15,180.25,33.43,47.9,617.97,454.2,1.03,223,93020,,,,,,
20050814:0900,2005,08,14,09,14,703.75,147.5,34.04,47.9,648.23,453.85,1.24,217,92950,,,,,,
20050814:1000,2005,08,14,10,15,538.6,130.7,34.4,44.95,551.15,445.9,1.52,210,92900,,,,,,
20050814:1100,2005,08,14,11,16,369.4,112.1,34.36,46.35,442.8,444.9,1.59,210,92840,,,,,,
20050814:1200,2005,08,14,12,17,184.25,74.4,34.09,46.35,280.32,436.4,1.45,214,92810,,,,,,
20050814:1300,2005,08,14,13,18,35.9,22.2,33.44,47.9,73.89,432.55,0.97,217,92800,,,,,,
20050814:1400,2005,08,14,14,19,0,0,32.3,54.25,0,425.35,0.34,161,92800,,,,,,
20050814:1500,2005,08,14,15,20,0,0,29.95,72.35,0,419.75,1.1,85,92820,,,,,,
20050814:1600,2005,08,14,16,21,0,0,29.23,69.85,0,416.65,1.72,74,92850,,,,,,
20050814:1700,2005,08,14,17,22,0,0,28,74.4,0,413.95,1.86,78,92850,,,,,,
20050814:1800,2005,08,14,18,23,0,0,27.26,79.3,0,412.8,2,89,92840,,,,,,
20050814:1900,2005,08,14,19,0,0,0,26.65,81.85,0,409.3,1.59,86,92800,,,,,,
20050814:2000,2005,08,14,20,1,0,0,26.35,81.85,0,407.4,1.66,88,92780,,,,,,
20050814:2100,2005,08,14,21,2,0,0,26.18,84.5,0,412.2,1.72,84,92740,,,,,,
20050814:2200,2005,08,14,22,3,0,0,26.14,81.8,0,412,1.93,81,92730,,,,,,
20050814:2300,2005,08,14,23,4,0,0,26,81.8,0,410.45,2.07,79,92730,,,,,,
20050815:0000,2005,08,15,00,5,0,0,25.95,81.8,0,410.3,2.21,81,92720,,,,,,
20050815:0100,2005,08,15,01,6,105.2,50.9,26.17,81.8,609.69,415.25,2.21,83,92750,,,,,,
20050815:0200,2005,08,15,02,7,288.3,91.35,27.78,76.8,658.68,420.35,2,91,92770,,,,,,
20050815:0300,2005,08,15,03,8,469.6,118.35,29.95,65.6,705.59,420.15,2.14,114,92820,,,,,,
20050815:0400,2005,08,15,04,9,554,158.15,31.16,61.65,589.14,435.65,1.93,139,92840,,,,,,
20050815:0500,2005,08,15,05,10,596.8,187.15,31.67,57.85,506.07,442.4,1.38,159,92860,,,,,,
20050815:0600,2005,08,15,06,11,759,211.05,32.23,56.1,608.1,451.5,1.45,170,92870,,,,,,
20050815:0700,2005,08,15,07,12,725.45,178.05,33.18,52.75,582.01,458.45,1.66,188,92900,,,,,,
20050815:0800,2005,08,15,08,13,756.9,173.05,33.77,49.5,631.11,461.55,2,178,92840,,,,,,
20050815:0900,2005,08,15,09,14,675.3,154.8,34.18,51.15,608.14,455,2.34,171,92810,,,,,,
20050815:1000,2005,08,15,10,15,505.05,136.05,34.52,49.6,500.3,458.1,2.28,168,92760,,,,,,
20050815:1100,2005,08,15,11,16,332.25,108.65,34.41,49.6,386.72,462.55,1.93,167,92720,,,,,,
20050815:1200,2005,08,15,12,17,153.35,65.9,34.19,51.15,225,453.85,1.79,155,92720,,,,,,
20050815:1300,2005,08,15,13,18,25.7,16.6,33.18,52.75,50.03,449,2.28,133,92760,,,,,,
20050815:1400,2005,08,15,14,19,0,0,31.12,61.65,0,448,2.9,114,92840,,,,,,
20050815:1500,2005,08,15,15,20,0,0,29.02,72.15,0,443.35,3.17,110,92900,,,,,,
20050815:1600,2005,08,15,16,21,0,0,28.17,76.85,0,437.35,2.83,115,92970,,,,,,
20050815:1700,2005,08,15,17,22,0,0,27.8,79.35,0,439.3,2.34,109,93010,,,,,,
20050815:1800,2005,08,15,18,23,0,0,27.16,79.3,0,435.25,2.28,91,93030,,,,,,
20050815:1900,2005,08,15,19,0,0,0,26.33,84.55,0,431.95,1.79,105,93100,,,,,,
20050815:2000,2005,08,15,20,1,0,0,25.65,90.2,0,430.2,2,89,93090,,,,,,
20050815:2100,2005,08,15,21,2,0,0,25.08,90.15,0,435.05,2.07,70,93120,,,,,,
20050815:2200,2005,08,15,22,3,0,0,24.56,90.1,0,435.45,1.45,50,93130,,,,,,
20050815:2300,2005,08,15,23,4,0,0,24.16,96.2,0,440.3,1.59,46,93140,,,,,,
20050816:0000,2005,08,16,00,5,0,0,23.83,93.1,0,435.45,1.79,68,93160,,,,,,
20050816:0100,2005,08,16,01,6,30.3,29.95,23.75,96.2,4.03,434.75,1.52,73,93220,,,,,,
20050816:0200,2005,08,16,02,7,55.3,52.55,24.04,93.1,9.26,437,1.31,74,93310,,,,,,
20050816:0300,2005,08,16,03,8,191.45,167.6,24.39,90.1,48.08,438.15,1.03,67,93330,,,,,,
20050816:0400,2005,08,16,04,9,270.4,202.35,25.2,84.4,101.53,431.75,1.45,70,93350,,,,,,
20050816:0500,2005,08,16,05,10,365.45,193.15,25.67,79.1,213.29,435.25,1.59,67,93360,,,,,,
20050816:0600,2005,08,16,06,11,452.1,237.7,26.69,74.15,238.38,442,1.66,59,93370,,,,,,
20050816:0700,2005,08,16,07,12,695.1,188.95,27.8,71.9,539.19,442,0.76,68,93340,,,,,,
20050816:0800,2005,08,16,08,13,694.4,179.15,29.23,67.6,558.18,438.35,0.76,124,93280,,,,,,
20050816:0900,2005,08,16,09,14,643.55,169.75,30.16,65.6,555.07,438.75,1.1,164,93200,,,,,,
20050816:1000,2005,08,16,10,15,486.5,172.75,30.38,63.6,426.9,439.1,1.17,174,93130,,,,,,
20050816:1100,2005,08,16,11,16,277.35,87.05,30.31,65.6,330.81,446.3,1.1,122,93100,,,,,,
20050816:1200,2005,08,16,12,17,120.7,60.6,29.97,65.6,155.95,444.15,1.45,104,93060,,,,,,
20050816:1300,2005,08,16,13,18,25.3,17.35,29.2,69.85,44.59,433.7,1.17,133,93080,,,,,,
20050816:1400,2005,08,16,14,19,0,0,28.57,72.1,0,431.55,0.41,116,93090,,,,,,
20050816:1500,2005,08,16,15,20,0,0,27.63,81.95,0,424.2,0.76,98,93150,,,,,,
20050816:1600,2005,08,16,16,21,0,0,27.01,84.6,0,421.7,1.17,100,93210,,,,,,
20050816:1700,2005,08,16,17,22,0,0,26.34,84.55,0,418,1.66,93,93240,,,,,,
20050816:1800,2005,08,16,18,23,0,0,25.32,87.3,0,432.35,1.72,76,93250,,,,,,
20050816:1900,2005,08,16,19,0,0,0,25.05,90.15,0,429.65,1.24,54,93260,,,,,,
20050816:2000,2005,08,16,20,1,0,0,24.19,93.1,0,429.45,2.14,51,93280,,,,,,
20050816:2100,2005,08,16,21,2,0,0,23.61,93.05,0,425.55,1.66,54,93260,,,,,,
20050816:2200,2005,08,16,22,3,0,0,23.22,90.05,0,428.45,1.24,44,93260,,,,,,
20050816:2300,2005,08,16,23,4,0,0,23.07,90.05,0,434.85,1.1,33,93260,,,,,,
20050817:0000,2005,08,17,00,5,0,0,22.89,90.05,0,432.75,0.9,34,93250,,,,,,
20050817:0100,2005,08,17,01,6,31.45,29.1,22.91,90.05,27.81,430.15,0.14,125,93300,,,,,,
20050817:0200,2005,08,17,02,7,65.95,63.5,23.04,90.05,8.31,422.3,0.62,184,93350,,,,,,
20050817:0300,2005,08,17,03,8,320.25,182.5,23.01,87.1,278.74,424.8,0.34,252,93380,,,,,,
20050817:0400,2005,08,17,04,9,518.85,202.6,24.28,84.35,473.04,421.9,0.9,17,93380,,,,,,
20050817:0500,2005,08,17,05,10,483.75,255.25,26.48,71.75,283.44,421.7,0.69,48,93410,,,,,,
20050817:0600,2005,08,17,06,11,780.5,226.9,27.41,69.6,616.69,430,0.41,217,93390,,,,,,
20050817:0700,2005,08,17,07,12,768.65,178.4,29.34,69.95,630.03,435.65,1.03,235,93310,,,,,,
20050817:0800,2005,08,17,08,13,636.65,193.8,29.75,69.95,480.83,438.35,0.55,164,93230,,,,,,
20050817:0900,2005,08,17,09,14,556,167.5,30.03,70,456.39,437,0.69,204,93150,,,,,,
20050817:1000,2005,08,17,10,15,521.2,140.5,30.4,65.7,519.89,438.15,0.97,227,93100,,,,,,
20050817:1100,2005,08,17,11,16,326.1,120,30.35,67.8,360.17,434.3,1.17,229,93010,,,,,,
20050817:1200,2005,08,17,12,17,142.6,68.65,30.03,65.6,193.57,430.6,0.76,255,93010,,,,,,
20050817:1300,2005,08,17,13,18,24.65,17.05,28.84,69.85,43.53,428.1,0.69,7,93020,,,,,,
20050817:1400,2005,08,17,14,19,0,0,27.19,81.9,0,425.75,0.07,263,93050,,,,,,
20050817:1500,2005,08,17,15,20,0,0,26.47,84.55,0,417.65,0.62,66,93050,,,,,,
20050817:1600,2005,08,17,16,21,0,0,25.87,90.2,0,411.85,0.83,54,93110,,,,,,
20050817:1700,2005,08,17,17,22,0,0,25.19,96.2,0,410.1,0.9,56,93140,,,,,,
20050817:1800,2005,08,17,18,23,0,0,24.83,96.2,0,412.2,0.9,47,93170,,,,,,
20050817:1900,2005,08,17,19,0,0,0,25.06,93.15,0,415.3,0.34,75,93200,,,,,,
20050817:2000,2005,08,17,20,1,0,0,24.38,96.2,0,414.15,0.97,244,93230,,,,,,
20050817:2100,2005,08,17,21,2,0,0,24.1,96.2,0,415.7,0.62,30,93170,,,,,,
20050817:2200,2005,08,17,22,3,0,0,23.91,93.1,0,413.95,0.83,331,93180,,,,,,
20050817:2300,2005,08,17,23,4,0,0,23.23,96.2,0,407.75,1.38,292,93190,,,,,,
20050818:0000,2005,08,18,00,5,0,0,22.96,96.2,0,404.65,0.97,21,93170,,,,,,
20050818:0100,2005,08,18,01,6,97.9,54.2,22.99,93.05,531.6,401.1,1.24,49,93190,,,,,,
20050818:0200,2005,08,18,02,7,185.4,93.05,23.73,93.05,315.24,396.15,0.9,141,93250,,,,,,
20050818:0300,2005,08,18,03,8,418.85,121.6,24.76,87.2,603.73,409.3,2.14,176,93280,,,,,,
20050818:0400,2005,08,18,04,9,568.75,162.75,25.75,81.75,608.85,409.7,2.14,179,93320,,,,,,
20050818:0500,2005,08,18,05,10,611.15,201.25,27.04,74.25,509.52,413.95,1.38,174,93320,,,,,,
20050818:0600,2005,08,18,06,11,733.9,184.55,28.03,69.65,613.15,427.9,1.24,174,93320,,,,,,
20050818:0700,2005,08,18,07,12,823.75,166.3,28.83,69.75,703.18,422.85,1.45,217,93280,,,,,,
20050818:0800,2005,08,18,08,13,743.7,167,29.72,67.7,627.61,427.7,1.31,201,93220,,,,,,
20050818:0900,2005,08,18,09,14,644.05,151.65,30.09,63.5,580.1,430.4,1.31,182,93180,,,,,,
20050818:1000,2005,08,18,10,15,549.9,124,30.44,61.55,583.81,436,0.97,176,93140,,,,,,
20050818:1100,2005,08,18,11,16,329.85,103.3,30.63,59.55,398.06,425.55,0.83,181,93070,,,,,,
20050818:1200,2005,08,18,12,17,164.9,65.2,30.33,61.45,263.35,423.85,0.69,203,93020,,,,,,
20050818:1300,2005,08,18,13,18,30.05,19.85,29.81,63.4,59.7,421.9,0.34,105,93030,,,,,,
20050818:1400,2005,08,18,14,19,0,0,28.68,72.1,0,411.25,1.17,93,93040,,,,,,
20050818:1500,2005,08,18,15,20,0,0,27.41,76.8,0,412.2,1.38,94,93080,,,,,,
20050818:1600,2005,08,18,16,21,0,0,26.42,84.55,0,403.3,1.45,90,93120,,,,,,
20050818:1700,2005,08,18,17,22,0,0,25.79,87.3,0,401.2,1.52,87,93160,,,,,,
20050818:1800,2005,08,18,18,23,0,0,25.28,90.15,0,398.1,1.59,85,93170,,,,,,
20050818:1900,2005,08,18,19,0,0,0,25.07,90.15,0,399.45,1.66,79,93180,,,,,,
20050818:2000,2005,08,18,20,1,0,0,24.77,90.1,0,398.45,1.72,76,93170,,,,,,
20050818:2100,2005,08,18,21,2,0,0,24.49,90.1,0,397.7,1.86,72,93140,,,,,,
20050818:2200,2005,08,18,22,3,0,0,24.44,87.2,0,400.2,1.93,68,93140,,,,,,
20050818:2300,2005,08,18,23,4,0,0,24.42,87.2,0,403.7,2,62,93120,,,,,,
20050819:0000,2005,08,19,00,5,0,0,24.15,87.15,0,396.35,2,62,93130,,,,,,
20050819:0100,2005,08,19,01,6,106.1,55.35,24,87.15,635.04,396.45,2,63,93140,,,,,,
20050819:0200,2005,08,19,02,7,263.8,120.95,25.39,84.45,491.03,395.2,1.31,82,93180,,,,,,
20050819:0300,2005,08,19,03,8,396.6,147.8,27.53,71.9,507.22,408.15,1.03,165,93220,,,,,,
20050819:0400,2005,08,19,04,9,539.35,190.65,28.32,72,524.28,416.65,1.93,197,93270,,,,,,
20050819:0500,2005,08,19,05,10,695.5,175.5,28.81,72.1,647.76,430.4,2,213,93270,,,,,,
20050819:0600,2005,08,19,06,11,760.75,198.6,29.42,69.95,628.7,425.2,2.14,234,93290,,,,,,
20050819:0700,2005,08,19,07,12,784.5,190.4,30.54,63.6,636.76,426.9,1.38,245,93160,,,,,,
20050819:0800,2005,08,19,08,13,788.65,170.45,31.17,61.65,674.38,425.55,1.38,231,93120,,,,,,
20050819:0900,2005,08,19,09,14,725.5,143.1,31.7,59.75,688.15,429.65,1.1,217,93060,,,,,,
20050819:1000,2005,08,19,10,15,553,132.2,32.01,57.95,579.05,426.15,0.97,201,93010,,,,,,
20050819:1100,2005,08,19,11,16,347.3,97.25,31.88,56.1,441.81,425.55,0.76,183,92930,,,,,,
20050819:1200,2005,08,19,12,17,138.55,68.55,31.7,55.95,186.63,426.55,0.48,121,92920,,,,,,
20050819:1300,2005,08,19,13,18,24.4,17.5,29.74,65.5,41.31,424.8,1.45,204,92980,,,,,,
20050819:1400,2005,08,19,14,19,0,0,28.01,74.4,0,413,1.1,209,92990,,,,,,
20050819:1500,2005,08,19,15,20,0,0,27.14,79.3,0,408.55,0.07,281,93010,,,,,,
20050819:1600,2005,08,19,16,21,0,0,26.37,84.55,0,404.85,0.76,41,93050,,,,,,
20050819:1700,2005,08,19,17,22,0,0,25.92,84.5,0,404.1,1.45,44,93070,,,,,,
20050819:1800,2005,08,19,18,23,0,0,25.27,90.15,0,401.4,1.45,51,93100,,,,,,
20050819:1900,2005,08,19,19,0,0,0,24.87,90.15,0,398.65,1.31,60,93030,,,,,,
20050819:2000,2005,08,19,20,1,0,0,24.64,90.1,0,400,1.45,61,93050,,,,,,
20050819:2100,2005,08,19,21,2,0,0,24.39,90.1,0,401.95,1.66,56,93020,,,,,,
20050819:2200,2005,08,19,22,3,0,0,23.67,93.05,0,400.8,1.45,71,93000,,,,,,
20050819:2300,2005,08,19,23,4,0,0,23.47,93.05,0,403.7,1.59,92,92990,,,,,,
20050820:0000,2005,08,20,00,5,0,0,23.32,93.05,0,399.65,1.59,56,92980,,,,,,
20050820:0100,2005,08,20,01,6,79.8,55.1,23.46,93.05,318.19,404.2,0.34,81,93070,,,,,,
20050820:0200,2005,08,20,02,7,234.35,113.15,24.71,90.1,419.54,402.9,0.9,162,93160,,,,,,
20050820:0300,2005,08,20,03,8,430.85,146.05,25.99,79.15,582.82,403.3,1.24,154,93190,,,,,,
20050820:0400,2005,08,20,04,9,618.15,172.3,27.19,76.7,672.13,407.4,1.52,173,93270,,,,,,
20050820:0500,2005,08,20,05,10,707.45,168.5,28.09,74.4,672.83,416.45,1.52,185,93330,,,,,,
20050820:0600,2005,08,20,06,11,797.25,199.35,28.76,74.5,670.06,425.95,1.31,154,93300,,,,,,
20050820:0700,2005,08,20,07,12,792.6,156.7,30.2,65.6,683.03,430.8,0.55,223,93200,,,,,,
20050820:0800,2005,08,20,08,13,792.1,158.1,30.86,59.65,693.32,429.65,0.14,254,93140,,,,,,
20050820:0900,2005,08,20,09,14,683.4,166.15,31.47,57.85,613.02,434.3,0.48,209,93070,,,,,,
20050820:1000,2005,08,20,10,15,515.85,130.65,31.71,57.85,532.18,436.2,1.1,196,93010,,,,,,
20050820:1100,2005,08,20,11,16,320.2,113.9,31.46,57.85,366.61,432.75,0.97,177,92950,,,,,,
20050820:1200,2005,08,20,12,17,147.7,65.85,30.93,57.75,220.33,430.8,1.24,130,92900,,,,,,
20050820:1300,2005,08,20,13,18,23.9,16.6,30.03,61.45,44.74,423.45,1.24,149,92940,,,,,,
20050820:1400,2005,08,20,14,19,0,0,28.62,69.75,0,420.9,1.03,159,92960,,,,,,
20050820:1500,2005,08,20,15,20,0,0,27.49,76.8,0,413.4,1.03,107,93010,,,,,,
20050820:1600,2005,08,20,16,21,0,0,26.69,81.85,0,414.75,1.24,86,93050,,,,,,
20050820:1700,2005,08,20,17,22,0,0,25.98,84.5,0,406.8,1.38,65,93070,,,,,,
20050820:1800,2005,08,20,18,23,0,0,25.45,87.3,0,408.35,1.31,49,93100,,,,,,
20050820:1900,2005,08,20,19,0,0,0,24.91,87.25,0,399.05,1.52,78,93140,,,,,,
20050820:2000,2005,08,20,20,1,0,0,24.5,90.1,0,403.1,1.45,72,93140,,,,,,
20050820:2100,2005,08,20,21,2,0,0,24.02,93.1,0,406.8,1.24,69,93140,,,,,,
20050820:2200,2005,08,20,22,3,0,0,23.29,96.2,0,403.7,0.55,66,93170,,,,,,
20050820:2300,2005,08,20,23,4,0,0,23.06,93.05,0,400.6,0.9,76,93120,,,,,,
20050821:0000,2005,08,21,00,5,0,0,22.84,93.05,0,398.1,1.1,58,93120,,,,,,
20050821:0100,2005,08,21,01,6,67.6,51.6,22.81,93.05,212.39,401.5,0.34,40,93200,,,,,,
20050821:0200,2005,08,21,02,7,237.9,100.7,23.87,90.1,478.31,404.65,0.34,339,93220,,,,,,
20050821:0300,2005,08,21,03,8,416.4,133.85,25.24,84.4,580.43,400.6,0.97,330,93260,,,,,,
20050821:0400,2005,08,21,04,9,567.35,182.4,26.74,76.65,581.88,410.3,0.48,338,93280,,,,,,
20050821:0500,2005,08,21,05,10,691.75,174,27.87,72,647.81,417.05,0.62,237,93300,,,,,,
20050821:0600,2005,08,21,06,11,869.05,153.85,28.79,72.1,803.2,424.8,1.31,237,93310,,,,,,
20050821:0700,2005,08,21,07,12,734.9,199.55,29.87,59.45,576.3,419.95,1.17,242,93220,,,,,,
20050821:0800,2005,08,21,08,13,798.2,151.2,30.37,57.6,709.32,428.1,1.45,224,93190,,,,,,
20050821:0900,2005,08,21,09,14,607.55,149.55,30.83,55.75,544.49,425.95,1.52,216,93140,,,,,,
20050821:1000,2005,08,21,10,15,469.65,144.25,30.94,54.05,451.41,426.35,1.38,214,93100,,,,,,
20050821:1100,2005,08,21,11,16,336.6,98.3,30.95,54.05,425.98,422.45,1.24,204,93050,,,,,,
20050821:1200,2005,08,21,12,17,157,64.55,30.74,55.75,251.33,425,0.62,215,93010,,,,,,
20050821:1300,2005,08,21,13,18,22.2,15.45,30.27,57.5,42.4,421.3,0.48,172,92990,,,,,,
20050821:1400,2005,08,21,14,19,0,0,29.17,65.4,0,414.15,0.69,145,93020,,,,,,
20050821:1500,2005,08,21,15,20,0,0,27.6,79.35,0,411.25,1.03,110,93070,,,,,,
20050821:1600,2005,08,21,16,21,0,0,26.71,81.85,0,405.25,1.17,95,93130,,,,,,
20050821:1700,2005,08,21,17,22,0,0,25.81,84.5,0,398.1,1.1,87,93160,,,,,,
20050821:1800,2005,08,21,18,23,0,0,25.31,87.3,0,399.05,1.17,78,93160,,,,,,
20050821:1900,2005,08,21,19,0,0,0,25.39,84.45,0,405.85,1.59,78,93170,,,,,,
20050821:2000,2005,08,21,20,1,0,0,24.98,84.4,0,401.55,1.72,77,93170,,,,,,
20050821:2100,2005,08,21,21,2,0,0,24.75,87.2,0,407,1.72,80,93150,,,,,,
20050821:2200,2005,08,21,22,3,0,0,24.31,87.2,0,403.3,1.52,82,93180,,,,,,
20050821:2300,2005,08,21,23,4,0,0,23.7,90.05,0,406.8,1.52,76,93200,,,,,,
20050822:0000,2005,08,22,00,5,0,0,23.45,90.05,0,410.45,1.31,80,93230,,,,,,
20050822:0100,2005,08,22,01,6,81.1,51.7,23.42,93.05,402.51,405.95,1.38,81,93260,,,,,,
20050822:0200,2005,08,22,02,7,265.15,89.9,24.68,87.2,615.36,400.6,1.17,96,93290,,,,,,
20050822:0300,2005,08,22,03,8,405.6,155.4,26.15,79.15,515.97,403.1,1.24,143,93350,,,,,,
20050822:0400,2005,08,22,04,9,510.3,169.75,27.03,76.7,516.17,414.9,1.66,165,93390,,,,,,
20050822:0500,2005,08,22,05,10,695.9,168.35,28.06,74.4,661.57,415.7,2.07,193,93430,,,,,,
20050822:0600,2005,08,22,06,11,773.4,163.2,29.07,72.15,686.76,430,2.34,212,93450,,,,,,
20050822:0700,2005,08,22,07,12,816.35,193.5,29.88,65.6,672.02,431.4,1.45,250,93360,,,,,,
20050822:0800,2005,08,22,08,13,735.4,160.45,30.76,61.55,631.97,439.3,1.52,257,93320,,,,,,
20050822:0900,2005,08,22,09,14,663.15,149.25,31.2,59.65,612.9,429.85,1.38,255,93290,,,,,,
20050822:1000,2005,08,22,10,15,400.7,132.5,31.53,55.95,373.63,433.1,1.03,241,93250,,,,,,
20050822:1100,2005,08,22,11,16,336,94.4,31.44,54.15,434.51,436,0.76,198,93210,,,,,,
20050822:1200,2005,08,22,12,17,143.15,60.9,31.42,54.15,225.89,427.9,0.34,176,93210,,,,,,
20050822:1300,2005,08,22,13,18,20.65,14.65,30.55,57.6,38.67,423.65,1.03,138,93200,,,,,,
20050822:1400,2005,08,22,14,19,0,0,29,65.4,0,416.1,1.59,128,93230,,,,,,
20050822:1500,2005,08,22,15,20,0,0,27.72,74.3,0,412.4,1.52,122,93270,,,,,,
20050822:1600,2005,08,22,16,21,0,0,26.74,81.85,0,407.75,1.45,97,93310,,,,,,
20050822:1700,2005,08,22,17,22,0,0,26.09,84.5,0,408.15,1.38,68,93340,,,,,,
20050822:1800,2005,08,22,18,23,0,0,25.52,87.3,0,403.3,1.38,57,93340,,,,,,
20050822:1900,2005,08,22,19,0,0,0,25.37,87.3,0,404.1,1.66,72,93330,,,,,,
20050822:2000,2005,08,22,20,1,0,0,25.07,90.15,0,406.6,1.59,71,93290,,,,,,
20050822:2100,2005,08,22,21,2,0,0,24.77,90.1,0,403.1,1.52,69,93310,,,,,,
20050822:2200,2005,08,22,22,3,0,0,24.56,90.1,0,406.6,1.52,71,93270,,,,,,
20050822:2300,2005,08,22,23,4,0,0,24.39,90.1,0,404.65,1.52,72,93290,,,,,,
20050823:0000,2005,08,23,00,5,0,0,24.3,90.1,0,407.55,1.45,63,93310,,,,,,
20050823:0100,2005,08,23,01,6,95.55,48.85,24.04,93.1,660.07,404.6,1.31,50,93340,,,,,,
20050823:0200,2005,08,23,02,7,274.8,94.4,25.9,84.5,638.05,411.45,0.62,62,93380,,,,,,
20050823:0300,2005,08,23,03,8,395.65,130.9,27.64,74.3,548.12,418,0.69,120,93410,,,,,,
20050823:0400,2005,08,23,04,9,599.15,157.8,28.43,69.75,670.81,424.2,0.76,177,93430,,,,,,
20050823:0500,2005,08,23,05,10,658.65,156.55,29.5,67.7,631.12,430.2,1.24,207,93450,,,,,,
20050823:0600,2005,08,23,06,11,710.25,169.25,30.37,61.55,610.23,439.9,1.52,217,93440,,,,,,
20050823:0700,2005,08,23,07,12,729.3,207.75,31.17,59.65,564.04,443.95,1.66,215,93350,,,,,,
20050823:0800,2005,08,23,08,13,706.15,161.75,31.47,57.85,600,442.2,1.72,207,93310,,,,,,
20050823:0900,2005,08,23,09,14,598.35,168.4,31.76,57.85,514.46,440.65,1.72,200,93280,,,,,,
20050823:1000,2005,08,23,10,15,488.9,131.7,31.98,56.1,499.78,440.45,1.59,186,93250,,,,,,
20050823:1100,2005,08,23,11,16,331.2,103.15,31.81,57.85,412.71,438.15,1.66,195,93210,,,,,,
20050823:1200,2005,08,23,12,17,130.55,61.05,31.43,55.95,192.89,431.4,1.03,190,93190,,,,,,
20050823:1300,2005,08,23,13,18,17.05,12.2,30.31,63.5,32.11,435.05,0.83,136,93190,,,,,,
20050823:1400,2005,08,23,14,19,0,0,29.07,67.6,0,426.55,1.66,116,93200,,,,,,
20050823:1500,2005,08,23,15,20,0,0,27.93,74.4,0,419,1.86,104,93250,,,,,,
20050823:1600,2005,08,23,16,21,0,0,27.15,79.3,0,418.8,1.86,94,93300,,,,,,
20050823:1700,2005,08,23,17,22,0,0,26.35,79.2,0,411.05,1.66,85,93320,,,,,,
20050823:1800,2005,08,23,18,23,0,0,25.84,81.8,0,412.6,1.52,69,93310,,,,,,
20050823:1900,2005,08,23,19,0,0,0,25.95,84.5,0,407.75,1.72,71,93240,,,,,,
20050823:2000,2005,08,23,20,1,0,0,25.77,87.3,0,412.6,1.66,69,93230,,,,,,
20050823:2100,2005,08,23,21,2,0,0,25.51,87.3,0,410.65,1.72,70,93230,,,,,,
20050823:2200,2005,08,23,22,3,0,0,25.18,87.25,0,407.75,1.79,76,93190,,,,,,
20050823:2300,2005,08,23,23,4,0,0,24.95,87.25,0,406.6,1.79,75,93180,,,,,,
20050824:0000,2005,08,24,00,5,0,0,24.78,90.1,0,405.05,1.86,78,93170,,,,,,
20050824:0100,2005,08,24,01,6,93.55,49.15,24.8,84.4,648.59,407.1,2.28,88,93230,,,,,,
20050824:0200,2005,08,24,02,7,241.3,103.4,25.74,81.75,491.32,411.05,1.52,88,93310,,,,,,
20050824:0300,2005,08,24,03,8,364.75,148.4,26.7,76.65,449.69,416.1,1.38,102,93330,,,,,,
20050824:0400,2005,08,24,04,9,590.65,149.5,28.05,69.65,672.4,421.3,1.31,105,93330,,,,,,
20050824:0500,2005,08,24,05,10,728.45,164.5,29.45,65.5,710.54,429.85,1.17,127,93350,,,,,,
20050824:0600,2005,08,24,06,11,558.15,190.15,30.53,59.55,416.03,433.9,0.9,176,93330,,,,,,
20050824:0700,2005,08,24,07,12,687,207.7,30.27,67.8,519.59,446.45,1.59,172,93310,,,,,,
20050824:0800,2005,08,24,08,13,628.95,183.6,30.47,67.85,492.18,446.65,1.79,153,93280,,,,,,
20050824:0900,2005,08,24,09,14,640.15,161.2,30.96,65.8,575.03,449.75,2.14,164,93230,,,,,,
20050824:1000,2005,08,24,10,15,463.55,162.15,31.48,61.75,423.58,439.9,2,171,93160,,,,,,
20050824:1100,2005,08,24,11,16,254.15,129.65,30.98,63.7,226.76,438.9,2.21,194,93180,,,,,,
20050824:1200,2005,08,24,12,17,112.3,63.5,29.32,67.6,136.91,437.75,0.28,117,93140,,,,,,
20050824:1300,2005,08,24,13,18,13,11.1,27.53,69.6,12.93,429.45,2.9,56,93210,,,,,,
20050824:1400,2005,08,24,14,19,0,0,26.64,71.75,0,421.7,2.34,93,93200,,,,,,
20050824:1500,2005,08,24,15,20,0,0,25.94,76.6,0,415.3,2.28,117,93240,,,,,,
20050824:1600,2005,08,24,16,21,0,0,25.13,81.7,0,404.3,1.38,83,93270,,,,,,
20050824:1700,2005,08,24,17,22,0,0,24.92,81.7,0,403.7,1.66,27,93280,,,,,,
20050824:1800,2005,08,24,18,23,0,0,24.67,84.35,0,404.45,1.45,52,93230,,,,,,
20050824:1900,2005,08,24,19,0,0,0,23.82,84.35,0,398.65,1.03,78,93300,,,,,,
20050824:2000,2005,08,24,20,1,0,0,23.64,90.05,0,404.65,0.69,354,93270,,,,,,
20050824:2100,2005,08,24,21,2,0,0,23.69,90.05,0,408.55,0.9,2,93250,,,,,,
20050824:2200,2005,08,24,22,3,0,0,23.28,90.05,0,398.65,1.03,33,93180,,,,,,
20050824:2300,2005,08,24,23,4,0,0,22.77,93.05,0,400.4,1.79,288,93210,,,,,,
20050825:0000,2005,08,25,00,5,0,0,21.19,96.15,0,413.4,2.28,286,93350,,,,,,
20050825:0100,2005,08,25,01,6,40.7,36.4,21.34,93,64.99,411.95,2.83,59,93280,,,,,,
20050825:0200,2005,08,25,02,7,197.6,136.95,22.48,87.1,217.69,404.85,1.45,57,93290,,,,,,
20050825:0300,2005,08,25,03,8,313.75,177.1,23.76,87.1,285.18,398.65,1.66,267,93370,,,,,,
20050825:0400,2005,08,25,04,9,562.15,233.7,24.67,81.65,502.05,409.5,1.17,256,93400,,,,,,
20050825:0500,2005,08,25,05,10,762.65,178.8,26.57,74.15,737.39,408.55,0.48,336,93390,,,,,,
20050825:0600,2005,08,25,06,11,753.05,182.2,28.39,65.3,646.85,411.25,0.34,321,93360,,,,,,
20050825:0700,2005,08,25,07,12,747.55,220.05,29.43,63.4,573.25,428.85,0.9,96,93350,,,,,,
20050825:0800,2005,08,25,08,13,752.55,181.35,30.37,59.55,633.05,431.2,1.1,160,93310,,,,,,
20050825:0900,2005,08,25,09,14,642.1,152.75,31.12,57.75,589.56,430,1.38,162,93250,,,,,,
20050825:1000,2005,08,25,10,15,505.9,153.05,31.3,57.75,498.16,429.05,1.66,170,93200,,,,,,
20050825:1100,2005,08,25,11,16,286.5,119.6,31.27,57.75,305.99,429.85,1.72,183,93170,,,,,,
20050825:1200,2005,08,25,12,17,122.75,63.65,30.37,59.55,167.66,425.2,1.59,210,93170,,,,,,
20050825:1300,2005,08,25,13,18,15.45,12.75,29.37,63.4,18.92,433.3,0.76,183,93210,,,,,,
20050825:1400,2005,08,25,14,19,0,0,28.35,69.75,0,422.85,1.03,95,93250,,,,,,
20050825:1500,2005,08,25,15,20,0,0,27.24,79.3,0,413.2,1.52,76,93330,,,,,,
20050825:1600,2005,08,25,16,21,0,0,26.48,79.2,0,412,1.93,73,93390,,,,,,
20050825:1700,2005,08,25,17,22,0,0,25.87,81.8,0,412.4,1.59,74,93410,,,,,,
20050825:1800,2005,08,25,18,23,0,0,24.96,87.25,0,407.55,0.48,4,93460,,,,,,
20050825:1900,2005,08,25,19,0,0,0,24.8,87.25,0,412.2,0.9,65,93400,,,,,,
20050825:2000,2005,08,25,20,1,0,0,24.13,93.1,0,411.05,0.9,9,93410,,,,,,
20050825:2100,2005,08,25,21,2,0,0,24.07,90.1,0,410.65,1.52,41,93410,,,,,,
20050825:2200,2005,08,25,22,3,0,0,23.88,87.15,0,406.2,2.28,53,93420,,,,,,
20050825:2300,2005,08,25,23,4,0,0,23.81,81.55,0,404.45,2.07,52,93380,,,,,,
20050826:0000,2005,08,26,00,5,0,0,23.43,84.25,0,406,1.17,32,93380,,,,,,
20050826:0100,2005,08,26,01,6,70.55,55.3,23.15,87.1,238.77,401.85,1.1,349,93440,,,,,,
20050826:0200,2005,08,26,02,7,242.9,125.1,24.11,84.35,425.99,403.1,1.59,332,93460,,,,,,
20050826:0300,2005,08,26,03,8,444.7,128.95,25.47,76.5,661.62,409.1,1.79,313,93500,,,,,,
20050826:0400,2005,08,26,04,9,622.15,149.75,26.82,71.85,724.19,406,1.72,307,93520,,,,,,
20050826:0500,2005,08,26,05,10,738.4,157.6,28.2,67.4,735.35,416.3,1.72,298,93540,,,,,,
20050826:0600,2005,08,26,06,11,835.9,159.2,29.26,65.4,768.62,422.1,1.66,286,93520,,,,,,
20050826:0700,2005,08,26,07,12,801.2,171.85,30.96,54.05,685.65,425.75,1.66,242,93470,,,,,,
20050826:0800,2005,08,26,08,13,787.25,152.15,31.57,50.7,705.91,429.05,1.66,233,93420,,,,,,
20050826:0900,2005,08,26,09,14,632.25,154.3,32.04,49.15,577.87,430.8,1.79,227,93390,,,,,,
20050826:1000,2005,08,26,10,15,525.2,130.2,32.11,49.15,560.28,428.1,1.79,219,93330,,,,,,
20050826:1100,2005,08,26,11,16,325.8,97.5,31.97,49.15,421.4,428.45,2,209,93270,,,,,,
20050826:1200,2005,08,26,12,17,124.1,60.95,31.45,50.7,181.2,430,1.79,207,93260,,,,,,
20050826:1300,2005,08,26,13,18,14.95,11.8,29.64,59.35,22.76,427.3,0.21,296,93290,,,,,,
20050826:1400,2005,08,26,14,19,0,0,28.71,65.3,0,424,1.1,85,93310,,,,,,
20050826:1500,2005,08,26,15,20,0,0,27.62,69.6,0,414.9,1.86,91,93370,,,,,,
20050826:1600,2005,08,26,16,21,0,0,26.83,71.85,0,413.75,1.93,85,93420,,,,,,
20050826:1700,2005,08,26,17,22,0,0,26.06,76.6,0,407.55,1.79,74,93410,,,,,,
20050826:1800,2005,08,26,18,23,0,0,25.41,81.75,0,411.25,1.31,55,93420,,,,,,
20050826:1900,2005,08,26,19,0,0,0,24.97,79.05,0,407.2,1.79,67,93370,,,,,,
20050826:2000,2005,08,26,20,1,0,0,24.35,81.65,0,406.8,1.93,63,93360,,,,,,
20050826:2100,2005,08,26,21,2,0,0,24.13,84.35,0,413,1.45,66,93340,,,,,,
20050826:2200,2005,08,26,22,3,0,0,23.24,93.05,0,409.5,1.03,307,93370,,,,,,
20050826:2300,2005,08,26,23,4,0,0,22.94,90.05,0,407.4,0.9,306,93380,,,,,,
20050827:0000,2005,08,27,00,5,0,0,22.78,90.05,0,409.3,1.17,6,93360,,,,,,
20050827:0100,2005,08,27,01,6,69.7,51.1,22.79,90.05,302.08,413.5,1.66,350,93400,,,,,,
20050827:0200,2005,08,27,02,7,195.55,118.9,23.34,90.05,279.29,400.8,1.66,338,93490,,,,,,
20050827:0300,2005,08,27,03,8,356.55,143.85,23.51,90.05,447.52,406.8,2.41,313,93550,,,,,,
20050827:0400,2005,08,27,04,9,479.3,175.75,24.6,81.65,466.72,416.65,2,4,93570,,,,,,
20050827:0500,2005,08,27,05,10,543.95,248.2,26.38,71.75,375.39,410.65,1.31,359,93580,,,,,,
20050827:0600,2005,08,27,06,11,570.95,198.1,25.78,79.1,424.53,421.7,2.07,302,93640,,,,,,
20050827:0700,2005,08,27,07,12,625.7,207.6,27.08,69.5,456.68,425.95,1.03,335,93660,,,,,,
20050827:0800,2005,08,27,08,13,638,190.6,27.62,69.6,498.76,427.7,1.52,334,93630,,,,,,
20050827:0900,2005,08,27,09,14,551.55,148.35,28.28,69.65,489.27,424.6,1.38,2,93510,,,,,,
20050827:1000,2005,08,27,10,15,328,124.8,28.46,67.5,289.61,423.85,0.97,77,93490,,,,,,
20050827:1100,2005,08,27,11,16,220.75,97.45,27.97,65.2,229.17,428.3,1.79,91,93440,,,,,,
20050827:1200,2005,08,27,12,17,120.6,65.55,27.93,65.2,159.82,425.75,1.72,93,93440,,,,,,
20050827:1300,2005,08,27,13,18,14.55,11.8,27.46,67.3,20.52,423.65,2.62,97,93430,,,,,,
20050827:1400,2005,08,27,14,19,0,0,26.17,74.1,0,417.65,2.76,82,93450,,,,,,
20050827:1500,2005,08,27,15,20,0,0,24.89,76.45,0,409.7,2.55,66,93510,,,,,,
20050827:1600,2005,08,27,16,21,0,0,24.4,76.35,0,417.25,2.41,65,93550,,,,,,
20050827:1700,2005,08,27,17,22,0,0,23.91,78.9,0,409.7,2.21,48,93540,,,,,,
20050827:1800,2005,08,27,18,23,0,0,23.52,78.85,0,407.55,1.93,15,93520,,,,,,
20050827:1900,2005,08,27,19,0,0,0,23.49,81.5,0,402.15,1.17,20,93530,,,,,,
20050827:2000,2005,08,27,20,1,0,0,23.15,81.5,0,411.45,1.45,308,93580,,,,,,
20050827:2100,2005,08,27,21,2,0,0,22.64,84.25,0,408.75,1.66,6,93550,,,,,,
20050827:2200,2005,08,27,22,3,0,0,22.42,84.25,0,394.8,1.86,3,93540,,,,,,
20050827:2300,2005,08,27,23,4,0,0,22.14,84.15,0,390.75,1.66,357,93550,,,,,,
20050828:0000,2005,08,28,00,5,0,0,21.86,84.15,0,388.4,1.59,4,93550,,,,,,
20050828:0100,2005,08,28,01,6,71.6,44.15,21.79,81.4,463.08,394.5,2,21,93530,,,,,,
20050828:0200,2005,08,28,02,7,230.4,122.1,22.79,76.2,397.64,393.05,1.66,7,93570,,,,,,
20050828:0300,2005,08,28,03,8,406.05,155.45,24.75,71.4,529.46,387.45,1.31,325,93600,,,,,,
20050828:0400,2005,08,28,04,9,593.75,175.25,26.31,62.8,645.39,397.1,1.79,266,93660,,,,,,
20050828:0500,2005,08,28,05,10,687.9,191.45,27.25,62.9,631.76,400.4,2.21,270,93710,,,,,,
20050828:0600,2005,08,28,06,11,830.05,170.85,28.17,59,752.43,407.95,1.79,296,93700,,,,,,
20050828:0700,2005,08,28,07,12,826.85,168,28.46,59.1,721.56,407.75,0.62,105,93660,,,,,,
20050828:0800,2005,08,28,08,13,776.1,159.55,29.4,57.4,689.42,415.9,0.83,183,93610,,,,,,
20050828:0900,2005,08,28,09,14,639.5,139.7,29.91,55.6,608.77,418,1.17,194,93570,,,,,,
20050828:1000,2005,08,28,10,15,485.65,147.05,30.07,55.6,484.97,419.4,1.45,194,93500,,,,,,
20050828:1100,2005,08,28,11,16,282.1,109.75,30.08,55.6,322.61,416.3,1.24,206,93490,,,,,,
20050828:1200,2005,08,28,12,17,128.3,62.15,28.07,59,194.38,416.1,1.31,212,93540,,,,,,
20050828:1300,2005,08,28,13,18,13.15,10.55,27.14,62.9,20.06,413.2,0.83,162,93560,,,,,,
20050828:1400,2005,08,28,14,19,0,0,26.37,67.15,0,411.65,0.83,152,93580,,,,,,
20050828:1500,2005,08,28,15,20,0,0,25.27,81.7,0,396.75,0.69,108,93600,,,,,,
20050828:1600,2005,08,28,16,21,0,0,24.73,81.65,0,396.55,1.03,61,93660,,,,,,
20050828:1700,2005,08,28,17,22,0,0,24.06,84.35,0,394,1.17,33,93670,,,,,,
20050828:1800,2005,08,28,18,23,0,0,23.62,87.1,0,393.65,1.31,18,93640,,,,,,
20050828:1900,2005,08,28,19,0,0,0,22.91,84.25,0,385.1,1.1,16,93730,,,,,,
20050828:2000,2005,08,28,20,1,0,0,22.64,87.1,0,387.45,1.45,26,93730,,,,,,
20050828:2100,2005,08,28,21,2,0,0,22.48,87.1,0,384.95,1.72,27,93690,,,,,,
20050828:2200,2005,08,28,22,3,0,0,22.13,90,0,381.05,1.45,9,93650,,,,,,
20050828:2300,2005,08,28,23,4,0,0,21.84,90,0,380.45,1.45,0,93660,,,,,,
20050829:0000,2005,08,29,00,5,0,0,21.61,89.95,0,377.95,1.66,7,93630,,,,,,
20050829:0100,2005,08,29,01,6,86.05,46.45,21.55,89.95,694.98,376.9,1.72,6,93660,,,,,,
20050829:0200,2005,08,29,02,7,280.3,90.2,23.16,87.1,703.41,378.35,1.24,0,93700,,,,,,
20050829:0300,2005,08,29,03,8,459.7,114.65,25.81,71.65,732.1,383.2,1.38,329,93720,,,,,,
20050829:0400,2005,08,29,04,9,632.95,130.6,27.26,67.2,777.07,390.55,1.86,300,93750,,,,,,
20050829:0500,2005,08,29,05,10,771.85,146.4,28.43,61.1,798,398.3,2.34,288,93780,,,,,,
20050829:0600,2005,08,29,06,11,851.1,153.9,29.37,57.4,797.83,407.95,2.41,283,93760,,,,,,
20050829:0700,2005,08,29,07,12,866.65,159.85,30.18,53.8,776.18,415.3,2.21,272,93740,,,,,,
20050829:0800,2005,08,29,08,13,738.9,172.25,30.63,52.15,635.6,416.85,2.14,276,93670,,,,,,
20050829:0900,2005,08,29,09,14,688.6,143.05,30.85,50.45,667.04,422.1,1.86,282,93620,,,,,,
20050829:1000,2005,08,29,10,15,501.35,122.95,31.1,48.9,544.71,420.55,1.72,285,93550,,,,,,
20050829:1100,2005,08,29,11,16,323.05,101.8,30.96,48.9,417.16,416.65,1.72,285,93490,,,,,,
20050829:1200,2005,08,29,12,17,140.7,62.8,30.55,50.45,231.76,413.2,1.72,296,93470,,,,,,
20050829:1300,2005,08,29,13,18,13.05,10.15,29.69,57.4,23.17,411.65,1.59,333,93500,,,,,,
20050829:1400,2005,08,29,14,19,0,0,28.03,65.2,0,404.45,1.52,339,93510,,,,,,
20050829:1500,2005,08,29,15,20,0,0,26.63,74.15,0,404.65,1.59,3,93540,,,,,,
20050829:1600,2005,08,29,16,21,0,0,25.63,76.5,0,392.1,1.93,15,93550,,,,,,
20050829:1700,2005,08,29,17,22,0,0,24.79,81.65,0,389.4,2,10,93560,,,,,,
20050829:1800,2005,08,29,18,23,0,0,24.23,81.55,0,387.65,2,11,93530,,,,,,
20050829:1900,2005,08,29,19,0,0,0,23.77,87.1,0,384.95,1.72,14,93530,,,,,,
20050829:2000,2005,08,29,20,1,0,0,23.35,87.1,0,384.95,1.52,6,93500,,,,,,
20050829:2100,2005,08,29,21,2,0,0,23.05,87.1,0,384.75,1.45,4,93450,,,,,,
20050829:2200,2005,08,29,22,3,0,0,22.79,84.25,0,383.2,1.52,6,93420,,,,,,
20050829:2300,2005,08,29,23,4,0,0,22.66,87.1,0,385.1,1.59,13,93390,,,,,,
20050830:0000,2005,08,30,00,5,0,0,22.35,84.25,0,379.3,1.66,18,93400,,,,,,
20050830:0100,2005,08,30,01,6,92,46.8,22.08,87.05,826.59,377.3,1.66,14,93400,,,,,,
20050830:0200,2005,08,30,02,7,278.95,89.35,23.73,87.1,707.08,378.55,1.1,1,93440,,,,,,
20050830:0300,2005,08,30,03,8,468.2,112.6,27.08,65,757.71,384.95,1.38,325,93440,,,,,,
20050830:0400,2005,08,30,04,9,651.25,132.3,28.53,59.1,805.24,393.85,2,309,93460,,,,,,
20050830:0500,2005,08,30,05,10,782.85,149.25,29.7,55.5,810.56,401.2,2.34,302,93490,,,,,,
20050830:0600,2005,08,30,06,11,859.3,147.6,30.65,50.45,816.55,407.95,2.41,292,93460,,,,,,
20050830:0700,2005,08,30,07,12,877.6,147,31.24,48.9,804.55,413.95,1.72,275,93430,,,,,,
20050830:0800,2005,08,30,08,13,760.3,160.3,31.93,45.95,675.17,415.1,2,271,93360,,,,,,
20050830:0900,2005,08,30,09,14,698.45,136.85,32.23,44.45,689.36,415.5,1.93,277,93300,,,,,,
20050830:1000,2005,08,30,10,15,531.45,122.85,32.31,44.45,591.22,414.9,1.72,278,93250,,,,,,
20050830:1100,2005,08,30,11,16,325.2,97,32.17,44.45,433.47,414.15,1.66,284,93210,,,,,,
20050830:1200,2005,08,30,12,17,141.45,62.25,31.68,45.85,238.65,409.5,1.45,293,93180,,,,,,
20050830:1300,2005,08,30,13,18,12.9,10.1,30.69,52.15,23.21,402.35,1.38,300,93210,,,,,,
20050830:1400,2005,08,30,14,19,0,0,28.53,69.75,0,396.9,1.24,336,93210,,,,,,
20050830:1500,2005,08,30,15,20,0,0,27.08,74.25,0,393.45,1.31,5,93250,,,,,,
20050830:1600,2005,08,30,16,21,0,0,26.22,74.1,0,385.5,1.86,24,93280,,,,,,
20050830:1700,2005,08,30,17,22,0,0,25.21,76.45,0,382.2,2,31,93270,,,,,,
20050830:1800,2005,08,30,18,23,0,0,24.27,78.9,0,379.9,2,28,93250,,,,,,
20050830:1900,2005,08,30,19,0,0,0,23.44,81.5,0,375.65,1.79,33,93230,,,,,,
20050830:2000,2005,08,30,20,1,0,0,23.08,78.85,0,374.5,1.86,28,93220,,,,,,
20050830:2100,2005,08,30,21,2,0,0,22.77,78.75,0,373.9,1.86,25,93150,,,,,,
20050830:2200,2005,08,30,22,3,0,0,22.49,78.75,0,372.15,1.86,19,93140,,,,,,
20050830:2300,2005,08,30,23,4,0,0,22.26,78.7,0,372.35,1.86,15,93120,,,,,,
20050831:0000,2005,08,31,00,5,0,0,22.08,78.7,0,371.2,1.93,15,93110,,,,,,
20050831:0100,2005,08,31,01,6,92.15,46.25,21.93,78.7,876.23,370.5,1.86,17,93170,,,,,,
20050831:0200,2005,08,31,02,7,279.1,89.35,23.38,81.5,713.27,371.2,1.31,13,93210,,,,,,
20050831:0300,2005,08,31,03,8,481.35,115.15,27.78,55.05,783.68,377.55,1.17,340,93270,,,,,,
20050831:0400,2005,08,31,04,9,659.45,131,29.54,50.2,822.57,387.05,1.66,310,93330,,,,,,
20050831:0500,2005,08,31,05,10,789.85,142.05,30.78,48.75,830.99,395.95,2.21,300,93360,,,,,,
20050831:0600,2005,08,31,06,11,869.5,145.75,31.81,44.3,832.59,405.25,2.28,292,93360,,,,,,
20050831:0700,2005,08,31,07,12,865.2,169.95,32.4,44.55,767.8,413.55,1.52,264,93380,,,,,,
20050831:0800,2005,08,31,08,13,816.8,141.55,33.02,43.2,762.34,417.65,1.59,260,93340,,,,,,
20050831:0900,2005,08,31,09,14,692.45,140.85,33.4,41.95,679.81,419,1.66,256,93260,,,,,,
20050831:1000,2005,08,31,10,15,519.45,117.5,33.53,41.95,584.67,417.65,1.72,248,93220,,,,,,
20050831:1100,2005,08,31,11,16,337.9,97.45,33.39,41.95,460.23,416.85,1.79,245,93170,,,,,,
20050831:1200,2005,08,31,12,17,138.2,60.8,32.94,43.2,236.29,410.3,1.59,256,93170,,,,,,
20050831:1300,2005,08,31,13,18,12.15,9.5,31.85,52.4,22.83,405.85,1.17,291,93180,,,,,,
20050831:1400,2005,08,31,14,19,0,0,29.46,69.95,0,398.65,1.1,337,93200,,,,,,
20050831:1500,2005,08,31,15,20,0,0,28.02,72,0,392.85,1.45,11,93260,,,,,,
20050831:1600,2005,08,31,16,21,0,0,22.54,88.92,0,376.13,1.97,30,93290,,,,,,
20050831:1700,2005,08,31,17,22,0,0,23.04,86.47,0,377.96,1.91,34,93290,,,,,,
20050831:1800,2005,08,31,18,23,0,0,23.54,84.02,0,379.8,1.86,30,93260,,,,,,
20050831:1900,2005,08,31,19,0,0,0,24.04,81.56,0,381.63,1.8,36,93300,,,,,,
20050831:2000,2005,08,31,20,1,0,0,24.54,79.11,0,383.46,1.74,41,93250,,,,,,
20050831:2100,2005,08,31,21,2,0,0,25.04,76.66,0,385.3,1.68,44,93230,,,,,,
20050831:2200,2005,08,31,22,3,0,0,25.54,74.21,0,387.13,1.63,48,93240,,,,,,
20050831:2300,2005,08,31,23,4,0,0,26.03,71.76,0,388.96,1.57,53,93240,,,,,,
20050901:0000,2005,09,01,00,5,0,0,26.53,69.31,0,390.79,1.51,58,93270,,,,,,
20050901:0100,2005,09,01,01,6,90.35,46.05,27.03,66.85,884.53,392.63,1.45,64,93320,,,,,,
20050901:0200,2005,09,01,02,7,277.35,88.6,27.53,64.4,715.23,394.46,1.39,71,93390,,,,,,
20050901:0300,2005,09,01,03,8,477.9,113.95,28.03,61.95,782.28,396.29,1.34,109,93450,,,,,,
20050901:0400,2005,09,01,04,9,653.8,130.9,28.53,59.5,816.55,398.13,1.28,169,93490,,,,,,
20050901:0500,2005,09,01,05,10,785.4,141.35,29.03,57.05,828.49,399.96,1.22,198,93530,,,,,,
20050901:0600,2005,09,01,06,11,862.1,144.85,29.52,54.6,827.36,401.79,1.16,210,93510,,,,,,
20050901:0700,2005,09,01,07,12,872.7,145.85,30.02,52.14,805.05,403.62,1.11,206,93500,,,,,,
20050901:0800,2005,09,01,08,13,812.7,144.85,33.96,41.95,756.51,422.3,1.72,212,93430,,,,,,
20050901:0900,2005,09,01,09,14,697.75,132.75,34.36,40.55,699.19,423.65,1.79,218,93380,,,,,,
20050901:1000,2005,09,01,10,15,529.5,117.85,34.5,39.3,602.01,423.45,1.79,226,93340,,,,,,
20050901:1100,2005,09,01,11,16,313.4,99,34.36,40.55,413.58,421.5,1.72,247,93320,,,,,,
20050901:1200,2005,09,01,12,17,130.95,60.6,33.85,40.55,217.67,422.65,1.38,250,93300,,,,,,
20050901:1300,2005,09,01,13,18,10.95,9.05,32.83,49.25,17.04,413.75,1.03,250,93330,,,,,,
20050901:1400,2005,09,01,14,19,0,0,31.68,49,0,403.7,0.34,323,93370,,,,,,
20050901:1500,2005,09,01,15,20,0,0,29.27,69.85,0,397.5,1.03,33,93430,,,,,,
20050901:1600,2005,09,01,16,21,0,0,27.73,74.3,0,393.65,1.52,47,93490,,,,,,
20050901:1700,2005,09,01,17,22,0,0,26.74,76.65,0,393.25,1.72,54,93480,,,,,,
20050901:1800,2005,09,01,18,23,0,0,25.92,76.6,0,391.5,1.86,56,93470,,,,,,
20050901:1900,2005,09,01,19,0,0,0,25.03,73.95,0,386.65,1.93,51,93450,,,,,,
20050901:2000,2005,09,01,20,1,0,0,24.33,76.35,0,386.65,1.93,55,93430,,,,,,
20050901:2100,2005,09,01,21,2,0,0,23.82,78.9,0,386.45,1.86,57,93410,,,,,,
20050901:2200,2005,09,01,22,3,0,0,23.42,81.5,0,386.1,1.93,60,93410,,,,,,
20050901:2300,2005,09,01,23,4,0,0,23.15,81.5,0,385.9,1.86,63,93420,,,,,,
20050902:0000,2005,09,02,00,5,0,0,22.95,78.85,0,385.1,1.93,63,93430,,,,,,
20050902:0100,2005,09,02,01,6,87.65,45.05,22.83,78.85,891.57,384.45,1.93,63,93490,,,,,,
20050902:0200,2005,09,02,02,7,273.25,87.85,24.43,84.35,708.27,385.7,1.31,71,93560,,,,,,
20050902:0300,2005,09,02,03,8,472.7,113.25,29.37,53.7,776.05,393.25,1.03,107,93620,,,,,,
20050902:0400,2005,09,02,04,9,647.95,130.15,31.21,47.25,811.23,405.25,1.1,157,93660,,,,,,
20050902:0500,2005,09,02,05,10,777.65,141.35,32.37,45.95,820.85,415.7,1.45,184,93700,,,,,,
20050902:0600,2005,09,02,06,11,840.8,156.25,33.22,43.2,791.85,424.4,1.66,193,93700,,,,,,
20050902:0700,2005,09,02,07,12,830.55,165.55,33.81,44.8,738.74,435.25,1.72,208,93690,,,,,,
20050902:0800,2005,09,02,08,13,662.65,172.9,34.38,43.35,556.68,439.3,1.72,220,93650,,,,,,
20050902:0900,2005,09,02,09,14,646.7,144.25,34.51,42.05,624.4,443,1.79,222,93590,,,,,,
20050902:1000,2005,09,02,10,15,458.45,139.55,34.8,40.65,468.95,439.7,1.72,228,93540,,,,,,
20050902:1100,2005,09,02,11,16,276.75,118.5,34.45,39.3,307.7,439.5,0.48,213,93480,,,,,,
20050902:1200,2005,09,02,12,17,119.3,61.75,33.91,41.95,180.53,436.2,0.34,315,93460,,,,,,
20050902:1300,2005,09,02,13,18,9.65,7.95,32.94,46.2,15.92,427.9,0.41,10,93450,,,,,,
20050902:1400,2005,09,02,14,19,0,0,31.3,55.85,0,419.4,0.9,61,93460,,,,,,
20050902:1500,2005,09,02,15,20,0,0,29.53,59.35,0,408.15,1.79,71,93470,,,,,,
20050902:1600,2005,09,02,16,21,0,0,27.98,67.4,0,401.95,1.79,67,93510,,,,,,
20050902:1700,2005,09,02,17,22,0,0,27.05,69.5,0,398.3,1.86,52,93500,,,,,,
20050902:1800,2005,09,02,18,23,0,0,26.21,74.1,0,397.1,1.86,44,93470,,,,,,
20050902:1900,2005,09,02,19,0,0,0,25.37,79.1,0,394.8,1.66,46,93500,,,,,,
20050902:2000,2005,09,02,20,1,0,0,24.97,81.7,0,394.2,1.72,50,93490,,,,,,
20050902:2100,2005,09,02,21,2,0,0,24.64,81.65,0,394,1.79,56,93500,,,,,,
20050902:2200,2005,09,02,22,3,0,0,24.38,81.65,0,393.25,1.93,61,93500,,,,,,
20050902:2300,2005,09,02,23,4,0,0,24.3,78.95,0,395.75,2,66,93490,,,,,,
20050903:0000,2005,09,03,00,5,0,0,24.16,81.55,0,392.3,2.07,71,93520,,,,,,
20050903:0100,2005,09,03,01,6,84.7,44.2,24.22,78.9,890.56,399.95,2,76,93560,,,,,,
20050903:0200,2005,09,03,02,7,255.9,88.05,25.63,79.1,646.53,395,1.59,83,93630,,,,,,
20050903:0300,2005,09,03,03,8,462,114.3,29.27,57.3,754.08,406.8,1.59,108,93670,,,,,,
20050903:0400,2005,09,03,04,9,573,143.35,30.84,53.9,675.37,418.6,1.72,137,93710,,,,,,
20050903:0500,2005,09,03,05,10,746.75,154.7,31.65,52.4,765.98,430.4,1.31,162,93720,,,,,,
20050903:0600,2005,09,03,06,11,838.45,153.05,32.67,49.25,795.09,438.15,1.1,188,93700,,,,,,
20050903:0700,2005,09,03,07,12,836.6,154.4,33.76,47.9,760.17,439.9,1.52,207,93620,,,,,,
20050903:0800,2005,09,03,08,13,714.4,139.6,34.22,47.9,655.64,447.65,1.59,221,93560,,,,,,
20050903:0900,2005,09,03,09,14,609.15,144,34.41,44.95,580.54,448.6,1.59,231,93490,,,,,,
20050903:1000,2005,09,03,10,15,426.4,139.05,34.3,46.35,424.94,446.65,0.97,239,93410,,,,,,
20050903:1100,2005,09,03,11,16,282,92.35,34.09,46.35,371.77,447.05,1.03,238,93360,,,,,,
20050903:1200,2005,09,03,12,17,110.7,52.85,33.85,44.8,184.05,441.25,0.97,240,93330,,,,,,
20050903:1300,2005,09,03,13,18,7.95,6.6,33.02,47.75,13.22,430.2,0.55,229,93290,,,,,,
20050903:1400,2005,09,03,14,19,0,0,31.87,52.5,0,426.9,0.48,190,93290,,,,,,
20050903:1500,2005,09,03,15,20,0,0,30.29,65.6,0,419.4,0.62,112,93330,,,,,,
20050903:1600,2005,09,03,16,21,0,0,28.95,72.15,0,413.95,1.24,82,93340,,,,,,
20050903:1700,2005,09,03,17,22,0,0,28.03,72,0,409.3,1.59,81,93330,,,,,,
20050903:1800,2005,09,03,18,23,0,0,27.21,76.7,0,407.2,0,0,93320,,,,,,
20050903:1900,2005,09,03,19,0,0,0,26.53,76.65,0,403.1,0,0,93280,,,,,,
20050903:2000,2005,09,03,20,1,0,0,25.99,76.6,0,402.35,1.86,77,93270,,,,,,
20050903:2100,2005,09,03,21,2,0,0,25.67,79.1,0,401.55,1.93,82,93270,,,,,,
20050903:2200,2005,09,03,22,3,0,0,25.51,76.5,0,401.75,2.07,81,93310,,,,,,
20050903:2300,2005,09,03,23,4,0,0,25.47,76.5,0,404.3,2.14,81,93320,,,,,,
20050904:0000,2005,09,04,00,5,0,0,25.38,76.5,0,402.95,2.21,82,93340,,,,,,
20050904:0100,2005,09,04,01,6,79.55,42.7,25.36,76.5,853.6,403.4,2.28,86,93410,,,,,,
20050904:0200,2005,09,04,02,7,251.8,88.05,26.87,71.85,636.03,410.65,2.07,91,93460,,,,,,
20050904:0300,2005,09,04,03,8,445.9,114.25,29.53,59.35,722.57,414.75,2.48,108,93500,,,,,,
20050904:0400,2005,09,04,04,9,598.65,142.25,30.83,57.6,719.84,423.25,2.69,126,93520,,,,,,
20050904:0500,2005,09,04,05,10,692.75,150.8,31.87,50.8,703.24,433.7,2.14,136,93520,,,,,,
20050904:0600,2005,09,04,06,11,772.65,172.85,32.69,49.25,697.82,442.2,1.52,156,93500,,,,,,
20050904:0700,2005,09,04,07,12,697.6,168.15,32.89,47.75,591.81,446.65,2.14,160,93490,,,,,,
20050904:0800,2005,09,04,08,13,663.35,166.1,33.21,46.2,569.23,450.55,1.93,166,93430,,,,,,
20050904:0900,2005,09,04,09,14,586.95,142.9,33.58,44.8,556.64,453.85,1.86,173,93370,,,,,,
20050904:1000,2005,09,04,10,15,444.9,109.75,33.75,44.8,498.49,452.1,1.59,180,93280,,,,,,
20050904:1100,2005,09,04,11,16,307,93.25,33.55,44.8,422.51,441.65,1.17,170,93210,,,,,,
20050904:1200,2005,09,04,12,17,115.75,56.15,33.22,44.7,192.39,437.75,0.69,189,93160,,,,,,
20050904:1300,2005,09,04,13,18,6.95,5.95,32.45,47.65,10.27,433.5,0.69,190,93140,,,,,,
20050904:1400,2005,09,04,14,19,0,0,31.25,54.05,0,426.35,0.83,162,93140,,,,,,
20050904:1500,2005,09,04,15,20,0,0,29.89,63.5,0,421.5,0.76,130,93160,,,,,,
20050904:1600,2005,09,04,16,21,0,0,28.9,67.6,0,417.05,1.17,125,93180,,,,,,
20050904:1700,2005,09,04,17,22,0,0,28.12,69.65,0,414.9,1.45,129,93200,,,,,,
20050904:1800,2005,09,04,18,23,0,0,27.6,71.9,0,414.9,1.66,122,93190,,,,,,
20050904:1900,2005,09,04,19,0,0,0,27.32,71.85,0,411.65,2,110,93220,,,,,,
20050904:2000,2005,09,04,20,1,0,0,27.05,71.85,0,411.85,2.07,105,93250,,,,,,
20050904:2100,2005,09,04,21,2,0,0,26.88,71.85,0,413.4,2.21,100,93270,,,,,,
20050904:2200,2005,09,04,22,3,0,0,26.73,71.75,0,413.55,2.34,96,93280,,,,,,
20050904:2300,2005,09,04,23,4,0,0,26.69,71.75,0,419.4,2.48,91,93300,,,,,,
20050905:0000,2005,09,05,00,5,0,0,26.48,71.75,0,414.9,2.41,86,93340,,,,,,
20050905:0100,2005,09,05,01,6,72.8,39.8,26.4,74.15,807.62,417.95,2.41,88,93370,,,,,,
20050905:0200,2005,09,05,02,7,214.1,84.3,27.32,71.85,508.45,413.4,2.21,94,93450,,,,,,
20050905:0300,2005,09,05,03,8,402.6,117.85,29.09,61.25,623.27,422.65,2.62,116,93470,,,,,,
20050905:0400,2005,09,05,04,9,534,145.7,30.28,57.5,614.55,428.65,2.69,131,93530,,,,,,
20050905:0500,2005,09,05,05,10,605.35,145,31.11,54.05,599.16,440.3,2.07,141,93550,,,,,,
20050905:0600,2005,09,05,06,11,635.8,189.65,31.86,52.4,520.61,450.75,1.45,165,93530,,,,,,
20050905:0700,2005,09,05,07,12,686.55,149.75,31.96,50.8,601.94,455.35,1.24,188,93520,,,,,,
20050905:0800,2005,09,05,08,13,599.8,179.2,32.54,49.25,483.25,454.8,1.17,195,93460,,,,,,
20050905:0900,2005,09,05,09,14,597.2,143.6,32.89,47.75,571.17,463.1,1.03,201,93400,,,,,,
20050905:1000,2005,09,05,10,15,421,121.25,33.38,46.35,448.46,457.1,0.83,217,93320,,,,,,
20050905:1100,2005,09,05,11,16,276.4,100.15,33.3,47.75,351.36,454.6,0.76,213,93250,,,,,,
20050905:1200,2005,09,05,12,17,103.05,51.3,33.02,47.75,169.55,443,0.62,221,93200,,,,,,
20050905:1300,2005,09,05,13,18,6.6,5.7,32.38,49.25,9.72,442.8,0.76,203,93200,,,,,,
20050905:1400,2005,09,05,14,19,0,0,31.26,54.05,0,431.55,0.97,166,93220,,,,,,
20050905:1500,2005,09,05,15,20,0,0,30.28,59.45,0,427.7,1.31,148,93290,,,,,,
20050905:1600,2005,09,05,16,21,0,0,29.41,63.4,0,425.95,1.52,139,93340,,,,,,
20050905:1700,2005,09,05,17,22,0,0,28.6,69.75,0,422.85,1.52,130,93350,,,,,,
20050905:1800,2005,09,05,18,23,0,0,27.94,72,0,420.9,1.52,121,93340,,,,,,
20050905:1900,2005,09,05,19,0,0,0,27.4,76.8,0,419.95,1.45,124,93310,,,,,,
20050905:2000,2005,09,05,20,1,0,0,27.17,76.7,0,416.65,1.72,124,93320,,,,,,
20050905:2100,2005,09,05,21,2,0,0,27.04,76.7,0,422.45,2,118,93320,,,,,,
20050905:2200,2005,09,05,22,3,0,0,26.99,76.7,0,426.15,2.21,117,93330,,,,,,
20050905:2300,2005,09,05,23,4,0,0,26.75,79.2,0,426.15,2.34,116,93340,,,,,,
20050906:0000,2005,09,06,00,5,0,0,26.6,81.85,0,431.95,2.41,114,93370,,,,,,
20050906:0100,2005,09,06,01,6,35.45,35.45,26.33,81.85,0,433.8,2.97,123,93440,,,,,,
20050906:0200,2005,09,06,02,7,206.65,85.35,26.25,81.8,479.25,428.65,3.45,124,93540,,,,,,
20050906:0300,2005,09,06,03,8,419.5,119.7,27.22,76.7,659.31,432.15,3.59,123,93520,,,,,,
20050906:0400,2005,09,06,04,9,549.45,158.35,28.88,67.6,621.15,429.25,3.31,133,93570,,,,,,
20050906:0500,2005,09,06,05,10,636.35,187.3,30.01,65.6,586.26,440.65,2.69,145,93610,,,,,,
20050906:0600,2005,09,06,06,11,709.8,173.75,30.99,61.65,627.42,448.8,2.21,162,93580,,,,,,
20050906:0700,2005,09,06,07,12,724.05,160.2,31.16,61.65,634.34,452.45,2.41,167,93580,,,,,,
20050906:0800,2005,09,06,08,13,589.85,173.7,31.8,59.75,479.93,452.45,2.14,166,93520,,,,,,
20050906:0900,2005,09,06,09,14,607.15,140.2,31.92,57.95,590.67,464.45,1.66,162,93450,,,,,,
20050906:1000,2005,09,06,10,15,417.8,111.8,32.16,56.1,460.56,456.55,1.17,155,93370,,,,,,
20050906:1100,2005,09,06,11,16,252.5,90.05,32,56.1,326.67,458.3,0.76,158,93330,,,,,,
20050906:1200,2005,09,06,12,17,87.6,46.25,31.83,57.85,137.56,447.85,0.97,162,93310,,,,,,
20050906:1300,2005,09,06,13,18,5.5,4.85,31.38,57.85,7.41,450.15,1.1,155,93300,,,,,,
20050906:1400,2005,09,06,14,19,0,0,30.54,61.55,0,437.75,0.97,149,93330,,,,,,
20050906:1500,2005,09,06,15,20,0,0,29.92,63.5,0,435.25,1.03,133,93380,,,,,,
20050906:1600,2005,09,06,16,21,0,0,29.17,69.85,0,429.85,1.1,113,93450,,,,,,
20050906:1700,2005,09,06,17,22,0,0,28.82,72.1,0,436.8,1.24,116,93460,,,,,,
20050906:1800,2005,09,06,18,23,0,0,28.3,74.4,0,429.85,1.52,122,93470,,,,,,
20050906:1900,2005,09,06,19,0,0,0,27.81,74.3,0,430.4,2.48,127,93590,,,,,,
20050906:2000,2005,09,06,20,1,0,0,27.34,74.3,0,438.35,2.62,124,93570,,,,,,
20050906:2100,2005,09,06,21,2,0,0,26.73,79.2,0,439.5,2.34,127,93580,,,,,,
20050906:2200,2005,09,06,22,3,0,0,25.07,84.4,0,440.65,1.79,111,93630,,,,,,
20050906:2300,2005,09,06,23,4,0,0,23.95,90.1,0,435.85,2.21,87,93660,,,,,,
20050907:0000,2005,09,07,00,5,0,0,23.83,87.15,0,427.7,1.59,98,93690,,,,,,
20050907:0100,2005,09,07,01,6,23.35,23.35,24.11,87.15,0,429.15,1.79,86,93730,,,,,,
20050907:0200,2005,09,07,02,7,67.3,63.7,24.51,84.35,14.35,431.95,1.17,83,93830,,,,,,
20050907:0300,2005,09,07,03,8,108.8,103.05,24.73,84.35,12.71,437.75,0.62,115,93890,,,,,,
20050907:0400,2005,09,07,04,9,273.7,231.2,25.09,81.7,67.74,438.35,1.1,123,93930,,,,,,
20050907:0500,2005,09,07,05,10,441.45,281.95,26.14,76.6,208.89,431.55,1.17,127,93950,,,,,,
20050907:0600,2005,09,07,06,11,435.3,327.3,27.11,71.85,126.8,438.9,0.83,120,93910,,,,,,
20050907:0700,2005,09,07,07,12,383.25,244.2,27.82,67.4,156.96,442,0.97,86,93890,,,,,,
20050907:0800,2005,09,07,08,13,527.1,292.35,29.17,63.3,271.77,451.7,0.83,227,93780,,,,,,
20050907:0900,2005,09,07,09,14,468.55,243.35,29.81,61.35,286.2,450.55,1.72,256,93680,,,,,,
20050907:1000,2005,09,07,10,15,213.85,147.5,30.37,57.6,100.48,457.9,1.86,271,93620,,,,,,
20050907:1100,2005,09,07,11,16,172.5,127.25,30,59.45,91.8,458.45,1.86,279,93580,,,,,,
20050907:1200,2005,09,07,12,17,97.55,59.25,29.77,61.35,129.42,446.3,1.52,285,93540,,,,,,
20050907:1300,2005,09,07,13,18,4.95,4.7,29.23,63.3,3.02,430,1.24,299,93540,,,,,,
20050907:1400,2005,09,07,14,19,0,0,28.19,69.65,0,421.9,1.17,315,93510,,,,,,
20050907:1500,2005,09,07,15,20,0,0,27.23,76.7,0,418.4,1.38,325,93570,,,,,,
20050907:1600,2005,09,07,16,21,0,0,26.49,81.85,0,415.7,1.24,340,93600,,,,,,
20050907:1700,2005,09,07,17,22,0,0,26.03,84.5,0,413.75,1.24,4,93610,,,,,,
20050907:1800,2005,09,07,18,23,0,0,25.65,87.3,0,412.6,1.24,22,93580,,,,,,
20050907:1900,2005,09,07,19,0,0,0,25.38,90.2,0,414.75,0.55,66,93700,,,,,,
20050907:2000,2005,09,07,20,1,0,0,25.05,90.15,0,413.55,1.03,85,93670,,,,,,
20050907:2100,2005,09,07,21,2,0,0,24.87,90.15,0,415.7,1.17,96,93660,,,,,,
20050907:2200,2005,09,07,22,3,0,0,24.76,93.1,0,414.15,1.31,99,93660,,,,,,
20050907:2300,2005,09,07,23,4,0,0,24.3,93.1,0,414.35,1.38,106,93660,,,,,,
20050908:0000,2005,09,08,00,5,0,0,23.68,96.2,0,420.9,1.03,141,93700,,,,,,
20050908:0100,2005,09,08,01,6,28.85,28.85,23.04,93.05,0,415.6,1.24,135,93800,,,,,,
20050908:0200,2005,09,08,02,7,108.75,77.8,23.24,93.05,124.45,416.3,1.86,137,93860,,,,,,
20050908:0300,2005,09,08,03,8,214.05,174.55,23.53,90.05,87.71,423.05,2.07,112,93910,,,,,,
20050908:0400,2005,09,08,04,9,214.9,201.05,24.55,81.65,22.16,426.15,2.62,109,93930,,,,,,
20050908:0500,2005,09,08,05,10,291.7,231.55,25.15,79.05,79.03,432.9,1.79,116,94010,,,,,,
20050908:0600,2005,09,08,06,11,493.25,362.45,25.28,81.7,154.06,430,1.03,148,94030,,,,,,
20050908:0700,2005,09,08,07,12,517.4,362.15,27.84,67.4,175.84,429.85,0.62,102,93940,,,,,,
20050908:0800,2005,09,08,08,13,482.75,360.2,28.41,65.3,142.43,435.65,0.28,323,93870,,,,,,
20050908:0900,2005,09,08,09,14,369.3,254.3,29.01,63.3,146.85,444.35,0.9,273,93790,,,,,,
20050908:1000,2005,09,08,10,15,344.35,224.3,29.38,63.4,182.93,446.1,1.59,257,93710,,,,,,
20050908:1100,2005,09,08,11,16,207.6,141.8,29.34,61.35,134.7,436.4,1.86,251,93630,,,,,,
20050908:1200,2005,09,08,12,17,76.6,60.6,29.12,63.3,54.94,429.85,1.52,294,93620,,,,,,
20050908:1300,2005,09,08,13,18,3.75,3.75,28.52,65.3,0,426.15,1.45,310,93630,,,,,,
20050908:1400,2005,09,08,14,19,0,0,27.47,71.9,0,421.1,1.52,320,93620,,,,,,
20050908:1500,2005,09,08,15,20,0,0,26.51,81.85,0,418.4,1.24,340,93630,,,,,,
20050908:1600,2005,09,08,16,21,0,0,25.84,81.8,0,409.1,1.38,347,93640,,,,,,
20050908:1700,2005,09,08,17,22,0,0,25.17,87.25,0,406,1.38,339,93640,,,,,,
20050908:1800,2005,09,08,18,23,0,0,24.62,90.1,0,403.7,1.31,337,93650,,,,,,
20050908:1900,2005,09,08,19,0,0,0,24.17,93.1,0,398.85,1.31,325,93700,,,,,,
20050908:2000,2005,09,08,20,1,0,0,23.8,93.1,0,398.3,1.17,333,93690,,,,,,
20050908:2100,2005,09,08,21,2,0,0,23.45,96.2,0,397.3,0.97,350,93690,,,,,,
20050908:2200,2005,09,08,22,3,0,0,23.14,96.2,0,396.15,0.9,20,93690,,,,,,
20050908:2300,2005,09,08,23,4,0,0,22.98,93.05,0,397.5,1.1,35,93690,,,,,,
20050909:0000,2005,09,09,00,5,0,0,22.87,93.05,0,397.9,1.31,30,93680,,,,,,
20050909:0100,2005,09,09,01,6,40.75,40.75,22.72,96.15,0,396.25,1.24,30,93700,,,,,,
20050909:0200,2005,09,09,02,7,246.7,92.1,24.2,93.1,627.24,395.55,0.62,36,93730,,,,,,
20050909:0300,2005,09,09,03,8,446.8,115.85,26.71,74.15,738.51,401.75,0.21,152,93800,,,,,,
20050909:0400,2005,09,09,04,9,621.45,134.15,28.2,67.4,782.41,411.05,1.1,189,93850,,,,,,
20050909:0500,2005,09,09,05,10,748.85,150.85,29.38,61.35,788.28,419.4,1.38,186,93900,,,,,,
20050909:0600,2005,09,09,06,11,761.6,164.9,30.34,59.45,705.08,428.85,1.72,189,93890,,,,,,
20050909:0700,2005,09,09,07,12,701.6,245.2,30.51,59.55,518.73,433.1,1.52,211,93870,,,,,,
20050909:0800,2005,09,09,08,13,593.75,198.3,30.83,59.55,461.43,441.65,0.76,230,93800,,,,,,
20050909:0900,2005,09,09,09,14,528.65,213.5,31.07,57.75,404.39,444.55,0.34,243,93650,,,,,,
20050909:1000,2005,09,09,10,15,340.15,161.85,31.31,57.75,273.42,437.75,0.48,0,93590,,,,,,
20050909:1100,2005,09,09,11,16,173.7,114,30.95,55.85,123.35,441.85,1.1,61,93500,,,,,,
20050909:1200,2005,09,09,12,17,79.55,49.2,29.46,61.35,105.94,429.05,0.48,145,93450,,,,,,
20050909:1300,2005,09,09,13,18,3.65,3.5,28.89,63.3,2.05,422.45,0.83,218,93450,,,,,,
20050909:1400,2005,09,09,14,19,0,0,27.68,71.9,0,414.35,1.17,223,93460,,,,,,
20050909:1500,2005,09,09,15,20,0,0,26.73,81.85,0,411.45,0.9,229,93520,,,,,,
20050909:1600,2005,09,09,16,21,0,0,25.77,90.2,0,405.05,0.62,267,93510,,,,,,
20050909:1700,2005,09,09,17,22,0,0,25.29,93.15,0,403.3,0.83,321,93530,,,,,,
20050909:1800,2005,09,09,18,23,0,0,24.84,90.15,0,400.2,0.97,12,93560,,,,,,
20050909:1900,2005,09,09,19,0,0,0,23.73,93.05,0,418.8,1.38,78,93750,,,,,,
20050909:2000,2005,09,09,20,1,0,0,23.14,90.05,0,417.65,2.14,65,93740,,,,,,
20050909:2100,2005,09,09,21,2,0,0,22.66,90.05,0,417.45,2.34,73,93750,,,,,,
20050909:2200,2005,09,09,22,3,0,0,22.43,90.05,0,418,1.45,70,93660,,,,,,
20050909:2300,2005,09,09,23,4,0,0,22.4,90.05,0,427.9,1.31,59,93680,,,,,,
20050910:0000,2005,09,10,00,5,0,0,22.28,90.05,0,421.9,0.97,65,93690,,,,,,
20050910:0100,2005,09,10,01,6,31.35,31.35,22.26,90,0,425.3,0.28,99,93690,,,,,,
20050910:0200,2005,09,10,02,7,162.2,120.35,22.55,87.1,171.35,422.3,0.41,268,93720,,,,,,
20050910:0300,2005,09,10,03,8,277.65,157.5,23.3,84.25,269.46,413.2,1.1,286,93740,,,,,,
20050910:0400,2005,09,10,04,9,579.35,168.05,24.25,81.55,662.88,414.75,1.24,313,93720,,,,,,
20050910:0500,2005,09,10,05,10,623.5,172.65,26.19,71.65,596.29,411.65,1.45,304,93750,,,,,,
20050910:0600,2005,09,10,06,11,697,222.75,27.41,67.3,562.25,413.2,1.86,286,93730,,,,,,
20050910:0700,2005,09,10,07,12,762.35,175.65,28,63.1,669.2,430.6,1.79,293,93690,,,,,,
20050910:0800,2005,09,10,08,13,730,152.4,28.72,63.2,676.72,427.1,2.14,290,93620,,,,,,
20050910:0900,2005,09,10,09,14,618,139.55,29.22,61.25,616.97,421.5,1.93,293,93490,,,,,,
20050910:1000,2005,09,10,10,15,460,127.25,29.3,61.25,513.58,421.1,1.38,314,93410,,,,,,
20050910:1100,2005,09,10,11,16,266.4,89.8,29.38,57.4,368.32,418.4,1.1,290,93330,,,,,,
20050910:1200,2005,09,10,12,17,90.7,46.2,29.18,59.2,157.97,415.5,1.24,287,93260,,,,,,
20050910:1300,2005,09,10,13,18,3.35,3.15,28.42,63.2,2.94,408.35,1.45,305,93270,,,,,,
20050910:1400,2005,09,10,14,19,0,0,27.25,71.85,0,404.45,0.69,321,93320,,,,,,
20050910:1500,2005,09,10,15,20,0,0,26.47,74.15,0,402.9,0.41,357,93360,,,,,,
20050910:1600,2005,09,10,16,21,0,0,25.39,84.45,0,397.3,0.69,28,93440,,,,,,
20050910:1700,2005,09,10,17,22,0,0,24.9,84.4,0,397.3,1.31,52,93460,,,,,,
20050910:1800,2005,09,10,18,23,0,0,24.67,84.35,0,402.35,1.79,69,93490,,,,,,
20050910:1900,2005,09,10,19,0,0,0,25.12,73.95,0,404.65,0.34,81,93520,,,,,,
20050910:2000,2005,09,10,20,1,0,0,24.12,81.55,0,400.8,1.66,19,93520,,,,,,
20050910:2100,2005,09,10,21,2,0,0,23.76,84.25,0,405.65,1.93,17,93480,,,,,,
20050910:2200,2005,09,10,22,3,0,0,23.45,81.5,0,400,1.93,34,93450,,,,,,
20050910:2300,2005,09,10,23,4,0,0,22.99,78.85,0,398.3,1.38,34,93460,,,,,,
20050911:0000,2005,09,11,00,5,0,0,22.01,84.15,0,401.2,0.55,300,93510,,,,,,
20050911:0100,2005,09,11,01,6,31.2,31.2,21.66,87,0,398.6,0.48,252,93530,,,,,,
20050911:0200,2005,09,11,02,7,172.65,120.7,22.32,81.45,214.68,396.55,0.76,320,93590,,,,,,
20050911:0300,2005,09,11,03,8,356.25,170.65,23.46,78.85,418.37,394.2,0.76,340,93650,,,,,,
20050911:0400,2005,09,11,04,9,527.35,175.7,24.95,69.15,568.92,404.1,1.79,31,93660,,,,,,
20050911:0500,2005,09,11,05,10,642.7,184.6,26.54,64.95,607.95,405.65,0.55,51,93670,,,,,,
20050911:0600,2005,09,11,06,11,728.45,218.2,27.63,63,606.97,411.85,0.48,172,93610,,,,,,
20050911:0700,2005,09,11,07,12,709.25,211.45,28.76,61.1,569.86,422.85,1.86,264,93540,,,,,,
20050911:0800,2005,09,11,08,13,592.1,189.1,28.72,65.3,474.12,431,1.93,289,93480,,,,,,
20050911:0900,2005,09,11,09,14,502.85,198.7,28.63,65.3,394.19,429.25,2,320,93370,,,,,,
20050911:1000,2005,09,11,10,15,386.9,139.75,28.91,61.25,383.99,424.2,1.93,3,93340,,,,,,
20050911:1100,2005,09,11,11,16,205.05,101.85,28.98,61.25,217.3,425.2,1.79,1,93290,,,,,,
20050911:1200,2005,09,11,12,17,77.65,46.1,28.55,61.1,113.95,418.2,1.86,329,93250,,,,,,
20050911:1300,2005,09,11,13,18,2.6,2.5,27.51,65.1,1.59,411.25,1.52,288,93270,,,,,,
20050911:1400,2005,09,11,14,19,0,0,26.25,74.1,0,401.75,1.66,288,93290,,,,,,
20050911:1500,2005,09,11,15,20,0,0,25.37,79.1,0,398.1,1.59,306,93320,,,,,,
20050911:1600,2005,09,11,16,21,0,0,24.75,84.35,0,396.35,1.52,323,93360,,,,,,
20050911:1700,2005,09,11,17,22,0,0,24.11,87.15,0,387.45,1.59,332,93400,,,,,,
20050911:1800,2005,09,11,18,23,0,0,23.68,90.05,0,392.85,1.38,343,93430,,,,,,
20050911:1900,2005,09,11,19,0,0,0,22.66,87.1,0,378.75,1.38,360,93450,,,,,,
20050911:2000,2005,09,11,20,1,0,0,22.12,90,0,376.2,1.24,3,93470,,,,,,
20050911:2100,2005,09,11,21,2,0,0,21.76,93,0,376.2,1.31,13,93470,,,,,,
20050911:2200,2005,09,11,22,3,0,0,21.45,89.95,0,376.2,1.52,27,93510,,,,,,
20050911:2300,2005,09,11,23,4,0,0,21.22,93,0,376.8,1.72,33,93500,,,,,,
20050912:0000,2005,09,12,00,5,0,0,21.35,87,0,380.65,1.72,28,93530,,,,,,
20050912:0100,2005,09,12,01,6,38,38,21.43,87,0,382.35,1.72,16,93560,,,,,,
20050912:0200,2005,09,12,02,7,250.2,84.9,22.64,81.45,689.56,379.5,1.45,8,93620,,,,,,
20050912:0300,2005,09,12,03,8,449.45,109.55,25.87,62.65,770.17,381.25,1.24,346,93660,,,,,,
20050912:0400,2005,09,12,04,9,616.85,138.4,27.66,55.05,777.1,388.6,1.24,306,93700,,,,,,
20050912:0500,2005,09,12,05,10,745.85,145.45,28.75,53.45,799.57,398.65,1.79,288,93730,,,,,,
20050912:0600,2005,09,12,06,11,834.7,144.7,29.76,50.2,823.63,407.4,2,302,93740,,,,,,
20050912:0700,2005,09,12,07,12,822.95,147.3,30.61,45.6,776.31,406.6,1.38,255,93630,,,,,,
20050912:0800,2005,09,12,08,13,725.4,155.85,31.07,42.7,672.9,411.65,1.45,233,93590,,,,,,
20050912:0900,2005,09,12,09,14,540.8,150.5,31.3,42.7,508.45,413.55,1.31,221,93500,,,,,,
20050912:1000,2005,09,12,10,15,394.8,124.85,30.07,47,422.23,417.85,1.66,145,93490,,,,,,
20050912:1100,2005,09,12,11,16,190.9,91.4,28.84,51.8,211.57,414.75,2.21,129,93460,,,,,,
20050912:1200,2005,09,12,12,17,77.9,41.2,28.55,55.3,134.91,408.35,2,120,93420,,,,,,
20050912:1300,2005,09,12,13,18,2.4,2.3,27.8,58.9,1.72,401.2,1.17,128,93410,,,,,,
20050912:1400,2005,09,12,14,19,0,0,26.21,79.15,0,392.85,0.76,166,93410,,,,,,
20050912:1500,2005,09,12,15,20,0,0,25.41,76.5,0,384.75,0.76,179,93500,,,,,,
20050912:1600,2005,09,12,16,21,0,0,25.6,69.25,0,381.45,0.48,130,93560,,,,,,
20050912:1700,2005,09,12,17,22,0,0,24.48,76.35,0,377.4,0.76,74,93580,,,,,,
20050912:1800,2005,09,12,18,23,0,0,23.25,84.25,0,375.65,1.1,54,93590,,,,,,
20050912:1900,2005,09,12,19,0,0,0,22.56,84.25,0,377.95,1.66,37,93660,,,,,,
20050912:2000,2005,09,12,20,1,0,0,22.15,87.05,0,376.6,1.66,28,93660,,,,,,
20050912:2100,2005,09,12,21,2,0,0,21.88,87.05,0,375.05,1.66,27,93660,,,,,,
20050912:2200,2005,09,12,22,3,0,0,21.67,89.95,0,373.7,1.66,29,93670,,,,,,
20050912:2300,2005,09,12,23,4,0,0,21.41,87,0,372.35,1.59,32,93690,,,,,,
20050913:0000,2005,09,13,00,5,0,0,21.17,89.95,0,371,1.66,39,93700,,,,,,
20050913:0100,2005,09,13,01,6,38.35,38.35,20.93,89.95,0,370.7,1.66,46,93760,,,,,,
20050913:0200,2005,09,13,02,7,236.9,84.85,22.19,90,640.4,372.35,1.03,50,93800,,,,,,
20050913:0300,2005,09,13,03,8,435.65,119.9,26.32,62.8,719.22,379.9,0.69,72,93850,,,,,,
20050913:0400,2005,09,13,04,9,619.95,133.45,27.88,57.05,793.32,390.55,0.62,131,93910,,,,,,
20050913:0500,2005,09,13,05,10,740.4,143.85,28.96,51.8,797.27,399.45,1.17,161,93910,,,,,,
20050913:0600,2005,09,13,06,11,813.75,161.9,29.83,50.2,780.83,405.85,1.1,183,93910,,,,,,
20050913:0700,2005,09,13,07,12,802.45,154.35,30.52,48.75,747.47,415.3,1.38,209,93780,,,,,,
20050913:0800,2005,09,13,08,13,666.05,138.5,30.88,47.25,625.97,418.4,1.66,191,93780,,,,,,
20050913:0900,2005,09,13,09,14,406.4,150,31.02,47.25,335.77,423.65,1.66,149,93710,,,,,,
20050913:1000,2005,09,13,10,15,361.4,112.05,29.85,52.05,392.68,431,2.41,129,93690,,,,,,
20050913:1100,2005,09,13,11,16,198.5,79.5,29.01,55.4,255.55,422.1,3.45,128,93680,,,,,,
20050913:1200,2005,09,13,12,17,77.45,41.1,27.92,59,136.07,425,3.38,119,93660,,,,,,
20050913:1300,2005,09,13,13,18,1.85,1.8,27.14,62.9,0.94,401.55,2.48,118,93670,,,,,,
20050913:1400,2005,09,13,14,19,0,0,26.11,67.05,0,397.3,2,122,93710,,,,,,
20050913:1500,2005,09,13,15,20,0,0,25.13,73.95,0,390.15,1.72,116,93760,,,,,,
20050913:1600,2005,09,13,16,21,0,0,24.42,76.35,0,387.25,1.72,110,93850,,,,,,
20050913:1700,2005,09,13,17,22,0,0,23.78,84.25,0,384.95,1.52,105,93880,,,,,,
20050913:1800,2005,09,13,18,23,0,0,23.15,84.25,0,382.8,1.38,90,93880,,,,,,
20050913:1900,2005,09,13,19,0,0,0,22.72,87.1,0,380.85,1.45,32,93900,,,,,,
20050913:2000,2005,09,13,20,1,0,0,22.37,87.1,0,380.45,1.52,25,93880,,,,,,
20050913:2100,2005,09,13,21,2,0,0,22.17,90,0,381.45,1.59,25,93860,,,,,,
20050913:2200,2005,09,13,22,3,0,0,22.11,87.05,0,382.8,1.59,35,93860,,,,,,
20050913:2300,2005,09,13,23,4,0,0,22.15,87.05,0,386.85,1.66,44,93850,,,,,,
20050914:0000,2005,09,14,00,5,0,0,22.29,84.25,0,389,1.79,47,93870,,,,,,
20050914:0100,2005,09,14,01,6,35.2,35.2,22.09,84.15,0,382.7,1.72,45,93910,,,,,,
20050914:0200,2005,09,14,02,7,240.2,84.3,23.01,84.25,663.04,384.95,1.1,54,93960,,,,,,
20050914:0300,2005,09,14,03,8,442.5,113.8,26.37,62.8,752.75,388,0.55,111,94010,,,,,,
20050914:0400,2005,09,14,04,9,608.75,136.55,27.57,56.95,773.13,395.75,0.9,166,94040,,,,,,
20050914:0500,2005,09,14,05,10,741.1,141.65,28.52,53.45,804.04,404.3,1.17,178,94040,,,,,,
20050914:0600,2005,09,14,06,11,804.4,149.95,29.42,50.2,786.76,411.45,1.24,190,94020,,,,,,
20050914:0700,2005,09,14,07,12,798.9,150.9,30.18,48.65,750.23,415.1,1.38,282,93930,,,,,,
20050914:0800,2005,09,14,08,13,729,142,30.72,47.15,699.57,416.45,1.1,253,93870,,,,,,
20050914:0900,2005,09,14,09,14,581.7,137.1,31.24,45.7,585.33,423.05,1.52,213,93790,,,,,,
20050914:1000,2005,09,14,10,15,364.85,134.15,30.6,47.15,365.84,423.05,2.55,145,93780,,,,,,
20050914:1100,2005,09,14,11,16,187.6,89.6,29.05,53.55,212.59,424.4,3.93,129,93740,,,,,,
20050914:1200,2005,09,14,12,17,78.8,42.65,28.48,55.3,137.85,424.4,3.31,120,93760,,,,,,
20050914:1300,2005,09,14,13,18,1.45,1.45,27.81,58.9,0,408.9,2.48,120,93790,,,,,,
20050914:1400,2005,09,14,14,19,0,0,26.74,64.95,0,401.55,1.93,127,93850,,,,,,
20050914:1500,2005,09,14,15,20,0,0,25.66,71.6,0,396.55,1.52,119,93890,,,,,,
20050914:1600,2005,09,14,16,21,0,0,24.62,81.65,0,390.35,1.03,103,93950,,,,,,
20050914:1700,2005,09,14,17,22,0,0,24.27,84.35,0,388,0.76,54,93980,,,,,,
20050914:1800,2005,09,14,18,23,0,0,23.58,87.1,0,385.9,1.1,31,93980,,,,,,
20050914:1900,2005,09,14,19,0,0,0,22.86,81.5,0,381.65,1.24,123,94040,,,,,,
20050914:2000,2005,09,14,20,1,0,0,22.44,87.1,0,384.35,1.1,121,94040,,,,,,
20050914:2100,2005,09,14,21,2,0,0,22.16,90,0,384.75,1.1,117,94030,,,,,,
20050914:2200,2005,09,14,22,3,0,0,22.16,90,0,392.3,1.24,103,94020,,,,,,
20050914:2300,2005,09,14,23,4,0,0,21.9,87.05,0,385.9,1.38,84,94000,,,,,,
20050915:0000,2005,09,15,00,5,0,0,21.77,87.05,0,384.75,1.38,64,93990,,,,,,
20050915:0100,2005,09,15,01,6,33.8,33.8,22.07,87.05,0,399.15,1.38,35,94010,,,,,,
20050915:0200,2005,09,15,02,7,217.45,79.7,23.1,78.85,591.69,387.65,1.59,21,94020,,,,,,
20050915:0300,2005,09,15,03,8,414.2,115.9,25.35,66.95,686.86,394.4,1.66,19,94030,,,,,,
20050915:0400,2005,09,15,04,9,608.15,126.95,27.28,58.8,791.13,402.15,1.24,35,94040,,,,,,
20050915:0500,2005,09,15,05,10,737.5,152.05,28.76,51.65,788.17,404.85,1.03,86,94020,,,,,,
20050915:0600,2005,09,15,06,11,646.35,166.05,29.85,45.45,579.52,413.55,1.17,116,93950,,,,,,
20050915:0700,2005,09,15,07,12,768.85,165.45,29.46,51.9,701.33,421.5,1.93,152,93910,,,,,,
20050915:0800,2005,09,15,08,13,701.65,158.9,30.19,48.65,649.72,423.05,3.31,155,93860,,,,,,
20050915:0900,2005,09,15,09,14,624.6,132.1,30.47,47.15,651.91,426.9,3.59,159,93800,,,,,,
20050915:1000,2005,09,15,10,15,445.65,112.15,30.53,45.6,532.6,424,3.79,169,93750,,,,,,
20050915:1100,2005,09,15,11,16,241.65,86.05,30.09,45.45,341.04,420.55,3.52,174,93710,,,,,,
20050915:1200,2005,09,15,12,17,73.45,39.6,29.26,48.4,131.56,414.75,2.9,181,93710,,,,,,
20050915:1300,2005,09,15,13,18,1.1,1.1,28.29,51.55,0,411.65,2,175,93730,,,,,,
20050915:1400,2005,09,15,14,19,0,0,27.08,56.85,0,402.15,1.45,182,93740,,,,,,
20050915:1500,2005,09,15,15,20,0,0,26.57,56.7,0,400.2,0.41,200,93770,,,,,,
20050915:1600,2005,09,15,16,21,0,0,25.56,69.25,0,393.65,0.48,351,93800,,,,,,
20050915:1700,2005,09,15,17,22,0,0,24.47,78.95,0,389.75,0.97,6,93780,,,,,,
20050915:1800,2005,09,15,18,23,0,0,23.89,78.9,0,388.6,1.03,15,93760,,,,,,
20050915:1900,2005,09,15,19,0,0,0,23.93,78.9,0,388.8,0.9,360,93700,,,,,,
20050915:2000,2005,09,15,20,1,0,0,23.33,81.5,0,389.4,1.03,2,93670,,,,,,
20050915:2100,2005,09,15,21,2,0,0,22.95,81.5,0,389.95,1.1,4,93620,,,,,,
20050915:2200,2005,09,15,22,3,0,0,22.77,84.25,0,388,1.31,0,93590,,,,,,
20050915:2300,2005,09,15,23,4,0,0,22.63,81.45,0,385.3,1.59,357,93560,,,,,,
20050916:0000,2005,09,16,00,5,0,0,22.47,81.45,0,386.45,1.72,355,93520,,,,,,
20050916:0100,2005,09,16,01,6,36.05,36.05,22.28,78.75,0,384.25,1.79,353,93530,,,,,,
20050916:0200,2005,09,16,02,7,237.8,86.35,23.33,78.85,657.15,383.95,1.66,348,93540,,,,,,
20050916:0300,2005,09,16,03,8,438.65,110.35,25.93,64.8,760.14,388.4,2.07,328,93530,,,,,,
20050916:0400,2005,09,16,04,9,611.2,128.2,27.72,56.95,797.44,393.65,2.69,314,93560,,,,,,
20050916:0500,2005,09,16,05,10,740.25,139.05,29.12,53.55,812.42,402.9,3.03,308,93550,,,,,,
20050916:0600,2005,09,16,06,11,814.8,142.8,30.3,50.3,813.85,410.65,2.97,301,93490,,,,,,
20050916:0700,2005,09,16,07,12,818.1,143.15,31.81,45.85,787.63,415.9,3.17,291,93350,,,,,,
20050916:0800,2005,09,16,08,13,751.05,138.5,32.52,43.1,736.62,421.1,3.17,276,93290,,,,,,
20050916:0900,2005,09,16,09,14,620.3,128.25,32.91,40.4,654.9,423.85,3.1,269,93210,,,,,,
20050916:1000,2005,09,16,10,15,449.9,112.2,32.99,40.4,543.19,425.2,2.83,264,93160,,,,,,
20050916:1100,2005,09,16,11,16,260.9,86.25,32.75,41.65,386.82,422.65,2.55,260,93120,,,,,,
20050916:1200,2005,09,16,12,17,76,40.2,32.2,44.45,141.87,417.25,2.14,254,93120,,,,,,
20050916:1300,2005,09,16,13,18,0.95,0.95,30.95,48.9,0,409.9,1.59,244,93150,,,,,,
20050916:1400,2005,09,16,14,19,0,0,29.31,61.25,0,404.45,1.24,218,93200,,,,,,
20050916:1500,2005,09,16,15,20,0,0,27.73,74.3,0,401,1.17,196,93270,,,,,,
20050916:1600,2005,09,16,16,21,0,0,27.11,71.85,0,398.85,1.03,192,93340,,,,,,
20050916:1700,2005,09,16,17,22,0,0,27.52,63,0,397.7,0.69,177,93380,,,,,,
20050916:1800,2005,09,16,18,23,0,0,26.83,67.2,0,398.45,0.76,127,93410,,,,,,
20050916:1900,2005,09,16,19,0,0,0,26.03,71.65,0,401,0.97,119,93340,,,,,,
20050916:2000,2005,09,16,20,1,0,0,24.9,79.05,0,396.15,1.31,99,93360,,,,,,
20050916:2100,2005,09,16,21,2,0,0,24.52,78.95,0,400.8,1.66,94,93360,,,,,,
20050916:2200,2005,09,16,22,3,0,0,24.19,78.9,0,404.1,1.86,95,93360,,,,,,
20050916:2300,2005,09,16,23,4,0,0,23.6,81.5,0,408.55,1.93,94,93350,,,,,,
20050917:0000,2005,09,17,00,5,0,0,23.25,84.25,0,403.9,2,93,93380,,,,,,
20050917:0100,2005,09,17,01,6,32,32,23.06,84.25,0,407.85,1.79,100,93390,,,,,,
20050917:0200,2005,09,17,02,7,220.85,88.45,23.7,87.1,580.43,399.25,1.45,114,93420,,,,,,
20050917:0300,2005,09,17,03,8,375.7,128.1,25.38,74,576.54,400.2,1.45,144,93430,,,,,,
20050917:0400,2005,09,17,04,9,561.2,150.05,26.96,67.2,681.73,407.75,1.38,173,93470,,,,,,
20050917:0500,2005,09,17,05,10,660.3,141.15,28.57,61.1,704.24,417.05,1.1,230,93470,,,,,,
20050917:0600,2005,09,17,06,11,683.45,165.5,29.55,57.4,629.67,417.45,1.52,239,93460,,,,,,
20050917:0700,2005,09,17,07,12,613.7,184.8,30.59,52.15,502.54,430.6,1.86,218,93400,,,,,,
20050917:0800,2005,09,17,08,13,663.25,148.5,31.16,48.9,621.88,424.8,2.07,211,93340,,,,,,
20050917:0900,2005,09,17,09,14,577.4,141.35,31.73,47.4,583.62,431.75,2.21,201,93310,,,,,,
20050917:1000,2005,09,17,10,15,345.35,124.65,31.81,47.4,357.59,431.75,2.28,191,93280,,,,,,
20050917:1100,2005,09,17,11,16,184.65,91.6,31.08,48.9,208.3,433.9,1.86,186,93250,,,,,,
20050917:1200,2005,09,17,12,17,52.5,31.35,28.71,57.15,85.5,434.3,0.97,113,93330,,,,,,
20050917:1300,2005,09,17,13,18,0.4,0.4,25,73.95,0,426.9,2.14,89,93440,,,,,,
20050917:1400,2005,09,17,14,19,0,0,24.26,81.55,0,417.85,2.34,113,93480,,,,,,
20050917:1500,2005,09,17,15,20,0,0,24.14,78.9,0,402.75,2.41,122,93500,,,,,,
20050917:1600,2005,09,17,16,21,0,0,23.84,78.9,0,392.45,1.86,111,93560,,,,,,
20050917:1700,2005,09,17,17,22,0,0,23.59,81.5,0,404.3,1.66,77,93610,,,,,,
20050917:1800,2005,09,17,18,23,0,0,22.39,81.45,0,402.95,2.21,46,93640,,,,,,
20050917:1900,2005,09,17,19,0,0,0,23.26,78.85,0,407.75,2.9,98,93570,,,,,,
20050917:2000,2005,09,17,20,1,0,0,22.2,84.15,0,411.25,1.79,102,93640,,,,,,
20050917:2100,2005,09,17,21,2,0,0,21.77,84.15,0,411.45,1.45,83,93730,,,,,,
20050917:2200,2005,09,17,22,3,0,0,21.23,89.95,0,414.15,2.41,66,93740,,,,,,
20050917:2300,2005,09,17,23,4,0,0,21.12,84.05,0,412.4,3.03,70,93660,,,,,,
20050918:0000,2005,09,18,00,5,0,0,21.37,81.35,0,410.85,1.45,83,93660,,,,,,
20050918:0100,2005,09,18,01,6,17.95,17.95,20.76,86.95,0,398.95,1.03,218,93750,,,,,,
20050918:0200,2005,09,18,02,7,78.55,72.75,20.49,89.9,25.69,395.75,1.17,203,93860,,,,,,
20050918:0300,2005,09,18,03,8,315.4,137.95,21.07,86.95,415.57,409.5,0.62,118,93890,,,,,,
20050918:0400,2005,09,18,04,9,489.5,179.4,22.47,76.15,516.43,394.4,0.41,36,93960,,,,,,
20050918:0500,2005,09,18,05,10,548.85,298.4,23.95,73.75,341.07,390.55,0.48,321,93970,,,,,,
20050918:0600,2005,09,18,06,11,459.7,237.25,25.49,69.25,271.48,409.7,0.69,300,93950,,,,,,
20050918:0700,2005,09,18,07,12,471.5,295.95,26.81,67.15,206.54,420.75,1.72,183,93900,,,,,,
20050918:0800,2005,09,18,08,13,447.5,270.8,27.28,65,214.48,434.1,1.52,173,93850,,,,,,
20050918:0900,2005,09,18,09,14,356.2,208.35,27.55,65.1,199.01,429.85,1.66,163,93810,,,,,,
20050918:1000,2005,09,18,10,15,273.75,129.6,27.31,67.2,235.29,428.45,2,163,93780,,,,,,
20050918:1100,2005,09,18,11,16,156.55,73.05,27.13,67.2,188.95,419.4,2,162,93780,,,,,,
20050918:1200,2005,09,18,12,17,48.15,31.95,25.87,71.65,66.84,418.2,1.72,148,93800,,,,,,
20050918:1300,2005,09,18,13,18,0.35,0.35,24.95,76.45,0,413.75,1.31,119,93840,,,,,,
20050918:1400,2005,09,18,14,19,0,0,24.24,81.55,0,401,1.1,106,93850,,,,,,
20050918:1500,2005,09,18,15,20,0,0,23.63,87.1,0,392.1,0.97,92,93930,,,,,,
20050918:1600,2005,09,18,16,21,0,0,23.14,87.1,0,392.1,1.03,93,93980,,,,,,
20050918:1700,2005,09,18,17,22,0,0,22.67,90.05,0,387.45,0.9,82,94020,,,,,,
20050918:1800,2005,09,18,18,23,0,0,22.38,93.05,0,392.1,0.69,58,94050,,,,,,
20050918:1900,2005,09,18,19,0,0,0,22.4,93.05,0,386.65,1.1,75,94020,,,,,,
20050918:2000,2005,09,18,20,1,0,0,22.13,96.15,0,387.65,1.03,68,94020,,,,,,
20050918:2100,2005,09,18,21,2,0,0,21.96,93.05,0,389,1.1,48,93990,,,,,,
20050918:2200,2005,09,18,22,3,0,0,21.71,96.15,0,388.6,0.97,29,93990,,,,,,
20050918:2300,2005,09,18,23,4,0,0,21.48,96.15,0,387.25,0.97,353,93980,,,,,,
20050919:0000,2005,09,19,00,5,0,0,21.51,96.15,0,390.15,1.31,2,93960,,,,,,
20050919:0100,2005,09,19,01,6,34.45,34.45,21.61,96.15,0,388.15,1.52,357,93970,,,,,,
20050919:0200,2005,09,19,02,7,218.15,79.5,22.54,90.05,620.83,379.5,1.45,342,93990,,,,,,
20050919:0300,2005,09,19,03,8,432.3,111.55,24.36,81.65,755.57,379.7,1.93,324,94030,,,,,,
20050919:0400,2005,09,19,04,9,591.35,126.55,25.95,74.1,777.51,385.3,2.34,319,94030,,,,,,
20050919:0500,2005,09,19,05,10,735.55,137.3,27.28,67.2,817.96,394.2,2.83,314,94040,,,,,,
20050919:0600,2005,09,19,06,11,785.4,140.85,28.37,61.1,789.72,395.75,2.97,309,94000,,,,,,
20050919:0700,2005,09,19,07,12,804.6,141.95,29.4,57.4,782.93,403.1,2.69,306,93920,,,,,,
20050919:0800,2005,09,19,08,13,737.45,150.2,30.08,53.8,716.22,404.65,2.48,301,93850,,,,,,
20050919:0900,2005,09,19,09,14,615.45,126.15,30.42,50.45,662.43,404.3,2.41,298,93760,,,,,,
20050919:1000,2005,09,19,10,15,426.8,109.75,30.52,50.45,521.41,403.7,2.34,296,93690,,,,,,
20050919:1100,2005,09,19,11,16,244.7,88,30.16,50.3,358.52,401,2.14,297,93630,,,,,,
20050919:1200,2005,09,19,12,17,68.85,38.45,29.49,53.7,128.08,396.55,2,298,93620,,,,,,
20050919:1300,2005,09,19,13,18,0.3,0.3,28.12,63.1,0,397.9,1.52,312,93610,,,,,,
20050919:1400,2005,09,19,14,19,0,0,26.19,74.1,0,382.2,1.38,353,93630,,,,,,
20050919:1500,2005,09,19,15,20,0,0,25.02,76.45,0,377.4,1.66,23,93640,,,,,,
20050919:1600,2005,09,19,16,21,0,0,23.92,81.55,0,373.1,1.79,38,93660,,,,,,
20050919:1700,2005,09,19,17,22,0,0,22.92,81.5,0,369.85,1.72,38,93670,,,,,,
20050919:1800,2005,09,19,18,23,0,0,22.22,87.05,0,368.45,1.66,36,93680,,,,,,
20050919:1900,2005,09,19,19,0,0,0,21.69,87,0,361.3,1.66,37,93610,,,,,,
20050919:2000,2005,09,19,20,1,0,0,21.41,87,0,361.1,1.79,31,93580,,,,,,
20050919:2100,2005,09,19,21,2,0,0,21.17,86.95,0,360.95,1.79,27,93560,,,,,,
20050919:2200,2005,09,19,22,3,0,0,20.83,84.05,0,359.95,1.72,21,93520,,,,,,
20050919:2300,2005,09,19,23,4,0,0,20.48,86.9,0,359.4,1.59,20,93530,,,,,,
20050920:0000,2005,09,20,00,5,0,0,20.18,86.85,0,358.2,1.52,24,93530,,,,,,
20050920:0100,2005,09,20,01,6,33.5,33.5,19.93,86.85,0,357.35,1.52,28,93550,,,,,,
20050920:0200,2005,09,20,02,7,241.75,81.8,21.04,86.95,724.06,357.45,1.1,32,93610,,,,,,
20050920:0300,2005,09,20,03,8,442.35,108.5,25.59,64.7,791.13,362.1,0.76,358,93630,,,,,,
20050920:0400,2005,09,20,04,9,617.8,125.7,27.76,55.05,826.92,371.2,1.17,314,93670,,,,,,
20050920:0500,2005,09,20,05,10,745.85,136.4,29.12,51.8,836.66,379.7,1.59,302,93680,,,,,,
20050920:0600,2005,09,20,06,11,816.2,141.05,30.23,47,830.54,386.45,1.86,293,93670,,,,,,
20050920:0700,2005,09,20,07,12,817.1,140.65,31.18,45.7,802.66,392.85,1.86,286,93590,,,,,,
20050920:0800,2005,09,20,08,13,738.4,138.1,31.77,42.85,735.7,396.35,1.59,270,93540,,,,,,
20050920:0900,2005,09,20,09,14,619,128,32.09,41.55,668.63,402.15,1.38,256,93500,,,,,,
20050920:1000,2005,09,20,10,15,446.7,111.9,32.19,40.15,554.81,399.05,1.17,243,93460,,,,,,
20050920:1100,2005,09,20,11,16,249.15,87.2,31.97,40.15,374.69,396.35,0.76,251,93430,,,,,,
20050920:1200,2005,09,20,12,17,68.5,36.25,31.39,42.85,138.82,396.95,0.48,270,93430,,,,,,
20050920:1300,2005,09,20,13,18,0.15,0.15,29.9,50.3,0,387.25,0.48,357,93430,,,,,,
20050920:1400,2005,09,20,14,19,0,0,27.13,71.85,0,377.75,1.38,39,93450,,,,,,
20050920:1500,2005,09,20,15,20,0,0,25.93,67.05,0,370.8,2.07,50,93470,,,,,,
20050920:1600,2005,09,20,16,21,0,0,24.49,71.4,0,364.2,2.21,50,93490,,,,,,
20050920:1700,2005,09,20,17,22,0,0,23.19,76.2,0,359.55,2.21,42,93500,,,,,,
20050920:1800,2005,09,20,18,23,0,0,22.21,78.7,0,357.45,2.07,40,93510,,,,,,
20050920:1900,2005,09,20,19,0,0,0,21.65,81.35,0,355.3,1.86,52,93470,,,,,,
20050920:2000,2005,09,20,20,1,0,0,21.18,84.05,0,354.95,1.72,55,93490,,,,,,
20050920:2100,2005,09,20,21,2,0,0,20.87,84.05,0,356.3,1.72,59,93470,,,,,,
20050920:2200,2005,09,20,22,3,0,0,20.63,84.05,0,357.05,1.79,60,93500,,,,,,
20050920:2300,2005,09,20,23,4,0,0,20.35,84.05,0,359,1.79,60,93500,,,,,,
20050921:0000,2005,09,21,00,5,0,0,20.11,86.85,0,359,1.86,62,93510,,,,,,
20050921:0100,2005,09,21,01,6,33.1,33.1,19.85,83.95,0,358.35,1.86,65,93570,,,,,,
20050921:0200,2005,09,21,02,7,240.6,81.35,20.81,86.95,728.95,359.4,1.31,67,93620,,,,,,
20050921:0300,2005,09,21,03,8,441.75,108.15,25.97,64.8,795.35,365.2,0.76,92,93690,,,,,,
20050921:0400,2005,09,21,04,9,616.75,125.3,28.57,49.95,829.65,376,0.34,150,93750,,,,,,
20050921:0500,2005,09,21,05,10,748.15,135.6,29.96,47,844.4,385.1,0.48,243,93780,,,,,,
20050921:0600,2005,09,21,06,11,816.4,138.9,31,44.2,836.85,392.3,1.03,261,93760,,,,,,
20050921:0700,2005,09,21,07,12,796.55,144.15,32.08,41.55,777.5,402.55,1.24,204,93760,,,,,,
20050921:0800,2005,09,21,08,13,731.6,145.85,32.55,38.95,721.41,406,1.03,217,93690,,,,,,
20050921:0900,2005,09,21,09,14,579.2,128.55,32.82,36.35,617.34,406,0.97,230,93640,,,,,,
20050921:1000,2005,09,21,10,15,426.65,113.25,32.72,35.15,523.37,402.9,1.1,267,93580,,,,,,
20050921:1100,2005,09,21,11,16,212.6,85.55,32.29,37.5,297.3,402.9,1.24,290,93590,,,,,,
20050921:1200,2005,09,21,12,17,56.4,35.6,31.14,44.2,91.52,401.55,2.14,312,93570,,,,,,
20050921:1300,2005,09,21,13,18,0.05,0.05,29.14,53.55,0,401,2.14,327,93620,,,,,,
20050921:1400,2005,09,21,14,19,0,0,27.01,65,0,389.4,1.59,11,93630,,,,,,
20050921:1500,2005,09,21,15,20,0,0,25.62,71.6,0,379.3,1.72,34,93680,,,,,,
20050921:1600,2005,09,21,16,21,0,0,24.37,76.35,0,376,1.66,20,93710,,,,,,
20050921:1700,2005,09,21,17,22,0,0,23.42,78.85,0,369.85,1.79,20,93740,,,,,,
20050921:1800,2005,09,21,18,23,0,0,22.81,78.85,0,370,1.86,26,93750,,,,,,
20050921:1900,2005,09,21,19,0,0,0,22.5,81.45,0,368.5,1.72,48,93720,,,,,,
20050921:2000,2005,09,21,20,1,0,0,21.96,84.15,0,367.1,1.72,50,93730,,,,,,
20050921:2100,2005,09,21,21,2,0,0,21.54,84.1,0,366.15,1.79,53,93720,,,,,,
20050921:2200,2005,09,21,22,3,0,0,21.15,86.95,0,366.35,1.79,51,93700,,,,,,
20050921:2300,2005,09,21,23,4,0,0,20.85,84.05,0,367.5,1.79,51,93710,,,,,,
20050922:0000,2005,09,22,00,5,0,0,20.56,86.9,0,366.95,1.79,53,93690,,,,,,
20050922:0100,2005,09,22,01,6,31.6,31.6,20.34,86.9,0,367.05,1.72,55,93740,,,,,,
20050922:0200,2005,09,22,02,7,234.05,80,21.33,87,713.19,367.9,1.24,56,93780,,,,,,
20050922:0300,2005,09,22,03,8,431,106.85,26.49,60.7,777.6,375.05,0.76,83,93870,,,,,,
20050922:0400,2005,09,22,04,9,597.95,122.3,28.8,48.25,806.77,384.95,0.97,147,93900,,,,,,
20050922:0500,2005,09,22,05,10,734.9,131.6,29.98,45.45,835.16,396.15,1.17,173,93930,,,,,,
20050922:0600,2005,09,22,06,11,775.55,171.4,30.78,45.6,749.36,402.9,1.38,176,93920,,,,,,
20050922:0700,2005,09,22,07,12,751.25,170,31.05,44.2,695.78,414.75,1.79,174,93850,,,,,,
20050922:0800,2005,09,22,08,13,640.75,183.6,31.31,44.2,565.86,420.55,1.79,162,93830,,,,,,
20050922:0900,2005,09,22,09,14,561.5,141.05,30.62,45.6,579.45,424.6,0.69,218,93760,,,,,,
20050922:1000,2005,09,22,10,15,379.95,121,29.82,50.2,435.84,416.85,1.1,30,93700,,,,,,
20050922:1100,2005,09,22,11,16,184.5,85.25,29.97,47,234.94,417.65,1.52,49,93640,,,,,,
20050922:1200,2005,09,22,12,17,40.85,27.9,29.72,48.5,58.27,411.85,0.48,331,93640,,,,,,
20050922:1300,2005,09,22,13,18,0,0,28.26,57.05,0,410.1,1.79,257,93710,,,,,,
20050922:1400,2005,09,22,14,19,0,0,26.75,71.75,0,403.5,0.83,273,93710,,,,,,
20050922:1500,2005,09,22,15,20,0,0,25.76,76.5,0,388.8,0.76,78,93730,,,,,,
20050922:1600,2005,09,22,16,21,0,0,24.54,81.65,0,383.4,0.97,77,93770,,,,,,
20050922:1700,2005,09,22,17,22,0,0,23.92,81.55,0,379.3,0.97,45,93770,,,,,,
20050922:1800,2005,09,22,18,23,0,0,23.14,84.25,0,377.55,1.17,41,93780,,,,,,
20050922:1900,2005,09,22,19,0,0,0,22.34,87.1,0,380.1,1.24,95,93850,,,,,,
20050922:2000,2005,09,22,20,1,0,0,22.17,90,0,384.15,1.24,91,93870,,,,,,
20050922:2100,2005,09,22,21,2,0,0,21.98,90,0,383,1.24,80,93830,,,,,,
20050922:2200,2005,09,22,22,3,0,0,21.94,90,0,391.3,1.03,49,93850,,,,,,
20050922:2300,2005,09,22,23,4,0,0,21.41,89.95,0,389,0.9,69,93800,,,,,,
20050923:0000,2005,09,23,00,5,0,0,21.19,93,0,392.85,1.03,70,93810,,,,,,
20050923:0100,2005,09,23,01,6,0,0,20.97,93,0,390.25,1.03,62,93860,,,,,,
20050923:0200,2005,09,23,02,7,216.4,88.15,22.09,87.05,600.67,392.85,0.9,70,93860,,,,,,
20050923:0300,2005,09,23,03,8,394.45,124.9,23.81,81.55,650.7,383.55,0.48,352,93900,,,,,,
20050923:0400,2005,09,23,04,9,567.5,161.8,25.33,76.5,691.43,392.65,0.83,302,93930,,,,,,
20050923:0500,2005,09,23,05,10,698.3,153.85,26.78,69.4,756.93,396.75,1.31,300,93910,,,,,,
20050923:0600,2005,09,23,06,11,595.7,302.35,27.82,63,365.4,404.65,1.52,287,93900,,,,,,
20050923:0700,2005,09,23,07,12,709.45,214.15,28.17,63.1,595.57,417.05,1.52,261,93890,,,,,,
20050923:0800,2005,09,23,08,13,671.05,193.25,29.02,59.2,594.43,417.65,1.38,285,93780,,,,,,
20050923:0900,2005,09,23,09,14,549.95,140.9,29.53,55.5,567.19,416.65,1.59,283,93720,,,,,,
20050923:1000,2005,09,23,10,15,356.55,142.85,29.56,53.7,362.55,412,1.59,288,93650,,,,,,
20050923:1100,2005,09,23,11,16,214.5,91.4,29.3,53.55,294.83,412.6,1.79,296,93560,,,,,,
20050923:1200,2005,09,23,12,17,52.4,30.3,28.93,53.55,101.76,402.15,2.14,310,93540,,,,,,
20050923:1300,2005,09,23,13,18,0,0,27.52,58.9,0,399.85,2.76,310,93540,,,,,,
20050923:1400,2005,09,23,14,19,0,0,26.07,64.8,0,395.4,2.14,321,93570,,,,,,
20050923:1500,2005,09,23,15,20,0,0,24.8,71.5,0,381.85,1.66,337,93580,,,,,,
20050923:1600,2005,09,23,16,21,0,0,23.73,78.85,0,371.4,1.72,347,93590,,,,,,
20050923:1700,2005,09,23,17,22,0,0,22.81,78.85,0,367.5,1.59,350,93590,,,,,,
20050923:1800,2005,09,23,18,23,0,0,22.1,84.15,0,365,1.52,353,93600,,,,,,
20050923:1900,2005,09,23,19,0,0,0,21.61,87,0,365,1.45,38,93570,,,,,,
20050923:2000,2005,09,23,20,1,0,0,21.24,89.95,0,365.2,1.52,35,93560,,,,,,
20050923:2100,2005,09,23,21,2,0,0,21.03,86.95,0,364.6,1.72,32,93550,,,,,,
20050923:2200,2005,09,23,22,3,0,0,20.91,84.05,0,363.45,1.79,28,93520,,,,,,
20050923:2300,2005,09,23,23,4,0,0,20.68,86.9,0,362.3,1.79,31,93480,,,,,,
20050924:0000,2005,09,24,00,5,0,0,20.3,84.05,0,360.35,1.72,38,93500,,,,,,
20050924:0100,2005,09,24,01,6,0,0,19.88,86.85,0,359.1,1.72,44,93510,,,,,,
20050924:0200,2005,09,24,02,7,232.4,78.8,20.61,86.9,727.96,359,1.1,49,93540,,,,,,
20050924:0300,2005,09,24,03,8,430.35,105.75,25.4,60.45,788.64,363.85,0.34,27,93570,,,,,,
20050924:0400,2005,09,24,04,9,603.65,122.85,27.62,51.45,823.44,374.65,0.9,293,93620,,,,,,
20050924:0500,2005,09,24,05,10,729.9,133.15,28.97,46.75,833.27,383.4,1.79,290,93640,,,,,,
20050924:0600,2005,09,24,06,11,803.4,135.65,29.97,42.45,835.35,390.55,2.21,287,93620,,,,,,
20050924:0700,2005,09,24,07,12,800.75,142.25,30.7,41.15,795.44,389.4,2.83,288,93440,,,,,,
20050924:0800,2005,09,24,08,13,732,131.65,31.25,38.55,750.75,394.2,2.62,284,93380,,,,,,
20050924:0900,2005,09,24,09,14,611.55,120.05,31.59,36.1,685.74,396.15,2.48,284,93320,,,,,,
20050924:1000,2005,09,24,10,15,417.85,108.65,31.74,36.1,528.8,394.8,2.41,287,93270,,,,,,
20050924:1100,2005,09,24,11,16,213.85,78.3,31.36,36.1,328.52,394.2,1.72,287,93270,,,,,,
20050924:1200,2005,09,24,12,17,52.75,29.9,30.71,38.4,107.72,393.45,0.69,289,93280,,,,,,
20050924:1300,2005,09,24,13,18,0,0,29.23,48.4,0,389.4,0.41,41,93270,,,,,,
20050924:1400,2005,09,24,14,19,0,0,27.09,56.85,0,376.4,1.52,56,93340,,,,,,
20050924:1500,2005,09,24,15,20,0,0,25.38,60.45,0,371.75,2,61,93370,,,,,,
20050924:1600,2005,09,24,16,21,0,0,23.94,66.65,0,367.5,2,68,93400,,,,,,
20050924:1700,2005,09,24,17,22,0,0,22.87,66.55,0,364.6,1.93,71,93410,,,,,,
20050924:1800,2005,09,24,18,23,0,0,22.12,71.05,0,362.65,1.86,67,93430,,,,,,
20050924:1900,2005,09,24,19,0,0,0,22.45,66.45,0,375.85,2.21,84,93470,,,,,,
20050924:2000,2005,09,24,20,1,0,0,22.28,66.45,0,377,2.21,83,93490,,,,,,
20050924:2100,2005,09,24,21,2,0,0,22.1,68.7,0,374.65,2.28,74,93440,,,,,,
20050924:2200,2005,09,24,22,3,0,0,22,66.35,0,378.55,2.48,70,93410,,,,,,
20050924:2300,2005,09,24,23,4,0,0,21.55,68.6,0,373.3,2.28,64,93380,,,,,,
20050925:0000,2005,09,25,00,5,0,0,20.94,70.9,0,369.65,2,59,93350,,,,,,
20050925:0100,2005,09,25,01,6,0,0,20.29,75.85,0,367.4,1.72,51,93370,,,,,,
20050925:0200,2005,09,25,02,7,228.8,78.7,20.73,84.05,720.02,362.45,1.1,36,93370,,,,,,
20050925:0300,2005,09,25,03,8,426.9,105.35,25.36,56.5,786.34,367.3,0.9,326,93410,,,,,,
20050925:0400,2005,09,25,04,9,599.8,122.8,27.23,49.55,821,376.6,2,298,93420,,,,,,
20050925:0500,2005,09,25,05,10,727.25,132.6,28.47,45.05,834.04,384.15,3.03,304,93430,,,,,,
20050925:0600,2005,09,25,06,11,769.9,153,29.4,43.8,775.13,390.35,3.38,302,93380,,,,,,
20050925:0700,2005,09,25,07,12,772.85,153.9,30.02,45.45,751.14,404.3,2.62,291,93460,,,,,,
20050925:0800,2005,09,25,08,13,694.6,136.2,30.68,42.6,701.95,406.2,2.41,292,93410,,,,,,
20050925:0900,2005,09,25,09,14,595.95,121.7,31,39.9,665.84,403.9,2.07,297,93370,,,,,,
20050925:1000,2005,09,25,10,15,373.3,112.25,31.2,37.25,450.1,403.3,1.79,293,93340,,,,,,
20050925:1100,2005,09,25,11,16,227.65,78.3,30.83,38.4,366.34,400.4,1.45,297,93290,,,,,,
20050925:1200,2005,09,25,12,17,45.5,27.2,30.2,39.65,88.37,393.05,1.03,320,93300,,,,,,
20050925:1300,2005,09,25,13,18,0,0,28.82,46.65,0,387.85,0.97,14,93290,,,,,,
20050925:1400,2005,09,25,14,19,0,0,27.08,53.1,0,386.45,1.86,51,93340,,,,,,
20050925:1500,2005,09,25,15,20,0,0,25.56,56.5,0,376.6,2.21,61,93400,,,,,,
20050925:1600,2005,09,25,16,21,0,0,24.32,60.25,0,369.65,2.21,68,93430,,,,,,
20050925:1700,2005,09,25,17,22,0,0,23.54,64.3,0,375.05,2.21,74,93440,,,,,,
20050925:1800,2005,09,25,18,23,0,0,22.86,66.55,0,368.85,2.28,79,93440,,,,,,
20050925:1900,2005,09,25,19,0,0,0,22.71,68.75,0,377,2.34,80,93440,,,,,,
20050925:2000,2005,09,25,20,1,0,0,22.59,68.75,0,378.35,2.34,78,93430,,,,,,
20050925:2100,2005,09,25,21,2,0,0,22.22,71.05,0,371,2.41,75,93420,,,,,,
20050925:2200,2005,09,25,22,3,0,0,21.77,68.7,0,370,2.28,74,93390,,,,,,
20050925:2300,2005,09,25,23,4,0,0,21.41,71,0,371.4,2.07,71,93380,,,,,,
20050926:0000,2005,09,26,00,5,0,0,20.98,73.35,0,368.1,2,70,93390,,,,,,
20050926:0100,2005,09,26,01,6,0,0,20.6,75.85,0,365.85,1.86,68,93410,,,,,,
20050926:0200,2005,09,26,02,7,226.6,77.95,21.24,81.3,721.93,366.15,1.24,66,93480,,,,,,
20050926:0300,2005,09,26,03,8,421.4,107.35,25.44,58.45,773.13,371.55,0.69,90,93520,,,,,,
20050926:0400,2005,09,26,04,9,596.8,122.15,27.03,54.95,821.11,382.8,0.07,329,93560,,,,,,
20050926:0500,2005,09,26,05,10,723.6,132.2,28.46,49.95,833.24,389.2,0.97,310,93600,,,,,,
20050926:0600,2005,09,26,06,11,791.05,137.9,29.61,45.35,824.35,396.55,1.52,305,93560,,,,,,
20050926:0700,2005,09,26,07,12,742.65,187.45,30.01,42.45,676.96,398.85,1.66,295,93540,,,,,,
20050926:0800,2005,09,26,08,13,664.45,174.15,30.62,39.75,619.62,403.1,0,0,93480,,,,,,
20050926:0900,2005,09,26,09,14,541.75,139.6,30.95,37.25,568.21,401,0,0,93440,,,,,,
20050926:1000,2005,09,26,10,15,404.15,108.55,31.01,35.95,513.89,401.55,1.72,265,93380,,,,,,
20050926:1100,2005,09,26,11,16,201.8,70.45,30.76,35.85,326.15,392.65,1.38,281,93360,,,,,,
20050926:1200,2005,09,26,12,17,41,21.85,30.16,38.3,94.79,397.5,0.69,308,93360,,,,,,
20050926:1300,2005,09,26,13,18,0,0,28.72,43.55,0,389.75,0.55,134,93380,,,,,,
20050926:1400,2005,09,26,14,19,0,0,27.01,49.55,0,384.75,1.38,135,93430,,,,,,
20050926:1500,2005,09,26,15,20,0,0,25.61,58.45,0,381.85,1.66,128,93500,,,,,,
20050926:1600,2005,09,26,16,21,0,0,24.34,64.5,0,368.65,1.79,107,93540,,,,,,
20050926:1700,2005,09,26,17,22,0,0,23.35,68.85,0,364.8,2,85,93560,,,,,,
20050926:1800,2005,09,26,18,23,0,0,22.65,71.15,0,366.55,2.07,78,93560,,,,,,
20050926:1900,2005,09,26,19,0,0,0,22.63,71.15,0,375.85,2.28,75,93590,,,,,,
20050926:2000,2005,09,26,20,1,0,0,22.3,68.75,0,374.3,2.21,73,93600,,,,,,
20050926:2100,2005,09,26,21,2,0,0,22.18,71.05,0,386.1,1.93,75,93570,,,,,,
20050926:2200,2005,09,26,22,3,0,0,21.74,73.45,0,373.9,2,71,93540,,,,,,
20050926:2300,2005,09,26,23,4,0,0,21.67,71,0,380.65,2.14,70,93550,,,,,,
20050927:0000,2005,09,27,00,5,0,0,21.31,71,0,376.8,1.93,66,93580,,,,,,
20050927:0100,2005,09,27,01,6,0,0,20.76,70.9,0,369.75,1.79,60,93620,,,,,,
20050927:0200,2005,09,27,02,7,220.35,76.45,21.33,73.45,707.75,366.95,1.52,60,93730,,,,,,
20050927:0300,2005,09,27,03,8,406.05,106.15,25.21,56.35,743.32,373.5,1.45,66,93780,,,,,,
20050927:0400,2005,09,27,04,9,565.3,136.2,27.01,49.55,746.15,383.4,0.76,65,93870,,,,,,
20050927:0500,2005,09,27,05,10,700.7,138.2,28.18,49.8,796.18,397.1,0,41,93900,,,,,,
20050927:0600,2005,09,27,06,11,761.8,167.55,29.26,46.75,753.41,397.7,0.34,258,93900,,,,,,
20050927:0700,2005,09,27,07,12,747.5,155.8,30.2,41,724.93,398.85,1.17,290,93870,,,,,,
20050927:0800,2005,09,27,08,13,685.5,158.75,30.75,38.4,669.27,408.35,1.31,270,93810,,,,,,
20050927:0900,2005,09,27,09,14,557.7,152.95,31.15,37.25,575.57,404.3,1.52,260,93770,,,,,,
20050927:1000,2005,09,27,10,15,404.2,110.7,31.22,35.95,514.51,397.7,1.38,264,93700,,,,,,
20050927:1100,2005,09,27,11,16,182.55,72.9,31.03,34.75,275.65,395.75,0.9,267,93680,,,,,,
20050927:1200,2005,09,27,12,17,39.25,23.4,30.26,36.95,80.46,400.2,0.34,282,93670,,,,,,
20050927:1300,2005,09,27,13,18,0,0,28.96,42.2,0,390.55,0.69,212,93730,,,,,,
20050927:1400,2005,09,27,14,19,0,0,27.43,46.4,0,397.7,1.17,180,93780,,,,,,
20050927:1500,2005,09,27,15,20,0,0,26.03,62.65,0,391.3,0.97,154,93790,,,,,,
20050927:1600,2005,09,27,16,21,0,0,25.35,60.45,0,373.9,0.69,142,93860,,,,,,
20050927:1700,2005,09,27,17,22,0,0,25.49,52.75,0,370.2,0.48,106,93860,,,,,,
20050927:1800,2005,09,27,18,23,0,0,23.58,68.85,0,367.7,1.17,36,93840,,,,,,
20050927:1900,2005,09,27,19,0,0,0,22.5,68.75,0,362.65,1.66,18,93820,,,,,,
20050927:2000,2005,09,27,20,1,0,0,21.86,66.35,0,359.95,1.79,22,93790,,,,,,
20050927:2100,2005,09,27,21,2,0,0,21.26,70.9,0,360.55,1.72,25,93770,,,,,,
20050927:2200,2005,09,27,22,3,0,0,20.74,70.8,0,358,1.66,26,93740,,,,,,
20050927:2300,2005,09,27,23,4,0,0,20.32,70.8,0,358.2,1.66,29,93760,,,,,,
20050928:0000,2005,09,28,00,5,0,0,19.99,73.2,0,356.5,1.72,35,93780,,,,,,
20050928:0100,2005,09,28,01,6,0,0,19.67,73.15,0,355.05,1.79,40,93810,,,,,,
20050928:0200,2005,09,28,02,7,225.35,77.15,20.2,73.2,738.37,354.15,1.31,43,93880,,,,,,
20050928:0300,2005,09,28,03,8,419.15,105.3,25.31,50.95,783.29,358.2,0.83,24,93920,,,,,,
20050928:0400,2005,09,28,04,9,596.7,120.4,28.01,37.75,832.59,368.3,1.1,330,93980,,,,,,
20050928:0500,2005,09,28,05,10,722.15,129.65,29.39,36.85,842.58,377.4,1.66,307,94000,,,,,,
20050928:0600,2005,09,28,06,11,737.9,150.15,30.36,35.85,748.61,386.65,2,293,93980,,,,,,
20050928:0700,2005,09,28,07,12,701.3,227.75,30.69,37.1,583,396.95,1.66,280,93960,,,,,,
20050928:0800,2005,09,28,08,13,678.9,170.3,31.12,35.95,649.74,407.55,2,278,93880,,,,,,
20050928:0900,2005,09,28,09,14,541,150,31.35,34.75,559.64,400,2.21,282,93820,,,,,,
20050928:1000,2005,09,28,10,15,350.9,129.05,31.3,34.75,392.2,404.3,2.07,297,93760,,,,,,
20050928:1100,2005,09,28,11,16,131,76.95,30.32,34.5,137.59,406.6,1.72,305,93710,,,,,,
20050928:1200,2005,09,28,12,17,34.3,25.7,29.44,38.15,44.8,401,2,273,93720,,,,,,
20050928:1300,2005,09,28,13,18,0,0,27.86,44.95,0,388.8,1.72,279,93730,,,,,,
20050928:1400,2005,09,28,14,19,0,0,26.68,51.2,0,377.75,0.69,334,93760,,,,,,
20050928:1500,2005,09,28,15,20,0,0,25.2,58.35,0,364.8,1.24,7,93780,,,,,,
20050928:1600,2005,09,28,16,21,0,0,23.85,62.25,0,358.6,1.66,22,93810,,,,,,
20050928:1700,2005,09,28,17,22,0,0,22.75,66.45,0,355.9,1.72,21,93830,,,,,,
20050928:1800,2005,09,28,18,23,0,0,21.71,71,0,354.95,1.59,18,93800,,,,,,
20050928:1900,2005,09,28,19,0,0,0,21.74,68.6,0,354.75,1.38,16,93740,,,,,,
20050928:2000,2005,09,28,20,1,0,0,21.17,70.9,0,353.55,1.38,20,93740,,,,,,
20050928:2100,2005,09,28,21,2,0,0,20.4,73.3,0,352,1.52,25,93680,,,,,,
20050928:2200,2005,09,28,22,3,0,0,19.93,73.2,0,350.5,1.66,30,93650,,,,,,
20050928:2300,2005,09,28,23,4,0,0,19.54,75.7,0,348.75,1.72,33,93650,,,,,,
20050929:0000,2005,09,29,00,5,0,0,19.17,75.65,0,346.6,1.79,35,93650,,,,,,
20050929:0100,2005,09,29,01,6,0,0,18.81,75.65,0,344.8,1.86,35,93690,,,,,,
20050929:0200,2005,09,29,02,7,225.45,76.6,19.51,75.7,751.48,344.1,1.38,34,93730,,,,,,
20050929:0300,2005,09,29,03,8,425.75,103.1,24.67,56.25,810.94,349.3,0.83,9,93780,,,,,,
20050929:0400,2005,09,29,04,9,600.25,119.9,27.74,37.6,844.17,359.4,1.24,325,93830,,,,,,
20050929:0500,2005,09,29,05,10,728.15,129.1,29.32,34.2,855.97,368.65,1.79,309,93850,,,,,,
20050929:0600,2005,09,29,06,11,792.6,134.3,30.5,31.15,842.4,375.85,2.21,300,93830,,,,,,
20050929:0700,2005,09,29,07,12,792.75,133.95,31.38,28.25,815.07,382,2.48,302,93770,,,,,,
20050929:0800,2005,09,29,08,13,716.5,147.55,31.97,26.45,730.85,384.35,2.55,299,93700,,,,,,
20050929:0900,2005,09,29,09,14,589.65,117.3,32.26,25.5,680.54,384.55,2.48,296,93640,,,,,,
20050929:1000,2005,09,29,10,15,416.85,100.95,32.18,24.6,563.24,382.4,2.28,292,93580,,,,,,
20050929:1100,2005,09,29,11,16,216.05,74.05,31.83,24.5,366.09,378.15,2,293,93560,,,,,,
20050929:1200,2005,09,29,12,17,43.15,24.7,30.87,27.15,98.7,372.55,1.66,299,93550,,,,,,
20050929:1300,2005,09,29,13,18,0,0,29.17,33.05,0,365.75,1.45,325,93580,,,,,,
20050929:1400,2005,09,29,14,19,0,0,27.26,40.25,0,359.2,1.31,18,93620,,,,,,
20050929:1500,2005,09,29,15,20,0,0,25.56,42.75,0,354.55,1.86,43,93660,,,,,,
20050929:1600,2005,09,29,16,21,0,0,24.1,45.5,0,351.45,2.21,45,93720,,,,,,
20050929:1700,2005,09,29,17,22,0,0,22.82,47,0,350.3,2.21,47,93710,,,,,,
20050929:1800,2005,09,29,18,23,0,0,21.86,52,0,348.95,0,0,93700,,,,,,
20050929:1900,2005,09,29,19,0,0,0,21.04,57.55,0,346.2,0,0,93700,,,,,,
20050929:2000,2005,09,29,20,1,0,0,20.41,61.6,0,346.4,1.93,51,93680,,,,,,
20050929:2100,2005,09,29,21,2,0,0,19.97,63.7,0,346.6,1.93,51,93690,,,,,,
20050929:2200,2005,09,29,22,3,0,0,19.62,63.6,0,347.2,2,52,93670,,,,,,
20050929:2300,2005,09,29,23,4,0,0,19.41,63.6,0,351.85,2,52,93690,,,,,,
20050930:0000,2005,09,30,00,5,0,0,19.11,65.75,0,346.2,2.14,53,93710,,,,,,
20050930:0100,2005,09,30,01,6,0,0,18.78,63.5,0,344.95,2.14,53,93760,,,,,,
20050930:0200,2005,09,30,02,7,224.65,75.75,19.35,70.65,761.97,344.5,1.52,51,93800,,,,,,
20050930:0300,2005,09,30,03,8,424.65,102.1,24.6,64.5,816.53,349.7,0.41,52,93870,,,,,,
20050930:0400,2005,09,30,04,9,599.1,118.8,28.62,32.9,848.7,361.3,0.62,268,93940,,,,,,
20050930:0500,2005,09,30,05,10,724.7,128.55,30.07,31,855.96,371.2,1.45,275,93960,,,,,,
20050930:0600,2005,09,30,06,11,781.65,137.1,31.12,29.15,828.73,378.95,1.79,276,93940,,,,,,
20050930:0700,2005,09,30,07,12,755.7,140.3,31.94,28.4,765.19,388.8,1.59,269,93910,,,,,,
20050930:0800,2005,09,30,08,13,702.95,133.4,32.54,25.65,735.72,394.2,1.79,289,93850,,,,,,
20050930:0900,2005,09,30,09,14,574.1,120.05,32.6,23.85,658.53,387.05,1.59,305,93770,,,,,,
20050930:1000,2005,09,30,10,15,371.8,104.7,32.62,23.05,480.35,383.55,1.45,309,93740,,,,,,
20050930:1100,2005,09,30,11,16,206.45,70.8,32.22,23.75,354.24,383,1.59,310,93730,,,,,,
20050930:1200,2005,09,30,12,17,40.5,22.95,31.28,27.15,96.47,371.55,1.59,330,93750,,,,,,
20050930:1300,2005,09,30,13,18,0,0,29.56,29.8,0,368.65,1.59,358,93780,,,,,,
20050930:1400,2005,09,30,14,19,0,0,27.8,33.8,0,360.75,1.86,24,93840,,,,,,
20050930:1500,2005,09,30,15,20,0,0,26.13,37.2,0,355.1,2.21,39,93880,,,,,,
20050930:1600,2005,09,30,16,21,0,0,20.83,47.85,0,335.1,2.43,45,93920,,,,,,
20050930:1700,2005,09,30,17,22,0,0,21.17,50.07,0,341.89,2.36,48,93920,,,,,,
20050930:1800,2005,09,30,18,23,0,0,21.51,52.29,0,348.69,2.28,49,93920,,,,,,
20050930:1900,2005,09,30,19,0,0,0,21.84,54.52,0,355.49,2.21,58,93930,,,,,,
20050930:2000,2005,09,30,20,1,0,0,22.18,56.74,0,362.29,2.13,55,93920,,,,,,
20050930:2100,2005,09,30,21,2,0,0,22.51,58.96,0,369.09,2.05,54,93900,,,,,,
20050930:2200,2005,09,30,22,3,0,0,22.85,61.18,0,375.88,1.98,53,93900,,,,,,
20050930:2300,2005,09,30,23,4,0,0,23.19,63.4,0,382.68,1.9,53,93870,,,,,,
20211001:0000,2021,10,01,00,5,0,0,23.52,65.62,0,389.48,1.83,113,93680,,,,,,
20211001:0100,2021,10,01,01,6,0,0,23.86,67.84,0,396.28,1.75,108,93720,,,,,,
20211001:0200,2021,10,01,02,7,127.9,69.05,24.19,70.07,305.36,403.08,1.68,95,93780,,,,,,
20211001:0300,2021,10,01,03,8,240.6,118.4,24.53,72.29,311.62,409.87,1.6,88,93820,,,,,,
20211001:0400,2021,10,01,04,9,395,152.95,24.87,74.51,430.08,416.67,1.53,49,93830,,,,,,
20211001:0500,2021,10,01,05,10,542.35,189.45,25.2,76.73,509.2,423.47,1.45,1,93850,,,,,,
20211001:0600,2021,10,01,06,11,716.95,159.35,25.54,78.95,720.4,430.27,1.38,351,93810,,,,,,
20211001:0700,2021,10,01,07,12,668.65,168.35,25.88,81.17,625.23,437.07,1.3,269,93740,,,,,,
20211001:0800,2021,10,01,08,13,623.85,144.15,30.36,55.6,623.16,434.85,2,272,93630,,,,,,
20211001:0900,2021,10,01,09,14,502.55,147.8,30.58,55.75,517.98,438.75,1.86,285,93580,,,,,,
20211001:1000,2021,10,01,10,15,318.55,110.05,30.2,57.5,378.24,436.8,1.38,291,93480,,,,,,
20211001:1100,2021,10,01,11,16,154.4,77.65,30.08,55.6,203.05,436.4,0.69,297,93400,,,,,,
20211001:1200,2021,10,01,12,17,30,19.95,29.77,55.5,56.8,429.05,0.83,2,93410,,,,,,
20211001:1300,2021,10,01,13,18,0,0,27.34,65,0,422.45,0.28,345,93440,,,,,,
20211001:1400,2021,10,01,14,19,0,0,26.19,74.1,0,421.5,0.55,181,93470,,,,,,
20211001:1500,2021,10,01,15,20,0,0,25.79,76.5,0,408.75,0.41,231,93530,,,,,,
20211001:1600,2021,10,01,16,21,0,0,25.06,84.4,0,403.1,0.14,290,93560,,,,,,
20211001:1700,2021,10,01,17,22,0,0,24.83,81.7,0,405.05,0.41,52,93570,,,,,,
20211001:1800,2021,10,01,18,23,0,0,23.8,87.15,0,400.4,0.97,48,93580,,,,,,
20211001:1900,2021,10,01,19,0,0,0,24,81.65,0,405.05,1.24,38,93560,,,,,,
20211001:2000,2021,10,01,20,1,0,0,23.91,78.95,0,409.1,1.45,354,93530,,,,,,
20211001:2100,2021,10,01,21,2,0,0,22.76,87.1,0,407.55,1.93,321,93600,,,,,,
20211001:2200,2021,10,01,22,3,0,0,22.07,90,0,407.55,1.1,16,93580,,,,,,
20211001:2300,2021,10,01,23,4,0,0,21.8,93,0,398.45,1.93,9,93540,,,,,,
20211002:0000,2021,10,02,00,5,0,0,21.79,93,0,401.95,1.93,2,93490,,,,,,
20211002:0100,2021,10,02,01,6,0,0,21.58,93,0,388.35,1.72,8,93500,,,,,,
20211002:0200,2021,10,02,02,7,106.85,72.1,21.69,93,182.88,389.95,0.34,337,93560,,,,,,
20211002:0300,2021,10,02,03,8,222.5,147.9,22.38,90.05,191.66,401.4,0.76,215,93670,,,,,,
20211002:0400,2021,10,02,04,9,321.35,177.45,22.65,87.1,257.13,408.75,1.17,281,93720,,,,,,
20211002:0500,2021,10,02,05,10,495.05,198.1,23.78,81.55,430.62,418,1.72,324,93740,,,,,,
20211002:0600,2021,10,02,06,11,657.25,162.2,25.24,73.95,642.72,414.15,1.38,335,93720,,,,,,
20211002:0700,2021,10,02,07,12,455.95,201.05,26.79,69.4,320.19,428.45,1.1,290,93630,,,,,,
20211002:0800,2021,10,02,08,13,378.65,162.1,25.83,76.5,282.92,441.05,2.34,325,93610,,,,,,
20211002:0900,2021,10,02,09,14,449.15,142.95,26.09,74.1,450.14,429.05,2.69,354,93490,,,,,,
20211002:1000,2021,10,02,10,15,268.2,119.85,27.11,69.5,271.5,418,1.79,13,93400,,,,,,
20211002:1100,2021,10,02,11,16,115.6,69.35,27.29,67.2,123.98,417.25,0.28,21,93360,,,,,,
20211002:1200,2021,10,02,12,17,24.55,16.25,27.02,67.2,48.27,420.55,0.21,347,93310,,,,,,
20211002:1300,2021,10,02,13,18,0,0,26.32,74.1,0,412.8,0.34,12,93300,,,,,,
20211002:1400,2021,10,02,14,19,0,0,25.28,81.7,0,407.4,0.69,133,93370,,,,,,
20211002:1500,2021,10,02,15,20,0,0,24.26,84.35,0,405.65,1.1,112,93460,,,,,,
20211002:1600,2021,10,02,16,21,0,0,23.4,84.35,0,404.1,1.66,58,93490,,,,,,
20211002:1700,2021,10,02,17,22,0,0,22.64,87.1,0,401,2.14,42,93510,,,,,,
20211002:1800,2021,10,02,18,23,0,0,22.4,84.25,0,407.75,1.66,24,93490,,,,,,
20211002:1900,2021,10,02,19,0,0,0,22.97,81.5,0,394,2.14,56,93470,,,,,,
20211002:2000,2021,10,02,20,1,0,0,22.03,81.4,0,391.7,2.69,30,93490,,,,,,
20211002:2100,2021,10,02,21,2,0,0,20.92,86.95,0,395.75,2.21,19,93470,,,,,,
20211002:2200,2021,10,02,22,3,0,0,20.81,86.9,0,395.55,1.66,9,93420,,,,,,
20211002:2300,2021,10,02,23,4,0,0,20.49,89.9,0,384.95,1.72,349,93400,,,,,,
20211003:0000,2021,10,03,00,5,0,0,20.35,89.9,0,389.55,1.1,350,93390,,,,,,
20211003:0100,2021,10,03,01,6,0,0,20.24,92.95,0,380.95,1.59,354,93410,,,,,,
20211003:0200,2021,10,03,02,7,198.55,76.6,20.81,89.9,651.2,377,1.52,357,93450,,,,,,
20211003:0300,2021,10,03,03,8,354.8,122.45,23.03,76.2,601.49,383.2,1.86,347,93510,,,,,,
20211003:0400,2021,10,03,04,9,478.8,140.2,24.59,66.85,608.53,393.45,2.21,349,93540,,,,,,
20211003:0500,2021,10,03,05,10,583.95,158.15,25.13,66.85,620.63,395.55,2.28,358,93570,,,,,,
20211003:0600,2021,10,03,06,11,674.4,169.7,26.49,62.8,658.52,405.65,1.86,353,93510,,,,,,
20211003:0700,2021,10,03,07,12,702,144.85,28.21,57.05,703.5,404.45,2,329,93460,,,,,,
20211003:0800,2021,10,03,08,13,642,136.4,28.88,55.3,664.39,403.5,2.07,317,93360,,,,,,
20211003:0900,2021,10,03,09,14,540.55,115.65,29.16,53.55,628.93,404.85,2.34,306,93240,,,,,,
20211003:1000,2021,10,03,10,15,376.9,99.9,29.17,53.55,511.45,403.9,2.14,313,93170,,,,,,
20211003:1100,2021,10,03,11,16,187.7,70.95,28.78,55.3,317.15,400.4,1.72,317,93140,,,,,,
20211003:1200,2021,10,03,12,17,30.7,18.85,28.14,59,70.95,394.6,1.38,335,93100,,,,,,
20211003:1300,2021,10,03,13,18,0,0,26.81,67.15,0,388.8,1.1,338,93140,,,,,,
20211003:1400,2021,10,03,14,19,0,0,25.16,79.05,0,383.55,1.38,359,93180,,,,,,
20211003:1500,2021,10,03,15,20,0,0,24.19,78.95,0,379.7,1.66,16,93230,,,,,,
20211003:1600,2021,10,03,16,21,0,0,23.31,81.5,0,376.4,1.79,28,93240,,,,,,
20211003:1700,2021,10,03,17,22,0,0,22.65,84.25,0,377.2,1.86,34,93260,,,,,,
20211003:1800,2021,10,03,18,23,0,0,22.01,84.15,0,372.55,1.93,35,93270,,,,,,
20211003:1900,2021,10,03,19,0,0,0,22.46,84.25,0,393.05,1.72,44,93300,,,,,,
20211003:2000,2021,10,03,20,1,0,0,22.69,81.45,0,393.45,2.21,41,93250,,,,,,
20211003:2100,2021,10,03,21,2,0,0,22.42,78.75,0,397.3,1.79,13,93250,,,,,,
20211003:2200,2021,10,03,22,3,0,0,21.54,84.1,0,397.5,1.17,294,93230,,,,,,
20211003:2300,2021,10,03,23,4,0,0,21.51,84.1,0,390.55,0.21,335,93240,,,,,,
20211004:0000,2021,10,04,00,5,0,0,20.51,89.9,0,379.3,1.24,54,93270,,,,,,
20211004:0100,2021,10,04,01,6,0,0,20.33,89.9,0,379.05,0.83,34,93300,,,,,,
20211004:0200,2021,10,04,02,7,194.15,73.65,20.9,89.95,653.11,375.25,0.97,5,93340,,,,,,
20211004:0300,2021,10,04,03,8,371.3,120.65,23.64,71.35,653.91,376.6,1.24,348,93380,,,,,,
20211004:0400,2021,10,04,04,9,552.15,120.85,25.34,69.15,779.67,382.6,1.24,345,93400,,,,,,
20211004:0500,2021,10,04,05,10,687.45,133.55,26.9,60.8,811.53,387.45,1.17,332,93430,,,,,,
20211004:0600,2021,10,04,06,11,760.35,131.15,28.07,57.05,825.1,395.4,1.17,313,93420,,,,,,
20211004:0700,2021,10,04,07,12,735.5,143.65,29.33,51.8,751.25,397.7,1.93,296,93380,,,,,,
20211004:0800,2021,10,04,08,13,597.65,143.95,29.74,50.2,599.68,401.4,2.21,299,93290,,,,,,
20211004:0900,2021,10,04,09,14,518.95,116.45,29.91,48.5,599.91,404.85,2.07,305,93230,,,,,,
20211004:1000,2021,10,04,10,15,335.55,121.85,29.85,45.35,398.12,399.25,1.66,297,93210,,,,,,
20211004:1100,2021,10,04,11,16,168.6,72.5,29.04,43.65,264.58,391.7,0.9,276,93180,,,,,,
20211004:1200,2021,10,04,12,17,27.5,17.75,28.32,48.15,60.15,391.1,0.55,117,93160,,,,,,
20211004:1300,2021,10,04,13,18,0,0,26.51,58.7,0,378.15,1.52,122,93190,,,,,,
20211004:1400,2021,10,04,14,19,0,0,24.67,66.85,0,370,1.72,119,93270,,,,,,
20211004:1500,2021,10,04,15,20,0,0,23.52,73.75,0,368.1,1.79,113,93340,,,,,,
20211004:1600,2021,10,04,16,21,0,0,22.62,78.75,0,363.65,1.86,96,93380,,,,,,
20211004:1700,2021,10,04,17,22,0,0,21.87,81.4,0,363.05,1.86,71,93400,,,,,,
20211004:1800,2021,10,04,18,23,0,0,21.3,84.05,0,362.3,1.86,58,93410,,,,,,
20211004:1900,2021,10,04,19,0,0,0,22.06,84.15,0,385.9,1.86,63,93400,,,,,,
20211004:2000,2021,10,04,20,1,0,0,21.88,84.15,0,382.2,1.79,57,93380,,,,,,
20211004:2100,2021,10,04,21,2,0,0,21.45,84.1,0,385.3,0.83,46,93410,,,,,,
20211004:2200,2021,10,04,22,3,0,0,20.19,89.85,0,382.6,0.62,52,93470,,,,,,
20211004:2300,2021,10,04,23,4,0,0,20.18,86.85,0,378.95,1.86,45,93450,,,,,,
20211005:0000,2021,10,05,00,5,0,0,19.95,86.85,0,379.7,1.03,18,93480,,,,,,
20211005:0100,2021,10,05,01,6,0,0,19.58,92.9,0,372.45,0.9,14,93530,,,,,,
20211005:0200,2021,10,05,02,7,184.1,76.4,20.29,92.95,592.72,370.4,1.17,30,93610,,,,,,
20211005:0300,2021,10,05,03,8,349.55,121.7,23.49,68.95,599.14,374.1,1.31,336,93700,,,,,,
20211005:0400,2021,10,05,04,9,538.8,134.15,24.61,69.15,735.86,379.9,1.86,326,93770,,,,,,
20211005:0500,2021,10,05,05,10,670.55,126.3,26.17,64.8,801.59,387.85,1.52,349,93790,,,,,,
20211005:0600,2021,10,05,06,11,728.25,140,27.64,56.95,775.35,394.8,1.24,339,93790,,,,,,
20211005:0700,2021,10,05,07,12,702,137.35,28.54,51.65,720.55,393.25,1.79,323,93800,,,,,,
20211005:0800,2021,10,05,08,13,657.05,128.25,29.15,48.4,703.08,400,1.72,307,93730,,,,,,
20211005:0900,2021,10,05,09,14,516.7,122.6,29.28,46.75,591.5,398.1,1.72,292,93670,,,,,,
20211005:1000,2021,10,05,10,15,343.5,106.75,28.78,48.25,445.06,397.7,1.59,306,93620,,,,,,
20211005:1100,2021,10,05,11,16,171.75,67.65,28.76,48.25,290.53,397.1,1.66,336,93590,,,,,,
20211005:1200,2021,10,05,12,17,27.2,17.05,28.15,49.8,64.57,387.25,1.31,342,93560,,,,,,
20211005:1300,2021,10,05,13,18,0,0,26.32,69.3,0,380.65,0.97,342,93600,,,,,,
20211005:1400,2021,10,05,14,19,0,0,24.81,71.5,0,375.25,1.31,350,93670,,,,,,
20211005:1500,2021,10,05,15,20,0,0,23.78,73.75,0,373.7,1.66,360,93710,,,,,,
20211005:1600,2021,10,05,16,21,0,0,23,71.25,0,368.5,2,7,93720,,,,,,
20211005:1700,2021,10,05,17,22,0,0,22.29,73.55,0,365.55,2.21,11,93740,,,,,,
20211005:1800,2021,10,05,18,23,0,0,21.74,76,0,363.45,2.28,12,93700,,,,,,
20211005:1900,2021,10,05,19,0,0,0,21.37,78.65,0,364,2,11,93710,,,,,,
20211005:2000,2021,10,05,20,1,0,0,20.98,81.3,0,362.3,1.93,10,93690,,,,,,
20211005:2100,2021,10,05,21,2,0,0,20.64,81.2,0,361.1,1.86,10,93680,,,,,,
20211005:2200,2021,10,05,22,3,0,0,20.21,83.95,0,358.4,1.79,7,93620,,,,,,
20211005:2300,2021,10,05,23,4,0,0,19.77,86.85,0,356.65,1.66,2,93630,,,,,,
20211006:0000,2021,10,06,00,5,0,0,19.36,86.85,0,354.55,1.52,360,93650,,,,,,
20211006:0100,2021,10,06,01,6,0,0,19.05,86.8,0,353.5,1.52,358,93680,,,,,,
20211006:0200,2021,10,06,02,7,205.25,72.3,19.66,86.85,743.23,353.4,1.17,359,93740,,,,,,
20211006:0300,2021,10,06,03,8,399.5,99.35,23.96,64.5,795.63,358,1.17,334,93790,,,,,,
20211006:0400,2021,10,06,04,9,569.85,116.05,26.28,56.6,830.24,366.15,1.72,316,93820,,,,,,
20211006:0500,2021,10,06,05,10,693.4,126.25,27.84,49.7,839.79,374.3,2.14,315,93830,,,,,,
20211006:0600,2021,10,06,06,11,758.3,130.75,28.99,43.65,831.44,379.9,2.34,314,93800,,,,,,
20211006:0700,2021,10,06,07,12,754.9,130.25,29.52,42.3,801.42,380.65,2.62,311,93780,,,,,,
20211006:0800,2021,10,06,08,13,686,124.55,30.03,39.65,750.95,383,2.62,306,93680,,,,,,
20211006:0900,2021,10,06,09,14,556.9,113.35,30.28,39.65,670.42,382.8,2.55,302,93600,,,,,,
20211006:1000,2021,10,06,10,15,381.45,96,30.17,39.65,541.5,380.3,2.48,302,93530,,,,,,
20211006:1100,2021,10,06,11,16,184.35,67.35,29.7,40.9,331.04,375.25,2.21,303,93490,,,,,,
20211006:1200,2021,10,06,12,17,27.25,16.8,28.49,46.65,68.6,369.45,1.86,306,93450,,,,,,
20211006:1300,2021,10,06,13,18,0,0,26.21,60.6,0,360.75,1.72,326,93440,,,,,,
20211006:1400,2021,10,06,14,19,0,0,24.23,66.75,0,354.55,1.86,355,93490,,,,,,
20211006:1500,2021,10,06,15,20,0,0,22.93,66.55,0,351.05,1.93,15,93500,,,,,,
20211006:1600,2021,10,06,16,21,0,0,21.89,68.7,0,347.4,2.07,20,93500,,,,,,
20211006:1700,2021,10,06,17,22,0,0,21.07,70.9,0,345.05,2.21,19,93480,,,,,,
20211006:1800,2021,10,06,18,23,0,0,20.44,73.3,0,344.1,2.14,18,93460,,,,,,
20211006:1900,2021,10,06,19,0,0,0,20.02,75.75,0,344.3,1.86,5,93450,,,,,,
20211006:2000,2021,10,06,20,1,0,0,19.68,78.35,0,344.5,1.79,2,93430,,,,,,
20211006:2100,2021,10,06,21,2,0,0,19.32,78.35,0,343.9,1.72,1,93370,,,,,,
20211006:2200,2021,10,06,22,3,0,0,19.1,81.05,0,342.75,1.59,2,93350,,,,,,
20211006:2300,2021,10,06,23,4,0,0,18.91,78.3,0,341.4,1.52,5,93350,,,,,,
20211007:0000,2021,10,07,00,5,0,0,18.57,81,0,340,1.45,14,93350,,,,,,
20211007:0100,2021,10,07,01,6,0,0,18.13,83.75,0,338.95,1.52,24,93370,,,,,,
20211007:0200,2021,10,07,02,7,207.95,71.8,18.7,83.8,773.44,338.5,1.31,36,93410,,,,,,
20211007:0300,2021,10,07,03,8,405.4,98.6,23.06,71.25,819.95,342.95,0.69,23,93470,,,,,,
20211007:0400,2021,10,07,04,9,577.6,115.05,26.25,51.05,851.47,352.4,0.76,322,93480,,,,,,
20211007:0500,2021,10,07,05,10,701.55,124.75,27.83,46.4,858.71,361.7,1.24,300,93500,,,,,,
20211007:0600,2021,10,07,06,11,767.5,129.5,29.04,40.75,849.73,368.3,1.59,293,93490,,,,,,
20211007:0700,2021,10,07,07,12,763.15,129,29.88,39.5,818.05,369.85,2.07,299,93490,,,,,,
20211007:0800,2021,10,07,08,13,692.05,123.25,30.51,35.85,765.37,372.15,2.07,292,93430,,,,,,
20211007:0900,2021,10,07,09,14,560.75,112.35,30.78,34.6,682.57,373.1,2,284,93330,,,,,,
20211007:1000,2021,10,07,10,15,382.65,94.9,30.76,34.6,550.89,371.55,1.79,275,93280,,,,,,
20211007:1100,2021,10,07,11,16,182.95,66.4,30.34,35.7,334.36,367.9,1.45,264,93230,,,,,,
20211007:1200,2021,10,07,12,17,25.8,16,29.24,42.2,66.45,362.85,0.9,264,93210,,,,,,
20211007:1300,2021,10,07,13,18,0,0,27.89,44.8,0,354.75,0.28,348,93250,,,,,,
20211007:1400,2021,10,07,14,19,0,0,24.71,64.6,0,349.7,1.38,45,93290,,,,,,
20211007:1500,2021,10,07,15,20,0,0,23.29,64.3,0,348.15,2.07,53,93340,,,,,,
20211007:1600,2021,10,07,16,21,0,0,22.1,66.35,0,348.95,2.28,55,93370,,,,,,
20211007:1700,2021,10,07,17,22,0,0,21.22,68.5,0,348.95,2.34,57,93360,,,,,,
20211007:1800,2021,10,07,18,23,0,0,20.59,70.8,0,348.95,2.41,57,93360,,,,,,
20211007:1900,2021,10,07,19,0,0,0,20.03,75.75,0,348.35,2.14,60,93320,,,,,,
20211007:2000,2021,10,07,20,1,0,0,19.63,75.7,0,347.95,2.14,60,93280,,,,,,
20211007:2100,2021,10,07,21,2,0,0,19.19,78.3,0,347.2,2.07,59,93250,,,,,,
20211007:2200,2021,10,07,22,3,0,0,18.8,81,0,346.2,2.07,57,93240,,,,,,
20211007:2300,2021,10,07,23,4,0,0,18.45,81,0,346.6,2,54,93210,,,,,,
20211008:0000,2021,10,08,00,5,0,0,18.19,80.9,0,346.6,2,50,93210,,,,,,
20211008:0100,2021,10,08,01,6,0,0,17.95,80.9,0,346.7,1.93,46,93240,,,,,,
20211008:0200,2021,10,08,02,7,202.75,70.75,18.4,83.8,762.32,347.2,1.45,45,93270,,,,,,
20211008:0300,2021,10,08,03,8,397.75,97.65,23.33,71.25,808.77,351.85,0.62,36,93320,,,,,,
20211008:0400,2021,10,08,04,9,568,114.15,26.82,47.75,840.7,362.85,0.62,303,93350,,,,,,
20211008:0500,2021,10,08,05,10,690.1,124.05,28.16,44.95,847.35,372.35,1.03,282,93380,,,,,,
20211008:0600,2021,10,08,06,11,752.15,128.7,29.12,43.65,834.78,379.5,1.38,268,93410,,,,,,
20211008:0700,2021,10,08,07,12,747.5,128.05,30.05,41,803.49,385.3,1.72,277,93390,,,,,,
20211008:0800,2021,10,08,08,13,671.85,127.6,30.6,38.4,736.79,387.45,1.79,274,93330,,,,,,
20211008:0900,2021,10,08,09,14,546.8,111.85,30.91,35.85,666.85,387.45,1.66,276,93270,,,,,,
20211008:1000,2021,10,08,10,15,373.4,93.25,30.91,34.6,541.31,382.4,1.45,283,93230,,,,,,
20211008:1100,2021,10,08,11,16,177.6,64.95,30.55,33.4,327.72,375.85,1.17,291,93210,,,,,,
20211008:1200,2021,10,08,12,17,23.3,14.9,29.37,40.75,58.87,368.65,1.38,319,93220,,,,,,
20211008:1300,2021,10,08,13,18,0,0,26.9,53.1,0,363.25,1.66,358,93210,,,,,,
20211008:1400,2021,10,08,14,19,0,0,24.57,60.35,0,355.1,1.72,29,93270,,,,,,
20211008:1500,2021,10,08,15,20,0,0,23.27,62.15,0,352.8,1.93,41,93300,,,,,,
20211008:1600,2021,10,08,16,21,0,0,22.23,61.95,0,346.2,2.28,44,93340,,,,,,
20211008:1700,2021,10,08,17,22,0,0,21.32,66.15,0,345.45,2.41,48,93350,,,,,,
20211008:1800,2021,10,08,18,23,0,0,20.67,68.4,0,346.2,2.48,53,93330,,,,,,
20211008:1900,2021,10,08,19,0,0,0,20.48,70.8,0,348.55,2.41,62,93340,,,,,,
20211008:2000,2021,10,08,20,1,0,0,20.19,73.2,0,349.3,2.41,61,93350,,,,,,
20211008:2100,2021,10,08,21,2,0,0,19.77,75.7,0,349.5,2.34,59,93320,,,,,,
20211008:2200,2021,10,08,22,3,0,0,19.32,78.3,0,348.95,2.21,58,93320,,,,,,
20211008:2300,2021,10,08,23,4,0,0,18.86,78.3,0,348.35,2.14,56,93310,,,,,,
20211009:0000,2021,10,09,00,5,0,0,18.46,81,0,347.75,2.07,51,93310,,,,,,
20211009:0100,2021,10,09,01,6,0,0,18.13,80.9,0,346.35,2,46,93360,,,,,,
20211009:0200,2021,10,09,02,7,199.4,69.75,18.48,83.8,761.53,345.65,1.59,42,93400,,,,,,
20211009:0300,2021,10,09,03,8,393.6,96.55,23.23,71.25,807.39,350.1,0.83,22,93440,,,,,,
20211009:0400,2021,10,09,04,9,563.75,113.15,26.91,46.25,840,360.35,1.03,327,93490,,,,,,
20211009:0500,2021,10,09,05,10,686.75,122.75,28.5,40.65,849.01,369.85,1.59,319,93520,,,,,,
20211009:0600,2021,10,09,06,11,750.1,124.55,29.59,36.85,842.11,376.2,1.93,313,93500,,,,,,
20211009:0700,2021,10,09,07,12,737.5,133.7,30.6,34.6,787.56,381.25,2,305,93520,,,,,,
20211009:0800,2021,10,09,08,13,675.9,120,31.02,32.4,757.17,383.4,2.14,300,93450,,,,,,
20211009:0900,2021,10,09,09,14,538.65,111.3,31.17,32.4,659.92,381.45,2.21,301,93390,,,,,,
20211009:1000,2021,10,09,10,15,281.65,112.65,30.93,32.4,329.59,379.9,2.21,307,93350,,,,,,
20211009:1100,2021,10,09,11,16,142.7,65.15,30.18,34.5,228.81,381.05,1.79,305,93320,,,,,,
20211009:1200,2021,10,09,12,17,20.75,13.55,29.01,40.75,52.2,373.7,1.1,293,93340,,,,,,
20211009:1300,2021,10,09,13,18,0,0,26.85,54.8,0,356.85,0.76,348,93340,,,,,,
20211009:1400,2021,10,09,14,19,0,0,24.67,60.35,0,353.55,1.66,39,93370,,,,,,
20211009:1500,2021,10,09,15,20,0,0,23.42,56.15,0,353.55,2.21,49,93380,,,,,,
20211009:1600,2021,10,09,16,21,0,0,21.88,59.8,0,344.3,2.41,52,93400,,,,,,
20211009:1700,2021,10,09,17,22,0,0,20.61,66.05,0,344.1,2.41,55,93390,,,,,,
20211009:1800,2021,10,09,18,23,0,0,19.69,68.2,0,341.95,2.41,55,93370,,,,,,
20211009:1900,2021,10,09,19,0,0,0,19.81,70.65,0,342.15,2.28,68,93350,,,,,,
20211009:2000,2021,10,09,20,1,0,0,19.42,70.65,0,339.25,2.28,69,93320,,,,,,
20211009:2100,2021,10,09,21,2,0,0,19.06,70.55,0,339.65,2.34,68,93320,,,,,,
20211009:2200,2021,10,09,22,3,0,0,18.82,68.1,0,340.6,2.34,69,93290,,,,,,
20211009:2300,2021,10,09,23,4,0,0,18.68,68.05,0,340.8,2.41,72,93280,,,,,,
20211010:0000,2021,10,10,00,5,0,0,18.71,68.05,0,346.8,2.41,70,93290,,,,,,
20211010:0100,2021,10,10,01,6,0,0,18.51,70.45,0,351.75,2.21,43,93320,,,,,,
20211010:0200,2021,10,10,02,7,152.8,79.2,19.08,70.55,439.88,355.9,2.07,357,93410,,,,,,
20211010:0300,2021,10,10,03,8,300.85,126,21.45,59.7,479.39,359.55,2.55,314,93490,,,,,,
20211010:0400,2021,10,10,04,9,427.15,139.1,22.29,55.8,540.46,362.1,3.38,319,93540,,,,,,
20211010:0500,2021,10,10,05,10,588.75,167.55,22.76,54,637.64,371,3.38,329,93600,,,,,,
20211010:0600,2021,10,10,06,11,634.65,174.95,23.36,50.55,622.22,370.2,3.93,332,93560,,,,,,
20211010:0700,2021,10,10,07,12,590.35,185.95,29.92,35.7,530.45,384.35,2.9,167,93420,,,,,,
20211010:0800,2021,10,10,08,13,581.65,157.25,29.24,35.45,581.64,393.05,2.41,168,93440,,,,,,
20211010:0900,2021,10,10,09,14,365.6,157.15,28.93,34.2,324.23,397.3,1.45,95,93370,,,,,,
20211010:1000,2021,10,10,10,15,260.9,128,28.03,37.75,261.61,397.9,2.14,131,93340,,,,,,
20211010:1100,2021,10,10,11,16,126,57.2,27.15,44.7,205.9,388.6,2.62,141,93310,,,,,,
20211010:1200,2021,10,10,12,17,17.05,11.4,25.87,52.75,42.42,373.7,2.14,148,93300,,,,,,
20211010:1300,2021,10,10,13,18,0,0,24.21,58.2,0,374.45,1.59,137,93320,,,,,,
20211010:1400,2021,10,10,14,19,0,0,22.48,71.15,0,365.4,1.17,92,93370,,,,,,
20211010:1500,2021,10,10,15,20,0,0,22.03,66.35,0,370.2,2.07,28,93430,,,,,,
20211010:1600,2021,10,10,16,21,0,0,21.4,64,0,364.4,2.69,5,93460,,,,,,
20211010:1700,2021,10,10,17,22,0,0,20.52,66.05,0,359,3.59,3,93470,,,,,,
20211010:1800,2021,10,10,18,23,0,0,19.89,63.7,0,364.6,4.28,23,93460,,,,,,
20211010:1900,2021,10,10,19,0,0,0,17.86,80.9,0,356.1,3.72,12,93540,,,,,,
20211010:2000,2021,10,10,20,1,0,0,17.44,80.85,0,361.3,3.59,6,93550,,,,,,
20211010:2100,2021,10,10,21,2,0,0,16.55,89.65,0,351.25,2.34,10,93500,,,,,,
20211010:2200,2021,10,10,22,3,0,0,16.47,89.65,0,357.45,1.93,353,93470,,,,,,
20211010:2300,2021,10,10,23,4,0,0,16.46,89.65,0,358.2,1.59,345,93470,,,,,,
20211011:0000,2021,10,11,00,5,0,0,16.17,92.75,0,347.75,1.38,2,93470,,,,,,
20211011:0100,2021,10,11,01,6,0,0,16.01,92.75,0,345.95,1.52,4,93480,,,,,,
20211011:0200,2021,10,11,02,7,177.25,75.15,16.88,86.6,621.2,344.65,1.79,2,93510,,,,,,
20211011:0300,2021,10,11,03,8,347.8,107.15,19.61,73.15,665.65,337.1,1.79,349,93550,,,,,,
20211011:0400,2021,10,11,04,9,470.15,122.85,22.14,59.8,655.92,340,2.14,333,93560,,,,,,
20211011:0500,2021,10,11,05,10,607.1,149.45,23.97,50.7,696.81,349.5,2.48,322,93590,,,,,,
20211011:0600,2021,10,11,06,11,730.95,129.15,25.43,47.5,819.06,365.75,2.9,320,93580,,,,,,
20211011:0700,2021,10,11,07,12,719.4,136.35,27.05,40.25,769.13,357.05,3.52,343,93580,,,,,,
20211011:0800,2021,10,11,08,13,585.25,142.7,27.71,38.95,610.29,362.3,3.24,337,93510,,,,,,
20211011:0900,2021,10,11,09,14,502.6,122.2,27.81,38.95,596.02,367.5,3.38,334,93460,,,,,,
20211011:1000,2021,10,11,10,15,342,101.75,27.82,38.95,477.4,365.4,3.45,333,93380,,,,,,
20211011:1100,2021,10,11,11,16,150.5,64.8,27.36,40.25,260.17,363.85,3.45,331,93370,,,,,,
20211011:1200,2021,10,11,12,17,17.3,11.25,25.89,46,47.07,360.75,2.9,330,93360,,,,,,
20211011:1300,2021,10,11,13,18,0,0,23.85,54.2,0,359.2,2.48,336,93370,,,,,,
20211011:1400,2021,10,11,14,19,0,0,22.05,59.8,0,350.5,2.41,337,93430,,,,,,
20211011:1500,2021,10,11,15,20,0,0,21.18,61.7,0,354.35,2.55,338,93470,,,,,,
20211011:1600,2021,10,11,16,21,0,0,20.64,61.6,0,349.7,2.9,349,93500,,,,,,
20211011:1700,2021,10,11,17,22,0,0,20.28,63.7,0,357.25,2.9,359,93490,,,,,,
20211011:1800,2021,10,11,18,23,0,0,19.62,63.6,0,343.3,2.76,11,93480,,,,,,
20211011:1900,2021,10,11,19,0,0,0,19.52,61.4,0,339.45,2.76,14,93430,,,,,,
20211011:2000,2021,10,11,20,1,0,0,18.91,61.3,0,336.95,2.62,12,93420,,,,,,
20211011:2100,2021,10,11,21,2,0,0,18.27,65.55,0,333.85,2.55,6,93380,,,,,,
20211011:2200,2021,10,11,22,3,0,0,17.71,67.85,0,329.2,2.48,4,93370,,,,,,
20211011:2300,2021,10,11,23,4,0,0,17.23,67.75,0,324.75,2.41,6,93380,,,,,,
20211012:0000,2021,10,12,00,5,0,0,16.83,67.75,0,323.95,2.41,10,93390,,,,,,
20211012:0100,2021,10,12,01,6,0,0,16.44,67.65,0,321.75,2.41,11,93420,,,,,,
20211012:0200,2021,10,12,02,7,175.65,64.55,16.77,70.1,688.46,324.35,2.21,9,93490,,,,,,
20211012:0300,2021,10,12,03,8,380.05,97.2,20.27,57.3,789.45,330.55,2.07,356,93550,,,,,,
20211012:0400,2021,10,12,04,9,513.1,137,23.97,38.15,715.07,335.55,2.48,337,93600,,,,,,
20211012:0500,2021,10,12,05,10,583.6,145.6,25.56,33.3,670.78,340.6,2.76,329,93650,,,,,,
20211012:0600,2021,10,12,06,11,668.65,149,26.54,31.2,711.2,355.7,2.9,327,93650,,,,,,
20211012:0700,2021,10,12,07,12,691.15,149,27.6,31.5,719.29,361.3,2.97,334,93640,,,,,,
20211012:0800,2021,10,12,08,13,600.7,139,28.26,30.5,640.7,361.9,2.62,337,93570,,,,,,
20211012:0900,2021,10,12,09,14,491.15,130.25,28.44,29.55,569.63,376.2,2.55,336,93510,,,,,,
20211012:1000,2021,10,12,10,15,333.75,97.65,28.49,29.55,473.6,362.3,2.34,339,93490,,,,,,
20211012:1100,2021,10,12,11,16,151.8,59.5,27.98,31.6,284.28,359.95,2.21,341,93460,,,,,,
20211012:1200,2021,10,12,12,17,16.85,11.2,26.52,40.1,45.6,362.85,2.07,334,93440,,,,,,
20211012:1300,2021,10,12,13,18,0,0,23.91,50.7,0,347.2,2,339,93440,,,,,,
20211012:1400,2021,10,12,14,19,0,0,22.06,57.75,0,342.75,2.07,360,93490,,,,,,
20211012:1500,2021,10,12,15,20,0,0,20.82,61.6,0,337.3,2.28,12,93520,,,,,,
20211012:1600,2021,10,12,16,21,0,0,19.83,61.5,0,332.1,2.41,16,93530,,,,,,
20211012:1700,2021,10,12,17,22,0,0,19.17,63.5,0,331.9,2.48,16,93540,,,,,,
20211012:1800,2021,10,12,18,23,0,0,18.62,63.4,0,329,2.48,17,93540,,,,,,
20211012:1900,2021,10,12,19,0,0,0,17.93,70.35,0,327.65,2.21,30,93490,,,,,,
20211012:2000,2021,10,12,20,1,0,0,17.5,70.3,0,326.3,2.21,28,93490,,,,,,
20211012:2100,2021,10,12,21,2,0,0,17.04,72.7,0,324.75,2.28,25,93460,,,,,,
20211012:2200,2021,10,12,22,3,0,0,16.54,72.65,0,322.6,2.21,25,93470,,,,,,
20211012:2300,2021,10,12,23,4,0,0,16.02,75.15,0,319.9,2.21,27,93450,,,,,,
20211013:0000,2021,10,13,00,5,0,0,15.59,77.8,0,318.35,2.21,28,93490,,,,,,
20211013:0100,2021,10,13,01,6,0,0,15.18,77.75,0,315.35,2.14,27,93530,,,,,,
20211013:0200,2021,10,13,02,7,197.3,67.2,15.42,77.8,821.54,314.5,1.93,25,93580,,,,,,
20211013:0300,2021,10,13,03,8,396.35,93.95,19.78,70.65,851.79,317.2,1.24,9,93620,,,,,,
20211013:0400,2021,10,13,04,9,570,109.75,24.73,36.95,881.01,326.3,1.38,340,93630,,,,,,
20211013:0500,2021,10,13,05,10,692.6,119,26.46,31.2,883.63,334,1.72,322,93650,,,,,,
20211013:0600,2021,10,13,06,11,754.1,122.85,27.6,29.3,868.82,341.2,2.21,312,93640,,,,,,
20211013:0700,2021,10,13,07,12,745.5,123.35,28.26,30.5,830.21,347.4,2.34,303,93650,,,,,,
20211013:0800,2021,10,13,08,13,675.6,115.95,28.67,29.55,781.53,350.1,2.55,305,93560,,,,,,
20211013:0900,2021,10,13,09,14,537.25,110.25,28.86,29.55,678.94,352.4,2.69,309,93500,,,,,,
20211013:1000,2021,10,13,10,15,360.6,88.1,28.67,29.55,551.82,349.5,2.83,309,93450,,,,,,
20211013:1100,2021,10,13,11,16,161.4,59.75,27.92,32.75,317.65,345.65,2.62,305,93440,,,,,,
20211013:1200,2021,10,13,12,17,16.3,10.75,26.27,41.4,46.52,341,1.93,306,93440,,,,,,
20211013:1300,2021,10,13,13,18,0,0,23.5,56.15,0,332.85,1.66,328,93450,,,,,,
20211013:1400,2021,10,13,14,19,0,0,21.52,61.85,0,327.45,1.86,1,93480,,,,,,
20211013:1500,2021,10,13,15,20,0,0,20.13,65.95,0,323.95,2.07,19,93520,,,,,,
20211013:1600,2021,10,13,16,21,0,0,19.05,65.75,0,321.05,2.28,27,93520,,,,,,
20211013:1700,2021,10,13,17,22,0,0,18.17,67.95,0,317.95,2.34,30,93540,,,,,,
20211013:1800,2021,10,13,18,23,0,0,17.37,70.3,0,315.25,2.28,31,93540,,,,,,
20211013:1900,2021,10,13,19,0,0,0,16.5,77.95,0,313.5,1.93,43,93530,,,,,,
20211013:2000,2021,10,13,20,1,0,0,16.04,77.85,0,311.95,1.93,40,93510,,,,,,
20211013:2100,2021,10,13,21,2,0,0,15.68,77.8,0,309.85,2.07,39,93500,,,,,,
20211013:2200,2021,10,13,22,3,0,0,15.34,75.1,0,308.3,2.21,38,93500,,,,,,
20211013:2300,2021,10,13,23,4,0,0,14.98,75,0,306.95,2.28,36,93520,,,,,,
20211014:0000,2021,10,14,00,5,0,0,14.61,74.95,0,305.2,2.34,35,93550,,,,,,
20211014:0100,2021,10,14,01,6,0,0,14.26,74.95,0,303.75,2.41,33,93590,,,,,,
20211014:0200,2021,10,14,02,7,201.3,67.75,14.53,77.65,859.82,302.3,2.14,31,93640,,,,,,
20211014:0300,2021,10,14,03,8,403.7,94.05,19.03,70.55,880.39,306.15,1.31,16,93660,,,,,,
20211014:0400,2021,10,14,04,9,578.7,110.1,25.03,36.95,903.18,314.85,1.31,343,93720,,,,,,
20211014:0500,2021,10,14,05,10,702.95,119.45,26.96,30.25,904.27,324.95,1.72,320,93720,,,,,,
20211014:0600,2021,10,14,06,11,761.95,123.5,28.2,28.35,883.75,332.85,2.21,310,93700,,,,,,
20211014:0700,2021,10,14,07,12,754.2,122.85,28.95,26.65,847.4,339.05,2.55,309,93700,,,,,,
20211014:0800,2021,10,14,08,13,679.55,117.25,29.38,27.6,790.23,342.35,2.76,310,93630,,,,,,
20211014:0900,2021,10,14,09,14,544.4,106.7,29.54,26.75,701.13,343.9,2.97,312,93570,,,,,,
20211014:1000,2021,10,14,10,15,362.6,89.45,29.31,27.6,558.42,342.35,3.03,314,93530,,,,,,
20211014:1100,2021,10,14,11,16,160.8,59.65,28.46,30.65,320.75,338.5,2.69,313,93500,,,,,,
20211014:1200,2021,10,14,12,17,15.4,10.3,26.58,40.1,44.44,332.1,2.07,318,93490,,,,,,
20211014:1300,2021,10,14,13,18,0,0,23.76,50.55,0,322.4,2.21,340,93480,,,,,,
20211014:1400,2021,10,14,14,19,0,0,21.63,55.65,0,315.85,2.41,3,93490,,,,,,
20211014:1500,2021,10,14,15,20,0,0,20.07,59.35,0,312.35,2.55,15,93500,,,,,,
20211014:1600,2021,10,14,16,21,0,0,18.84,61.3,0,309.45,2.62,21,93490,,,,,,
20211014:1700,2021,10,14,17,22,0,0,17.89,65.55,0,307.3,2.55,22,93470,,,,,,
20211014:1800,2021,10,14,18,23,0,0,17.16,67.75,0,306.55,2.48,22,93420,,,,,,
20211014:1900,2021,10,14,19,0,0,0,16.66,70.1,0,307.3,2.28,29,93410,,,,,,
20211014:2000,2021,10,14,20,1,0,0,16.19,72.55,0,306.35,2.28,29,93390,,,,,,
20211014:2100,2021,10,14,21,2,0,0,15.68,72.45,0,305.2,2.28,30,93360,,,,,,
20211014:2200,2021,10,14,22,3,0,0,15.15,72.4,0,303.45,2.28,31,93320,,,,,,
20211014:2300,2021,10,14,23,4,0,0,14.66,72.3,0,301.7,2.28,31,93320,,,,,,
20211015:0000,2021,10,15,00,5,0,0,14.21,72.3,0,299.95,2.34,32,93330,,,,,,
20211015:0100,2021,10,15,01,6,0,0,13.81,69.75,0,298.5,2.34,33,93360,,,,,,
20211015:0200,2021,10,15,02,7,200.3,67.15,14.02,72.3,874.49,297.65,2.14,33,93420,,,,,,
20211015:0300,2021,10,15,03,8,402.65,93.5,18.7,70.45,887.37,302.1,1.24,27,93460,,,,,,
20211015:0400,2021,10,15,04,9,577.25,109.25,25.15,36.95,908.35,312.35,0.83,354,93490,,,,,,
20211015:0500,2021,10,15,05,10,700.85,118.6,27.44,27.25,907.8,323.95,1.17,328,93480,,,,,,
20211015:0600,2021,10,15,06,11,759.75,122.55,28.8,25.55,887.11,332.85,1.45,316,93460,,,,,,
20211015:0700,2021,10,15,07,12,751.5,122,29.73,24.9,849.9,339.65,2.28,316,93440,,,,,,
20211015:0800,2021,10,15,08,13,675.65,116.5,30.24,25,790.84,344.5,2.34,312,93340,,,,,,
20211015:0900,2021,10,15,09,14,539.6,105.8,30.42,25,700.06,346.2,2.48,309,93270,,,,,,
20211015:1000,2021,10,15,10,15,357.45,88.4,30.12,25.95,555.32,346,2.48,307,93210,,,,,,
20211015:1100,2021,10,15,11,16,156.1,58.35,29.18,30.75,314.56,343.1,2,303,93190,,,,,,
20211015:1200,2021,10,15,12,17,13.95,9.45,27.33,40.25,40.8,337.3,1.66,305,93180,,,,,,
20211015:1300,2021,10,15,13,18,0,0,24.26,56.25,0,328.8,1.59,335,93220,,,,,,
20211015:1400,2021,10,15,14,19,0,0,22.05,61.95,0,323.95,1.86,19,93230,,,,,,
20211015:1500,2021,10,15,15,20,0,0,20.47,63.8,0,321.25,2.21,39,93270,,,,,,
20211015:1600,2021,10,15,16,21,0,0,19.15,65.75,0,318.95,2.41,47,93260,,,,,,
20211015:1700,2021,10,15,17,22,0,0,18.04,70.35,0,317,2.48,51,93260,,,,,,
20211015:1800,2021,10,15,18,23,0,0,17.14,72.7,0,315.05,2.41,55,93250,,,,,,
20211015:1900,2021,10,15,19,0,0,0,16.7,77.95,0,315.45,2.14,60,93230,,,,,,
20211015:2000,2021,10,15,20,1,0,0,16.37,75.25,0,315.85,2.21,59,93230,,,,,,
20211015:2100,2021,10,15,21,2,0,0,16.09,75.15,0,315.65,2.21,58,93230,,,,,,
20211015:2200,2021,10,15,22,3,0,0,15.89,72.55,0,315.25,2.28,58,93210,,,,,,
20211015:2300,2021,10,15,23,4,0,0,15.75,72.45,0,315.05,2.34,60,93210,,,,,,
20211016:0000,2021,10,16,00,5,0,0,15.7,69.9,0,314.65,2.34,60,93250,,,,,,
20211016:0100,2021,10,16,01,6,0,0,15.55,69.9,0,314.6,2.34,58,93300,,,,,,
20211016:0200,2021,10,16,02,7,190.3,65.15,15.77,72.45,838.97,315.05,2.14,56,93340,,,,,,
20211016:0300,2021,10,16,03,8,386.35,91.35,20.45,61.6,854.99,319.7,0.97,46,93400,,,,,,
20211016:0400,2021,10,16,04,9,556.6,106.95,25.94,33.4,878.94,329.95,0.34,11,93450,,,,,,
20211016:0500,2021,10,16,05,10,677.7,115.8,27.82,27.25,881.45,341.75,0.62,305,93500,,,,,,
20211016:0600,2021,10,16,06,11,738.6,119.6,29.05,24.75,866.8,350.85,1.03,296,93500,,,,,,
20211016:0700,2021,10,16,07,12,729.5,118.3,29.97,25,830.09,357.25,1.24,305,93490,,,,,,
20211016:0800,2021,10,16,08,13,651.95,114,30.45,25.15,765.75,362.85,0.97,301,93390,,,,,,
20211016:0900,2021,10,16,09,14,517.8,104.35,30.66,25.15,672.22,365.75,0.48,295,93350,,,,,,
20211016:1000,2021,10,16,10,15,340.95,86.2,30.58,25.15,530.87,368.3,0.21,181,93340,,,,,,
20211016:1100,2021,10,16,11,16,145.25,55.4,30.01,27.85,293.44,366.35,0.69,166,93330,,,,,,
20211016:1200,2021,10,16,12,17,12,8.45,28.65,34.1,33.54,363.85,0.48,179,93350,,,,,,
20211016:1300,2021,10,16,13,18,0,0,26.14,52.85,0,357.65,0.69,88,93410,,,,,,
20211016:1400,2021,10,16,14,19,0,0,24.06,54.35,0,353.4,1.72,69,93440,,,,,,
20211016:1500,2021,10,16,15,20,0,0,22.61,57.9,0,350.5,2.07,67,93490,,,,,,
20211016:1600,2021,10,16,16,21,0,0,21.48,59.7,0,347.2,2.14,66,93500,,,,,,
20211016:1700,2021,10,16,17,22,0,0,20.63,61.6,0,346,2.14,66,93500,,,,,,
20211016:1800,2021,10,16,18,23,0,0,19.89,63.7,0,341.95,2.14,65,93510,,,,,,
20211016:1900,2021,10,16,19,0,0,0,19.11,65.75,0,338.5,2.14,51,93440,,,,,,
20211016:2000,2021,10,16,20,1,0,0,18.67,68.05,0,338.1,2.21,49,93430,,,,,,
20211016:2100,2021,10,16,21,2,0,0,18.3,70.35,0,338.65,2.28,53,93420,,,,,,
20211016:2200,2021,10,16,22,3,0,0,17.94,67.95,0,340.2,2.34,61,93410,,,,,,
20211016:2300,2021,10,16,23,4,0,0,17.68,67.85,0,343.5,2.34,61,93400,,,,,,
20211017:0000,2021,10,17,00,5,0,0,17.57,67.85,0,344.3,2.48,56,93440,,,,,,
20211017:0100,2021,10,17,01,6,0,0,17.99,63.3,0,348.85,2.76,48,93480,,,,,,
20211017:0200,2021,10,17,02,7,155.85,61.2,18.81,57.1,648.03,353.4,2.76,44,93540,,,,,,
20211017:0300,2021,10,17,03,8,298.1,114.75,21.33,55.55,536.66,355.1,2.28,47,93590,,,,,,
20211017:0400,2021,10,17,04,9,328.5,133.7,24.95,39.7,383.53,375.65,2.34,55,93660,,,,,,
20211017:0500,2021,10,17,05,10,494,167.95,26.45,36.05,514.65,367.3,2.62,68,93710,,,,,,
20211017:0600,2021,10,17,06,11,630.95,142.5,28.23,31.6,688.01,387.65,3.38,97,93720,,,,,,
20211017:0700,2021,10,17,07,12,588.45,135.1,28.38,36.45,619.39,373.1,4.97,107,93680,,,,,,
20211017:0800,2021,10,17,08,13,530.05,149.35,28.16,37.75,545.42,376.8,5.17,115,93640,,,,,,
20211017:0900,2021,10,17,09,14,333.3,124.85,26.9,40.25,341.46,385.1,5.17,118,93630,,,,,,
20211017:1000,2021,10,17,10,15,288.65,88.25,25.96,46,421.64,383.4,4.62,104,93610,,,,,,
20211017:1100,2021,10,17,11,16,128.1,56.85,25.23,49.05,236.18,371.75,4.21,93,93560,,,,,,
20211017:1200,2021,10,17,12,17,8.8,6.65,24.31,50.7,21.19,373.3,3.1,85,93540,,,,,,
20211017:1300,2021,10,17,13,18,0,0,22.73,57.9,0,360.95,2.21,73,93520,,,,,,
20211017:1400,2021,10,17,14,19,0,0,21.61,61.85,0,358.8,2,64,93550,,,,,,
20211017:1500,2021,10,17,15,20,0,0,20.76,66.05,0,360.35,1.93,59,93610,,,,,,
20211017:1600,2021,10,17,16,21,0,0,20.15,68.3,0,362.3,1.86,53,93650,,,,,,
20211017:1700,2021,10,17,17,22,0,0,19.7,70.65,0,364,1.86,42,93670,,,,,,
20211017:1800,2021,10,17,18,23,0,0,19.47,70.65,0,368.3,1.93,38,93670,,,,,,
20211017:1900,2021,10,17,19,0,0,0,19.44,68.2,0,357.05,2.28,58,93620,,,,,,
20211017:2000,2021,10,17,20,1,0,0,19.05,70.55,0,356.85,2.14,49,93580,,,,,,
20211017:2100,2021,10,17,21,2,0,0,18.65,72.95,0,352.2,2.21,43,93540,,,,,,
20211017:2200,2021,10,17,22,3,0,0,18.26,72.9,0,349.9,2.21,44,93500,,,,,,
20211017:2300,2021,10,17,23,4,0,0,18.06,72.9,0,357.05,2.07,52,93470,,,,,,
20211018:0000,2021,10,18,00,5,0,0,17.46,75.4,0,339.85,2.07,60,93490,,,,,,
20211018:0100,2021,10,18,01,6,0,0,16.89,78,0,343.8,1.79,60,93490,,,,,,
20211018:0200,2021,10,18,02,7,164.8,62.15,16.7,83.6,718.23,336.75,1.24,57,93490,,,,,,
20211018:0300,2021,10,18,03,8,368.35,91.4,20.21,68.3,818.8,338.85,0.48,54,93550,,,,,,
20211018:0400,2021,10,18,04,9,520.75,107.1,22.69,52.1,820.36,347.2,0.48,290,93550,,,,,,
20211018:0500,2021,10,18,05,10,636.45,115.3,24.2,47.25,827.77,352.6,1.17,302,93540,,,,,,
20211018:0600,2021,10,18,06,11,727.55,117.95,25.38,44.3,863.76,357.85,1.72,299,93510,,,,,,
20211018:0700,2021,10,18,07,12,707.15,119.8,25.77,44.3,807.3,355.3,2.69,301,93440,,,,,,
20211018:0800,2021,10,18,08,13,636.35,111.6,26.33,39.95,756.68,357.65,2.76,302,93340,,,,,,
20211018:0900,2021,10,18,09,14,482.75,107.2,26.67,37.35,619.82,358.4,2.62,303,93290,,,,,,
20211018:1000,2021,10,18,10,15,312.5,86.5,26.58,36.05,480.1,359,2.14,308,93260,,,,,,
20211018:1100,2021,10,18,11,16,133.2,52.2,26.17,35.9,272.53,355.9,1.59,310,93230,,,,,,
20211018:1200,2021,10,18,12,17,9.45,7,25.24,41.15,25.21,350.5,1.17,297,93220,,,,,,
20211018:1300,2021,10,18,13,18,0,0,23.7,47.15,0,342.55,0.76,302,93270,,,,,,
20211018:1400,2021,10,18,14,19,0,0,22.05,59.8,0,338.5,0.76,356,93320,,,,,,
20211018:1500,2021,10,18,15,20,0,0,20.57,68.4,0,335.95,1.17,36,93370,,,,,,
20211018:1600,2021,10,18,16,21,0,0,19.43,68.2,0,331.7,1.79,58,93410,,,,,,
20211018:1700,2021,10,18,17,22,0,0,18.58,70.45,0,329.55,2.07,65,93470,,,,,,
20211018:1800,2021,10,18,18,23,0,0,17.77,75.4,0,326.5,2.07,63,93510,,,,,,
20211018:1900,2021,10,18,19,0,0,0,17.15,78,0,326.65,2.07,46,93480,,,,,,
20211018:2000,2021,10,18,20,1,0,0,16.63,80.75,0,325.5,2.07,45,93460,,,,,,
20211018:2100,2021,10,18,21,2,0,0,16.23,80.65,0,324.35,2.07,44,93490,,,,,,
20211018:2200,2021,10,18,22,3,0,0,15.83,80.65,0,323.4,2,38,93440,,,,,,
20211018:2300,2021,10,18,23,4,0,0,15.6,83.5,0,323,2,32,93450,,,,,,
20211019:0000,2021,10,19,00,5,0,0,15.36,80.6,0,322,2.07,25,93450,,,,,,
20211019:0100,2021,10,19,01,6,0,0,15.15,83.45,0,321.75,2.14,18,93470,,,,,,
20211019:0200,2021,10,19,02,7,179.75,62.45,15.52,80.6,839.3,323,1.93,12,93500,,,,,,
20211019:0300,2021,10,19,03,8,373.1,89.4,19.65,68.2,847.37,324.35,1.66,357,93510,,,,,,
20211019:0400,2021,10,19,04,9,542.6,105.3,23.49,45.5,873.7,333.25,2.07,329,93570,,,,,,
20211019:0500,2021,10,19,05,10,662.4,114.85,25.25,41.15,875.23,341.55,2.97,317,93580,,,,,,
20211019:0600,2021,10,19,06,11,724.4,118.85,26.5,37.35,863.16,348.75,3.52,310,93570,,,,,,
20211019:0700,2021,10,19,07,12,716.65,118.1,27.43,33.8,827.67,351.65,3.45,304,93600,,,,,,
20211019:0800,2021,10,19,08,13,642.9,112.45,27.96,31.6,769.89,353.95,3.52,302,93520,,,,,,
20211019:0900,2021,10,19,09,14,510.45,101.6,28.2,30.5,679.88,354.35,3.38,303,93480,,,,,,
20211019:1000,2021,10,19,10,15,333,84.4,28.06,29.4,533.22,352.2,3.03,306,93440,,,,,,
20211019:1100,2021,10,19,11,16,137.85,53.5,27.48,31.5,288.08,348.15,2.48,310,93400,,,,,,
20211019:1200,2021,10,19,12,17,9.3,6.75,26.02,37.2,27.45,341.75,1.93,316,93410,,,,,,
20211019:1300,2021,10,19,13,18,0,0,23.9,42.5,0,332.65,1.72,337,93440,,,,,,
20211019:1400,2021,10,19,14,19,0,0,21.87,55.8,0,328.05,1.72,0,93500,,,,,,
20211019:1500,2021,10,19,15,20,0,0,20.35,59.5,0,324.75,1.93,15,93550,,,,,,
20211019:1600,2021,10,19,16,21,0,0,19.16,63.5,0,323,2,22,93590,,,,,,
20211019:1700,2021,10,19,17,22,0,0,18.29,67.95,0,322,2.14,28,93620,,,,,,
20211019:1800,2021,10,19,18,23,0,0,17.59,67.85,0,321.25,2.21,33,93620,,,,,,
20211019:1900,2021,10,19,19,0,0,0,17.09,72.7,0,321.85,2.14,37,93580,,,,,,
20211019:2000,2021,10,19,20,1,0,0,16.7,75.25,0,321.85,2.14,37,93560,,,,,,
20211019:2100,2021,10,19,21,2,0,0,16.42,72.65,0,321.25,2.21,38,93570,,,,,,
20211019:2200,2021,10,19,22,3,0,0,16.09,75.15,0,321.25,2.21,39,93570,,,,,,
20211019:2300,2021,10,19,23,4,0,0,15.76,75.1,0,320.65,2.21,45,93570,,,,,,
20211020:0000,2021,10,20,00,5,0,0,15.37,75.1,0,319.7,2.21,52,93610,,,,,,
20211020:0100,2021,10,20,01,6,0,0,14.97,77.75,0,318.85,2.21,57,93680,,,,,,
20211020:0200,2021,10,20,02,7,178.65,62,14.97,80.55,854.1,318.35,1.93,60,93730,,,,,,
20211020:0300,2021,10,20,03,8,372.8,88.3,19.46,70.65,858.63,321.45,0.97,64,93800,,,,,,
20211020:0400,2021,10,20,04,9,542.05,103.9,24.67,39.7,881.98,330.95,0.48,89,93840,,,,,,
20211020:0500,2021,10,20,05,10,662.2,113.65,26.49,33.55,882.46,341.4,0.34,256,93870,,,,,,
20211020:0600,2021,10,20,06,11,724.5,117.7,27.78,31.5,870.17,348.95,1.1,272,93840,,,,,,
20211020:0700,2021,10,20,07,12,716,117,28.34,30.5,833.34,349.1,1.93,291,93840,,,,,,
20211020:0800,2021,10,20,08,13,641.05,111.6,28.95,27.6,773.47,352.4,2.14,291,93750,,,,,,
20211020:0900,2021,10,20,09,14,507.3,100.9,29.23,26.65,680.92,353.4,2.14,290,93680,,,,,,
20211020:1000,2021,10,20,10,15,328.55,83.2,29.1,25.7,531.35,351.45,1.86,289,93650,,,,,,
20211020:1100,2021,10,20,11,16,133.95,52.2,28.51,27.5,283.42,347.55,1.52,285,93630,,,,,,
20211020:1200,2021,10,20,12,17,8.35,6.2,27.16,34.9,24.23,341.75,1.1,289,93660,,,,,,
20211020:1300,2021,10,20,13,18,0,0,25.03,44.15,0,332.1,0.9,334,93720,,,,,,
20211020:1400,2021,10,20,14,19,0,0,22.53,57.9,0,326.65,1.52,22,93760,,,,,,
20211020:1500,2021,10,20,15,20,0,0,21.08,55.55,0,323.4,2.14,40,93800,,,,,,
20211020:1600,2021,10,20,16,21,0,0,19.77,59.25,0,321.25,2.41,44,93810,,,,,,
20211020:1700,2021,10,20,17,22,0,0,18.57,61.2,0,319.1,2.41,44,93840,,,,,,
20211020:1800,2021,10,20,18,23,0,0,17.63,65.45,0,317.55,2.34,44,93820,,,,,,
20211020:1900,2021,10,20,19,0,0,0,16.94,67.75,0,317.55,2.21,51,93790,,,,,,
20211020:2000,2021,10,20,20,1,0,0,16.43,70.1,0,317.2,2.14,51,93760,,,,,,
20211020:2100,2021,10,20,21,2,0,0,16.07,70,0,316.4,2.14,50,93730,,,,,,
20211020:2200,2021,10,20,22,3,0,0,15.79,67.55,0,315.85,2.21,46,93660,,,,,,
20211020:2300,2021,10,20,23,4,0,0,15.51,67.45,0,314.65,2.28,43,93650,,,,,,
20211021:0000,2021,10,21,00,5,0,0,15.14,69.85,0,314.3,2.28,42,93650,,,,,,
20211021:0100,2021,10,21,01,6,0,0,14.79,69.85,0,313.45,2.21,39,93660,,,,,,
20211021:0200,2021,10,21,02,7,177.85,61.6,14.97,72.4,871.63,312.95,1.86,34,93690,,,,,,
20211021:0300,2021,10,21,03,8,372.7,88.2,20.05,55.3,867.76,317,0.9,22,93740,,,,,,
20211021:0400,2021,10,21,04,9,542.35,103.8,24.57,34.4,889.52,326.3,0.97,326,93790,,,,,,
20211021:0500,2021,10,21,05,10,662.85,112.8,26.58,32.35,890.62,336.55,1.38,307,93800,,,,,,
20211021:0600,2021,10,21,06,11,723.35,116.9,28.01,30.5,874.96,345.25,1.86,302,93760,,,,,,
20211021:0700,2021,10,21,07,12,714,116.25,28.65,28.5,836.69,346.4,2.21,302,93720,,,,,,
20211021:0800,2021,10,21,08,13,638.95,110.3,29.21,27.6,777.37,350.3,2.28,294,93620,,,,,,
20211021:0900,2021,10,21,09,14,503.65,99.9,29.38,27.6,681.6,352.6,2.14,287,93530,,,,,,
20211021:1000,2021,10,21,10,15,322.4,85.7,29.18,27.6,517.59,352,1.79,280,93500,,,,,,
20211021:1100,2021,10,21,11,16,130.3,51.2,28.51,30.65,278.4,348.95,1.38,270,93480,,,,,,
20211021:1200,2021,10,21,12,17,7.45,5.65,27.09,37.5,21.28,343.7,0.83,269,93460,,,,,,
20211021:1300,2021,10,21,13,18,0,0,25.31,44.15,0,335.2,0.28,357,93520,,,,,,
20211021:1400,2021,10,21,14,19,0,0,22.88,58,0,331.5,1.45,60,93560,,,,,,
20211021:1500,2021,10,21,15,20,0,0,21.57,55.65,0,328.2,2.34,71,93600,,,,,,
20211021:1600,2021,10,21,16,21,0,0,20.12,59.35,0,326.3,2.48,76,93610,,,,,,
20211021:1700,2021,10,21,17,22,0,0,19.22,61.3,0,324.95,2.55,81,93610,,,,,,
20211021:1800,2021,10,21,18,23,0,0,18.62,63.4,0,324.35,2.55,83,93630,,,,,,
20211021:1900,2021,10,21,19,0,0,0,18.6,65.65,0,330.35,2.55,90,93600,,,,,,
20211021:2000,2021,10,21,20,1,0,0,18.29,67.95,0,329.55,2.62,88,93560,,,,,,
20211021:2100,2021,10,21,21,2,0,0,18.01,67.95,0,330.35,2.62,85,93560,,,,,,
20211021:2200,2021,10,21,22,3,0,0,17.89,65.55,0,330.55,2.83,82,93490,,,,,,
20211021:2300,2021,10,21,23,4,0,0,17.79,67.85,0,330.35,2.9,81,93470,,,,,,
20211022:0000,2021,10,22,00,5,0,0,17.44,67.85,0,329.95,2.69,83,93450,,,,,,
20211022:0100,2021,10,22,01,6,0,0,17.04,67.75,0,330.45,2.55,86,93460,,,,,,
20211022:0200,2021,10,22,02,7,158.1,76.5,17,70.2,627,329.55,2.28,87,93470,,,,,,
20211022:0300,2021,10,22,03,8,344.15,112.1,20,65.95,715.43,332.65,1.66,100,93520,,,,,,
20211022:0400,2021,10,22,04,9,495.25,156.7,24.32,41,691.99,342.95,1.86,122,93550,,,,,,
20211022:0500,2021,10,22,05,10,584.6,185.7,25.76,39.85,650.12,351.05,2.55,136,93580,,,,,,
20211022:0600,2021,10,22,06,11,685.7,135.2,26.63,38.7,799.11,360.35,3.1,140,93570,,,,,,
20211022:0700,2021,10,22,07,12,684.05,118.35,27.44,38.95,796.71,364.2,4.69,149,93530,,,,,,
20211022:0800,2021,10,22,08,13,605.4,121.25,27.71,37.6,716.62,369.25,4.41,152,93470,,,,,,
20211022:0900,2021,10,22,09,14,429.35,126.1,27.18,37.5,515.82,375.25,3.45,150,93430,,,,,,
20211022:1000,2021,10,22,10,15,259.2,89.4,26.52,37.35,374.89,373.7,2.07,164,93410,,,,,,
20211022:1100,2021,10,22,11,16,111.45,48.7,25.63,41.25,224.21,365,1.03,191,93440,,,,,,
20211022:1200,2021,10,22,12,17,5.4,4.25,23.41,47.15,14.28,368.65,1.72,302,93520,,,,,,
20211022:1300,2021,10,22,13,18,0,0,21.1,57.55,0,375.85,2.97,350,93570,,,,,,
20211022:1400,2021,10,22,14,19,0,0,19.44,63.6,0,349.5,4.14,6,93630,,,,,,
20211022:1500,2021,10,22,15,20,0,0,18.2,67.95,0,352.6,4.97,8,93690,,,,,,
20211022:1600,2021,10,22,16,21,0,0,16.16,83.55,0,355.5,4.97,13,93820,,,,,,
20211022:1700,2021,10,22,17,22,0,0,15.68,86.5,0,350.3,4,36,93900,,,,,,
20211022:1800,2021,10,22,18,23,0,0,15.73,83.5,0,343.5,4.34,55,93860,,,,,,
20211022:1900,2021,10,22,19,0,0,0,16.71,75.25,0,339.25,2.83,56,93750,,,,,,
20211022:2000,2021,10,22,20,1,0,0,16.29,75.25,0,329.95,2.21,18,93730,,,,,,
20211022:2100,2021,10,22,21,2,0,0,15.92,75.15,0,334.8,2.21,2,93690,,,,,,
20211022:2200,2021,10,22,22,3,0,0,15.4,77.8,0,326.5,2.28,1,93650,,,,,,
20211022:2300,2021,10,22,23,4,0,0,14.64,83.4,0,320.1,2.28,357,93670,,,,,,
20211023:0000,2021,10,23,00,5,0,0,14.37,86.4,0,327.05,2.76,16,93700,,,,,,
20211023:0100,2021,10,23,01,6,0,0,14.45,86.4,0,334.35,2.55,24,93730,,,,,,
20211023:0200,2021,10,23,02,7,72.8,55.1,14.62,86.4,139.48,336.75,2.21,34,93780,,,,,,
20211023:0300,2021,10,23,03,8,200.1,103.9,15.98,83.55,299.85,373.5,2.07,35,93880,,,,,,
20211023:0400,2021,10,23,04,9,329.65,138.2,16.99,75.3,394.38,364.8,2.48,25,93920,,,,,,
20211023:0500,2021,10,23,05,10,495,152.9,17.73,70.3,561.24,358,2.62,31,93950,,,,,,
20211023:0600,2021,10,23,06,11,404.3,225.1,18.88,63.5,261.73,362.1,2.41,32,93950,,,,,,
20211023:0700,2021,10,23,07,12,364.3,182.8,21.44,53.75,257.2,371.75,0.34,64,93850,,,,,,
20211023:0800,2021,10,23,08,13,321.95,186.1,21.44,55.65,202.41,376.4,1.86,112,93840,,,,,,
20211023:0900,2021,10,23,09,14,309.25,133.9,20.44,59.5,300.52,382.8,2,79,93820,,,,,,
20211023:1000,2021,10,23,10,15,196.85,88.4,20.62,59.5,241.76,369.25,2.28,42,93790,,,,,,
20211023:1100,2021,10,23,11,16,86.25,49.6,20.61,57.45,132.94,354.95,2.28,52,93740,,,,,,
20211023:1200,2021,10,23,12,17,4.2,3.7,20.15,59.35,6.53,354.15,1.72,46,93770,,,,,,
20211023:1300,2021,10,23,13,18,0,0,18.96,65.75,0,349.9,1.93,42,93820,,,,,,
20211023:1400,2021,10,23,14,19,0,0,17.98,70.35,0,346.6,2.55,55,93890,,,,,,
20211023:1500,2021,10,23,15,20,0,0,17.55,70.3,0,355.1,3.03,59,93930,,,,,,
20211023:1600,2021,10,23,16,21,0,0,16.99,67.75,0,344.1,3.17,59,93970,,,,,,
20211023:1700,2021,10,23,17,22,0,0,16.52,67.65,0,348.15,3.1,57,94000,,,,,,
20211023:1800,2021,10,23,18,23,0,0,15.95,70,0,350.65,3.1,52,94040,,,,,,
20211023:1900,2021,10,23,19,0,0,0,15.79,70,0,326.5,2.34,58,93930,,,,,,
20211023:2000,2021,10,23,20,1,0,0,14.99,77.75,0,329.55,1.66,20,94010,,,,,,
20211023:2100,2021,10,23,21,2,0,0,14.87,75,0,359.95,2.48,339,94080,,,,,,
20211023:2200,2021,10,23,22,3,0,0,14.43,83.4,0,379.1,2.48,356,94090,,,,,,
20211023:2300,2021,10,23,23,4,0,0,14.01,83.4,0,352.4,2.48,33,94060,,,,,,
20211024:0000,2021,10,24,00,5,0,0,14.12,80.45,0,351.45,2.69,49,94090,,,,,,
20211024:0100,2021,10,24,01,6,0,0,14,77.65,0,334.5,2.83,43,94080,,,,,,
20211024:0200,2021,10,24,02,7,114.4,61.75,14.09,77.65,425.86,326.85,2.28,31,94100,,,,,,
20211024:0300,2021,10,24,03,8,235,97.05,15.54,77.8,434.79,334.2,2.14,5,94190,,,,,,
20211024:0400,2021,10,24,04,9,334.8,176.2,16.24,77.85,329.3,338.5,2.9,346,94260,,,,,,
20211024:0500,2021,10,24,05,10,400.1,174.6,16.59,75.25,372.42,351.05,3.79,348,94290,,,,,,
20211024:0600,2021,10,24,06,11,461.15,266.85,17.22,70.2,285.55,346.6,4.07,2,94280,,,,,,
20211024:0700,2021,10,24,07,12,383.8,236.8,16.86,70.2,209.6,354.75,2.76,359,94350,,,,,,
20211024:0800,2021,10,24,08,13,327.6,193.3,16.92,70.2,201.42,351.65,2.41,13,94290,,,,,,
20211024:0900,2021,10,24,09,14,253.25,198.3,16.48,72.65,94.89,349.3,1.79,6,94270,,,,,,
20211024:1000,2021,10,24,10,15,198.3,105.5,16.8,67.75,208.87,355.3,1.79,8,94250,,,,,,
20211024:1100,2021,10,24,11,16,84.75,44.7,17.04,67.75,147.49,342.75,1.93,22,94200,,,,,,
20211024:1200,2021,10,24,12,17,4.25,3.65,16.77,70.1,8.26,329.75,1.31,8,94210,,,,,,
20211024:1300,2021,10,24,13,18,0,0,15.81,75.15,0,325.1,1.59,343,94250,,,,,,
20211024:1400,2021,10,24,14,19,0,0,14.87,80.55,0,324.95,1.79,340,94300,,,,,,
20211024:1500,2021,10,24,15,20,0,0,14.37,83.4,0,331.5,1.79,349,94380,,,,,,
20211024:1600,2021,10,24,16,21,0,0,13.84,83.4,0,322.2,2.07,10,94410,,,,,,
20211024:1700,2021,10,24,17,22,0,0,13.67,83.35,0,326.5,2.34,17,94460,,,,,,
20211024:1800,2021,10,24,18,23,0,0,13.81,80.45,0,338.65,2.48,19,94460,,,,,,
20211024:1900,2021,10,24,19,0,0,0,13.65,83.35,0,328.6,2.48,10,94400,,,,,,
20211024:2000,2021,10,24,20,1,0,0,13.32,80.4,0,323.2,2.48,2,94350,,,,,,
20211024:2100,2021,10,24,21,2,0,0,13.1,83.25,0,324.95,2.14,8,94370,,,,,,
20211024:2200,2021,10,24,22,3,0,0,12.78,83.25,0,319.9,2,11,94320,,,,,,
20211024:2300,2021,10,24,23,4,0,0,12.34,83.25,0,308.1,2,4,94300,,,,,,
20211025:0000,2021,10,25,00,5,0,0,12.09,86.2,0,311.55,1.93,2,94310,,,,,,
20211025:0100,2021,10,25,01,6,0,0,11.97,83.15,0,314.6,2,2,94330,,,,,,
20211025:0200,2021,10,25,02,7,154.85,59.9,11.89,83.15,788.97,298.6,2.14,3,94360,,,,,,
20211025:0300,2021,10,25,03,8,347.7,87.3,14.35,77.65,830.07,302.5,2.07,356,94410,,,,,,
20211025:0400,2021,10,25,04,9,517.8,102.9,17.37,60.95,868.35,308.3,2.41,345,94450,,,,,,
20211025:0500,2021,10,25,05,10,638.1,111.8,19.32,51.4,875.06,315.05,2.48,339,94440,,,,,,
20211025:0600,2021,10,25,06,11,695.7,116.6,20.68,49.8,856.4,321.65,2.41,330,94400,,,,,,
20211025:0700,2021,10,25,07,12,688.15,115.7,21.16,48.2,821.32,324.95,2.28,324,94370,,,,,,
20211025:0800,2021,10,25,08,13,609.75,111.85,21.7,46.6,751.68,326.65,2,319,94280,,,,,,
20211025:0900,2021,10,25,09,14,457.25,106.45,22.02,45.1,610.35,331.7,1.86,318,94230,,,,,,
20211025:1000,2021,10,25,10,15,297.65,79.75,21.97,45.1,495.17,337.7,2.07,323,94180,,,,,,
20211025:1100,2021,10,25,11,16,113.65,48.65,21.54,46.6,243.01,329.2,2.28,322,94130,,,,,,
20211025:1200,2021,10,25,12,17,4.65,3.8,20.07,55.3,12.36,323.55,2,315,94110,,,,,,
20211025:1300,2021,10,25,13,18,0,0,18.2,63.3,0,316.2,2.07,329,94120,,,,,,
20211025:1400,2021,10,25,14,19,0,0,16.77,70.1,0,312.95,2.07,345,94120,,,,,,
20211025:1500,2021,10,25,15,20,0,0,15.7,75.1,0,309.45,2.14,356,94130,,,,,,
20211025:1600,2021,10,25,16,21,0,0,14.83,75,0,307.3,2.14,6,94120,,,,,,
20211025:1700,2021,10,25,17,22,0,0,14.11,77.65,0,305.55,2.14,11,94090,,,,,,
20211025:1800,2021,10,25,18,23,0,0,13.51,77.6,0,303.25,2.14,13,94060,,,,,,
20211025:1900,2021,10,25,19,0,0,0,13.08,80.35,0,301.3,2,4,94030,,,,,,
20211025:2000,2021,10,25,20,1,0,0,12.59,83.25,0,299,2,3,93980,,,,,,
20211025:2100,2021,10,25,21,2,0,0,12.13,83.15,0,297.05,2,5,93950,,,,,,
20211025:2200,2021,10,25,22,3,0,0,11.72,83.1,0,294.55,2,11,93890,,,,,,
20211025:2300,2021,10,25,23,4,0,0,11.28,83.1,0,291.45,2,17,93860,,,,,,
20211026:0000,2021,10,26,00,5,0,0,10.8,83.05,0,289.9,2,20,93850,,,,,,
20211026:0100,2021,10,26,01,6,0,0,10.29,86.05,0,287.7,1.86,18,93870,,,,,,
20211026:0200,2021,10,26,02,7,166.1,58.4,10.17,89.2,920.16,286.05,1.52,13,93910,,,,,,
20211026:0300,2021,10,26,03,8,360,85.3,14.05,80.45,885.77,288.75,0.9,1,93970,,,,,,
20211026:0400,2021,10,26,04,9,529.15,100.05,18.77,49.3,905.35,295.7,0.97,332,94040,,,,,,
20211026:0500,2021,10,26,05,10,648.8,107.8,20.61,40.1,905.62,303.85,1.38,322,94050,,,,,,
20211026:0600,2021,10,26,06,11,702.1,114.55,21.87,37.65,874.36,310.05,1.45,311,94060,,,,,,
20211026:0700,2021,10,26,07,12,695.65,110.15,22.55,37.75,845.29,317.95,1.45,301,93970,,,,,,
20211026:0800,2021,10,26,08,13,603.35,115.2,23.07,37.9,741.83,321.25,1.38,290,93930,,,,,,
20211026:0900,2021,10,26,09,14,473.55,111.85,23.18,37.9,634.07,324.35,1.31,286,93880,,,,,,
20211026:1000,2021,10,26,10,15,296.4,86.7,22.98,37.9,481.11,327.45,1.45,298,93880,,,,,,
20211026:1100,2021,10,26,11,16,106.8,51.2,22.37,40.6,211.03,325.3,1.52,314,93890,,,,,,
20211026:1200,2021,10,26,12,17,3.9,3.35,21.04,49.95,8.46,329.95,1.45,333,93940,,,,,,
20211026:1300,2021,10,26,13,18,0,0,18.96,61.3,0,323.75,1.52,346,93990,,,,,,
20211026:1400,2021,10,26,14,19,0,0,17.32,70.3,0,323.55,1.59,359,94060,,,,,,
20211026:1500,2021,10,26,15,20,0,0,16.36,72.65,0,322.6,1.79,15,94110,,,,,,
20211026:1600,2021,10,26,16,21,0,0,15.63,72.45,0,315.85,2.07,22,94140,,,,,,
20211026:1700,2021,10,26,17,22,0,0,15,72.4,0,311.75,2.14,18,94180,,,,,,
20211026:1800,2021,10,26,18,23,0,0,14.47,72.3,0,309.05,2.21,16,94210,,,,,,
20211026:1900,2021,10,26,19,0,0,0,14,74.95,0,308.3,2.07,27,94190,,,,,,
20211026:2000,2021,10,26,20,1,0,0,13.38,74.85,0,303.85,2.07,27,94160,,,,,,
20211026:2100,2021,10,26,21,2,0,0,12.86,77.5,0,302.3,2.07,26,94160,,,,,,
20211026:2200,2021,10,26,22,3,0,0,12.39,77.45,0,299.2,2.14,23,94140,,,,,,
20211026:2300,2021,10,26,23,4,0,0,11.95,80.2,0,297.45,2.07,22,94150,,,,,,
20211027:0000,2021,10,27,00,5,0,0,11.52,83.1,0,295.7,2.07,22,94170,,,,,,
20211027:0100,2021,10,27,01,6,0,0,11.14,83.05,0,294.05,2,19,94210,,,,,,
20211027:0200,2021,10,27,02,7,161.15,57.35,11.16,83.05,912.71,292.4,1.86,16,94250,,,,,,
20211027:0300,2021,10,27,03,8,353.2,84.5,14.64,80.45,876.59,295.1,1.24,6,94310,,,,,,
20211027:0400,2021,10,27,04,9,521.5,100,19.32,46.1,896.6,302.1,1.52,335,94360,,,,,,
20211027:0500,2021,10,27,05,10,641.15,108.85,21.04,41.7,897.16,309.05,1.79,324,94380,,,,,,
20211027:0600,2021,10,27,06,11,697.25,112.75,22.34,37.65,875.32,315.05,2.07,318,94370,,,,,,
20211027:0700,2021,10,27,07,12,689.45,111.7,23.11,37.9,839.32,321.25,2.21,308,94340,,,,,,
20211027:0800,2021,10,27,08,13,611.05,105.65,23.59,35.4,773.13,323.2,2.28,304,94240,,,,,,
20211027:0900,2021,10,27,09,14,476.45,96.4,23.73,35.4,671.25,324.75,2.48,301,94210,,,,,,
20211027:1000,2021,10,27,10,15,301.65,78.35,23.44,35.4,517.22,323.55,2.41,301,94160,,,,,,
20211027:1100,2021,10,27,11,16,111.2,45.25,22.71,39.15,254.11,320.5,1.93,305,94150,,,,,,
20211027:1200,2021,10,27,12,17,3.65,3.05,21.17,48.2,9.79,315.85,1.52,323,94150,,,,,,
20211027:1300,2021,10,27,13,18,0,0,18.81,63.4,0,308.65,1.59,352,94160,,,,,,
20211027:1400,2021,10,27,14,19,0,0,17.07,67.75,0,304.8,1.93,16,94210,,,,,,
20211027:1500,2021,10,27,15,20,0,0,15.72,72.45,0,301.9,2.07,28,94200,,,,,,
20211027:1600,2021,10,27,16,21,0,0,14.63,74.95,0,299.95,2.21,33,94220,,,,,,
20211027:1700,2021,10,27,17,22,0,0,13.72,77.6,0,297.85,2.14,36,94210,,,,,,
20211027:1800,2021,10,27,18,23,0,0,13.08,77.5,0,296.5,2.07,35,94190,,,,,,
20211027:1900,2021,10,27,19,0,0,0,12.69,80.3,0,294.55,2,28,94130,,,,,,
20211027:2000,2021,10,27,20,1,0,0,12.36,77.45,0,293.4,2,26,94090,,,,,,
20211027:2100,2021,10,27,21,2,0,0,12.02,77.35,0,291.65,2.07,28,94070,,,,,,
20211027:2200,2021,10,27,22,3,0,0,11.61,80.15,0,290.1,2.07,30,94030,,,,,,
20211027:2300,2021,10,27,23,4,0,0,11.2,80.1,0,288.15,2,29,94010,,,,,,
20211028:0000,2021,10,28,00,5,0,0,10.81,80.1,0,286.2,1.93,27,94030,,,,,,
20211028:0100,2021,10,28,01,6,0,0,10.46,80.05,0,284.6,2,27,94060,,,,,,
20211028:0200,2021,10,28,02,7,162.3,57.1,10.41,83,952.95,283.1,1.79,28,94100,,,,,,
20211028:0300,2021,10,28,03,8,356.7,84.35,14.39,77.65,899.09,285.65,0.9,30,94160,,,,,,
20211028:0400,2021,10,28,04,9,526,99.65,19.52,46.1,914.44,293,0.41,335,94230,,,,,,
20211028:0500,2021,10,28,05,10,645.4,108.5,21.5,38.9,911.17,302.1,0.9,294,94270,,,,,,
20211028:0600,2021,10,28,06,11,703,112.2,22.83,35.1,890.38,309.25,1.24,291,94270,,,,,,
20211028:0700,2021,10,28,07,12,692.35,111.45,23.37,32.9,849.19,312.75,1.31,300,94280,,,,,,
20211028:0800,2021,10,28,08,13,615.55,106.1,23.94,31.85,784.47,316.4,1.38,293,94220,,,,,,
20211028:0900,2021,10,28,09,14,480.2,95.35,24.2,31.85,684.83,318.35,1.38,294,94200,,,,,,
20211028:1000,2021,10,28,10,15,301.2,77.75,24.02,31.85,522.49,318.35,1.31,298,94130,,,,,,
20211028:1100,2021,10,28,11,16,109.35,44.65,23.39,34.1,253.07,315.65,1.1,303,94150,,,,,,
20211028:1200,2021,10,28,12,17,3.2,2.7,22,43.5,8.67,313.5,1.1,320,94140,,,,,,
20211028:1300,2021,10,28,13,18,0,0,19.15,65.75,0,304.8,1.38,360,94200,,,,,,
20211028:1400,2021,10,28,14,19,0,0,17.37,65.45,0,300.15,2,25,94230,,,,,,
20211028:1500,2021,10,28,15,20,0,0,15.82,67.55,0,297.25,2.28,37,94230,,,,,,
20211028:1600,2021,10,28,16,21,0,0,14.51,72.3,0,294.75,2.34,41,94250,,,,,,
20211028:1700,2021,10,28,17,22,0,0,13.47,74.85,0,292.2,2.34,42,94270,,,,,,
20211028:1800,2021,10,28,18,23,0,0,12.71,80.3,0,290.3,2.28,42,94260,,,,,,
20211028:1900,2021,10,28,19,0,0,0,12.26,77.45,0,288.15,2.07,37,94220,,,,,,
20211028:2000,2021,10,28,20,1,0,0,11.94,80.2,0,286.2,2.07,30,94200,,,,,,
20211028:2100,2021,10,28,21,2,0,0,11.63,80.15,0,285.25,2.14,28,94190,,,,,,
20211028:2200,2021,10,28,22,3,0,0,11.23,80.1,0,284.1,2.14,28,94160,,,,,,
20211028:2300,2021,10,28,23,4,0,0,10.81,77.2,0,282.55,2.07,30,94160,,,,,,
20211029:0000,2021,10,29,00,5,0,0,10.39,77.15,0,281.6,2,32,94170,,,,,,
20211029:0100,2021,10,29,01,6,0,0,10.04,79.95,0,280.5,1.93,32,94250,,,,,,
20211029:0200,2021,10,29,02,7,159.45,56.3,10.09,79.95,963.59,280.4,1.86,30,94270,,,,,,
20211029:0300,2021,10,29,03,8,352.85,83.6,14.23,69.75,899.63,283.9,1.03,29,94340,,,,,,
20211029:0400,2021,10,29,04,9,521.3,98.95,19.77,44.45,913.44,292.05,0.69,348,94410,,,,,,
20211029:0500,2021,10,29,05,10,639.95,107.8,21.92,35,909.39,301.5,1.1,317,94450,,,,,,
20211029:0600,2021,10,29,06,11,697.35,109.65,23.29,31.55,891.35,309.65,1.38,310,94450,,,,,,
20211029:0700,2021,10,29,07,12,688.25,109.85,24.05,27.45,850.85,314.65,1.24,312,94450,,,,,,
20211029:0800,2021,10,29,08,13,599.65,119.35,24.55,25.6,744.47,317.75,1.38,306,94380,,,,,,
20211029:0900,2021,10,29,09,14,462.45,112,24.64,25.6,628.28,319.7,1.45,303,94320,,,,,,
20211029:1000,2021,10,29,10,15,297.05,76.3,24.45,26.6,521.07,325.5,1.59,301,94330,,,,,,
20211029:1100,2021,10,29,11,16,105.65,42.95,23.65,31.7,248.95,317.75,1.45,305,94360,,,,,,
20211029:1200,2021,10,29,12,17,2.7,2.3,21.98,40.5,7.39,313.7,1.66,321,94400,,,,,,
20211029:1300,2021,10,29,13,18,0,0,19.32,55.2,0,307.7,1.79,348,94430,,,,,,
20211029:1400,2021,10,29,14,19,0,0,17.53,58.8,0,304.05,2.21,18,94460,,,,,,
20211029:1500,2021,10,29,15,20,0,0,16.07,60.65,0,300.35,2.41,27,94480,,,,,,
20211029:1600,2021,10,29,16,21,0,0,14.87,62.65,0,297.45,2.41,27,94500,,,,,,
20211029:1700,2021,10,29,17,22,0,0,14,64.85,0,294.55,2.41,27,94520,,,,,,
20211029:1800,2021,10,29,18,23,0,0,13.42,64.75,0,292.6,2.41,28,94490,,,,,,
20211029:1900,2021,10,29,19,0,0,0,13.03,67.05,0,293.75,2.34,33,94430,,,,,,
20211029:2000,2021,10,29,20,1,0,0,12.54,66.95,0,292.05,2.28,28,94400,,,,,,
20211029:2100,2021,10,29,21,2,0,0,12.04,66.85,0,290.5,2.14,21,94410,,,,,,
20211029:2200,2021,10,29,22,3,0,0,11.7,66.75,0,289.3,2.21,14,94360,,,,,,
20211029:2300,2021,10,29,23,4,0,0,11.47,66.75,0,288.35,2.34,12,94350,,,,,,
20211030:0000,2021,10,30,00,5,0,0,11.21,66.65,0,287.4,2.41,13,94360,,,,,,
20211030:0100,2021,10,30,01,6,0,0,10.83,66.65,0,285.95,2.41,14,94380,,,,,,
20211030:0200,2021,10,30,02,7,156.2,55.25,10.67,71.7,973.59,284.3,2.21,13,94390,,,,,,
20211030:0300,2021,10,30,03,8,349.95,82.9,13.87,69.75,903.25,286.05,1.52,2,94410,,,,,,
20211030:0400,2021,10,30,04,9,519.8,98.45,19.56,39.8,918.99,292.05,1.72,330,94460,,,,,,
20211030:0500,2021,10,30,05,10,640.2,107.2,21.6,31.15,917.22,299.55,2.28,316,94470,,,,,,
20211030:0600,2021,10,30,06,11,699.25,111.15,22.89,28.25,897.67,305.55,2.83,314,94440,,,,,,
20211030:0700,2021,10,30,07,12,689.05,110.4,23.82,27.35,856.56,308.85,3.24,313,94430,,,,,,
20211030:0800,2021,10,30,08,13,612.4,105.1,24.22,26.45,791.5,311.95,3.45,314,94330,,,,,,
20211030:0900,2021,10,30,09,14,476.6,94.5,24.26,26.45,690.12,312.95,3.45,314,94260,,,,,,
20211030:1000,2021,10,30,10,15,296.95,76.7,23.88,26.45,524.79,312.75,3.24,314,94200,,,,,,
20211030:1100,2021,10,30,11,16,105.25,42.8,22.99,31.55,251.68,310.8,2.48,313,94210,,,,,,
20211030:1200,2021,10,30,12,17,2.4,2.05,21.15,41.7,6.91,306.35,1.86,322,94180,,,,,,
20211030:1300,2021,10,30,13,18,0,0,18.63,54.95,0,300.15,1.86,347,94180,,,,,,
20211030:1400,2021,10,30,14,19,0,0,16.76,60.75,0,297.05,2,4,94180,,,,,,
20211030:1500,2021,10,30,15,20,0,0,15.36,62.75,0,294.75,2.07,12,94190,,,,,,
20211030:1600,2021,10,30,16,21,0,0,14.32,64.85,0,293.2,2.14,16,94200,,,,,,
20211030:1700,2021,10,30,17,22,0,0,13.49,64.75,0,291.25,2.21,19,94170,,,,,,
20211030:1800,2021,10,30,18,23,0,0,12.79,64.65,0,289.5,2.28,21,94140,,,,,,
20211030:1900,2021,10,30,19,0,0,0,12.6,69.45,0,290.1,2.14,23,94120,,,,,,
20211030:2000,2021,10,30,20,1,0,0,12.2,69.35,0,288.35,2.21,19,94050,,,,,,
20211030:2100,2021,10,30,21,2,0,0,11.74,66.85,0,285.45,2.28,17,94030,,,,,,
20211030:2200,2021,10,30,22,3,0,0,11.29,69.25,0,283.5,2.34,13,93950,,,,,,
20211030:2300,2021,10,30,23,4,0,0,10.91,69.15,0,280.05,2.41,10,93930,,,,,,
20211031:0000,2021,10,31,00,5,0,0,10.48,71.7,0,276.75,2.48,9,93950,,,,,,
20211031:0100,2021,10,31,01,6,0,0,9.98,71.6,0,273.35,2.48,9,93970,,,,,,
20211031:0200,2021,10,31,02,7,159.1,55.55,9.7,74.2,1032.22,270.75,2.28,6,93980,,,,,,
20211031:0300,2021,10,31,03,8,357.15,83.15,12.95,72.1,938.33,271.5,1.59,356,94020,,,,,,
20211031:0400,2021,10,31,04,9,529.65,98.55,18.91,41.15,948.28,277.1,1.72,333,94060,,,,,,
20211031:0500,2021,10,31,05,10,651.2,107.15,21.28,31.05,942.83,285.25,2.07,321,94080,,,,,,
20211031:0600,2021,10,31,06,11,709.9,110.7,22.82,27.05,920.49,291.65,2.28,316,94050,,,,,,
20211031:0700,2021,10,31,07,12,698.3,111.7,23.68,25.35,873.79,296.1,2.41,310,94030,,,,,,
20211031:0800,2021,10,31,08,13,620.65,103.5,24.19,24.55,812.16,300.15,2.41,305,93920,,,,,,
20211031:0900,2021,10,31,09,14,482.1,94.05,24.33,24.55,706.06,301.5,2.21,298,93860,,,,,,
20211031:1000,2021,10,31,10,15,299.75,75.1,23.97,25.5,540.28,302.5,2,294,93820,,,,,,
20211031:1100,2021,10,31,11,16,104.6,41.75,23.04,29.3,257.08,300.35,1.31,294,93810,,,,,,
20211031:1200,2021,10,31,12,17,2.05,1.8,21.44,38.9,5.28,296.3,1.03,318,93830,,,,,,
20211031:1300,2021,10,31,13,18,0,0,18.4,61.2,0,289.7,1.24,18,93850,,,,,,
20211031:1400,2021,10,31,14,19,0,0,16.46,60.75,0,287,2,46,93890,,,,,,
20211031:1500,2021,10,31,15,20,0,0,14.98,62.65,0,285.45,2.41,57,93910,,,,,,
20211031:1600,2021,10,31,16,21,0,0,8.39,82.06,0,275.12,2.96,59,93920,,,,,,
20211031:1700,2021,10,31,17,22,0,0,9.31,78.67,0,277.17,2.8,62,93940,,,,,,
20211031:1800,2021,10,31,18,23,0,0,10.22,75.27,0,279.23,2.65,63,93930,,,,,,
20211031:1900,2021,10,31,19,0,0,0,11.13,71.88,0,281.28,2.49,66,93920,,,,,,
20211031:2000,2021,10,31,20,1,0,0,12.04,68.48,0,283.34,2.34,64,93860,,,,,,
20211031:2100,2021,10,31,21,2,0,0,12.95,65.09,0,285.4,2.18,60,93860,,,,,,
20211031:2200,2021,10,31,22,3,0,0,13.86,61.69,0,287.45,2.02,53,93810,,,,,,
20211031:2300,2021,10,31,23,4,0,0,14.78,58.29,0,289.51,1.87,47,93830,,,,,,
20071101:0000,2007,11,01,00,5,0,0,15.69,54.9,0,291.56,1.71,40,94130,,,,,,
20071101:0100,2007,11,01,01,6,0,0,16.6,51.5,0,293.62,1.55,38,94160,,,,,,
20071101:0200,2007,11,01,02,7,155.2,54.9,17.51,48.11,1034.68,295.67,1.4,42,94210,,,,,,
20071101:0300,2007,11,01,03,8,350.15,82.55,18.42,44.71,928.02,297.73,1.24,49,94280,,,,,,
20071101:0400,2007,11,01,04,9,520.45,97.95,19.33,41.32,937.38,299.78,1.09,66,94340,,,,,,
20071101:0500,2007,11,01,05,10,640.75,106.9,20.25,37.92,931.7,301.84,0.93,224,94360,,,,,,
20071101:0600,2007,11,01,06,11,697.05,110.65,21.16,34.53,906.62,303.9,0.77,236,94350,,,,,,
20071101:0700,2007,11,01,07,12,686.7,109.85,22.07,31.13,864.67,305.95,0.62,228,94340,,,,,,
20071101:0800,2007,11,01,08,13,609.9,104.45,27.39,20.25,798.99,324.15,1.03,257,94270,,,,,,
20071101:0900,2007,11,01,09,14,474,93.85,27.71,19.5,696.77,325.9,1.38,267,94190,,,,,,
20071101:1000,2007,11,01,10,15,294.1,76,27.61,19.5,529.39,325.3,1.59,271,94160,,,,,,
20071101:1100,2007,11,01,11,16,102.35,41.7,26.79,21.7,251.76,321.45,1.59,278,94150,,,,,,
20071101:1200,2007,11,01,12,17,1.95,1.75,25.17,26.7,4.54,314.5,1.45,298,94120,,,,,,
20071101:1300,2007,11,01,13,18,0,0,22.91,33.85,0,305,1.59,339,94120,,,,,,
20071101:1400,2007,11,01,14,19,0,0,21.04,38.75,0,300.35,1.93,7,94140,,,,,,
20071101:1500,2007,11,01,15,20,0,0,19.32,44.3,0,297.25,2.07,21,94150,,,,,,
20071101:1600,2007,11,01,16,21,0,0,17.75,50.85,0,295.1,2.07,29,94150,,,,,,
20071101:1700,2007,11,01,17,22,0,0,16.46,52.65,0,293.6,2,33,94150,,,,,,
20071101:1800,2007,11,01,18,23,0,0,15.42,56.35,0,292.2,2,36,94120,,,,,,
20071101:1900,2007,11,01,19,0,0,0,14.8,60.4,0,292.6,2.07,45,94120,,,,,,
20071101:2000,2007,11,01,20,1,0,0,14.07,60.3,0,291.85,2.21,47,94100,,,,,,
20071101:2100,2007,11,01,21,2,0,0,13.27,64.65,0,290.85,2.28,49,94040,,,,,,
20071101:2200,2007,11,01,22,3,0,0,12.55,66.95,0,289.3,2.28,50,94010,,,,,,
20071101:2300,2007,11,01,23,4,0,0,11.96,69.35,0,287.95,2.21,52,93990,,,,,,
20071102:0000,2007,11,02,00,5,0,0,11.51,71.85,0,287.2,2.21,52,93980,,,,,,
20071102:0100,2007,11,02,01,6,0,0,11.18,74.45,0,285.95,2.21,54,94020,,,,,,
20071102:0200,2007,11,02,02,7,151.65,53.95,11.1,71.75,1044.37,285.45,2,57,94020,,,,,,
20071102:0300,2007,11,02,03,8,345,81.6,15.17,60.5,925.2,288.35,1.03,62,94070,,,,,,
20071102:0400,2007,11,02,04,9,513.55,96.9,21.08,37.35,932.44,296.85,0.48,145,94140,,,,,,
20071102:0500,2007,11,02,05,10,632.3,105.75,23.44,28.25,925.51,308.3,0.83,197,94150,,,,,,
20071102:0600,2007,11,02,06,11,690.25,109.5,25.01,23.9,903.68,317.4,0.97,214,94120,,,,,,
20071102:0700,2007,11,02,07,12,679.5,108.7,25.7,23.15,860.97,322.2,0.97,230,94140,,,,,,
20071102:0800,2007,11,02,08,13,602.6,103.35,26.44,22.4,794.33,326.5,1.1,239,94060,,,,,,
20071102:0900,2007,11,02,09,14,466.9,92.75,26.74,21.7,690.79,327.65,1.17,242,93960,,,,,,
20071102:1000,2007,11,02,10,15,287.75,74.85,26.65,21.7,521.53,327.05,1.24,239,93930,,,,,,
20071102:1100,2007,11,02,11,16,98.25,40.35,25.98,23.15,243.89,323.4,0.97,241,93910,,,,,,
20071102:1200,2007,11,02,12,17,1.65,1.5,24.59,27.6,3.68,317,0.34,252,93900,,,,,,
20071102:1300,2007,11,02,13,18,0,0,22.62,32.6,0,309.25,0.83,47,93910,,,,,,
20071102:1400,2007,11,02,14,19,0,0,20.77,38.65,0,304.6,2,53,93950,,,,,,
20071102:1500,2007,11,02,15,20,0,0,18.89,45.85,0,301.7,2.34,54,93970,,,,,,
20071102:1600,2007,11,02,16,21,0,0,17.21,52.65,0,299,2.41,54,93980,,,,,,
20071102:1700,2007,11,02,17,22,0,0,15.86,58.45,0,296.5,2.34,52,93990,,,,,,
20071102:1800,2007,11,02,18,23,0,0,14.88,62.65,0,295.1,2.28,49,93980,,,,,,
20071102:1900,2007,11,02,19,0,0,0,14.19,64.85,0,297.25,2.28,52,93950,,,,,,
20071102:2000,2007,11,02,20,1,0,0,13.78,67.15,0,303.05,2.21,52,93930,,,,,,
20071102:2100,2007,11,02,21,2,0,0,13.41,67.15,0,302.85,2.14,52,93880,,,,,,
20071102:2200,2007,11,02,22,3,0,0,13.05,69.55,0,300.95,2.14,50,93820,,,,,,
20071102:2300,2007,11,02,23,4,0,0,12.85,72.05,0,301.9,2.07,46,93790,,,,,,
20071103:0000,2007,11,03,00,5,0,0,12.7,69.45,0,304.05,2.07,41,93770,,,,,,
20071103:0100,2007,11,03,01,6,0,0,12.45,66.95,0,303.75,2,38,93800,,,,,,
20071103:0200,2007,11,03,02,7,135.45,66.7,12.27,69.35,762.58,297.65,1.79,38,93850,,,,,,
20071103:0300,2007,11,03,03,8,326.4,98.1,15.84,58.45,812.36,303.05,0.97,47,93930,,,,,,
20071103:0400,2007,11,03,04,9,497.9,107.25,21.27,32.2,881.92,307.7,0.28,62,94000,,,,,,
20071103:0500,2007,11,03,05,10,621.55,104.1,23.5,26.35,916.02,317,0.21,210,94040,,,,,,
20071103:0600,2007,11,03,06,11,666.25,127.75,25.09,23.9,843.35,321.85,0.62,213,94050,,,,,,
20071103:0700,2007,11,03,07,12,661.85,118.05,25.49,23.9,825.38,333.85,0.97,205,94070,,,,,,
20071103:0800,2007,11,03,08,13,578.85,124.1,26.21,22.4,728.22,336.15,1.03,200,93990,,,,,,
20071103:0900,2007,11,03,09,14,441.65,116.15,26.54,21.7,605.33,336.95,1.03,190,93940,,,,,,
20071103:1000,2007,11,03,10,15,244.05,118.2,26.46,22.4,311.1,342.75,1.1,180,93900,,,,,,
20071103:1100,2007,11,03,11,16,77.6,54.75,25.81,24.9,97.66,349.9,0.97,172,93900,,,,,,
20071103:1200,2007,11,03,12,17,1.25,1.25,24.41,30.7,0,345.05,0.9,152,93920,,,,,,
20071103:1300,2007,11,03,13,18,0,0,22.68,36.4,0,342.75,1.38,108,93970,,,,,,
20071103:1400,2007,11,03,14,19,0,0,21.27,41.7,0,341.55,1.93,89,94030,,,,,,
20071103:1500,2007,11,03,15,20,0,0,20.06,46.2,0,333.45,2.14,81,94090,,,,,,
20071103:1600,2007,11,03,16,21,0,0,19.17,51.25,0,334.8,2.07,77,94140,,,,,,
20071103:1700,2007,11,03,17,22,0,0,18.43,54.85,0,330.75,2.07,71,94170,,,,,,
20071103:1800,2007,11,03,18,23,0,0,17.86,58.8,0,333.05,2.14,68,94170,,,,,,
20071103:1900,2007,11,03,19,0,0,0,17.42,63.05,0,342.95,2,59,94150,,,,,,
20071103:2000,2007,11,03,20,1,0,0,17.12,63.05,0,343.3,2.07,55,94160,,,,,,
20071103:2100,2007,11,03,21,2,0,0,16.99,60.85,0,350.85,2,55,94120,,,,,,
20071103:2200,2007,11,03,22,3,0,0,16.78,63.05,0,353,1.86,53,94120,,,,,,
20071103:2300,2007,11,03,23,4,0,0,16.44,63.05,0,349.3,1.86,49,94120,,,,,,
20071104:0000,2007,11,04,00,5,0,0,16.36,65.25,0,357.25,1.72,54,94160,,,,,,
20071104:0100,2007,11,04,01,6,0,0,16.16,65.25,0,353.9,1.59,51,94200,,,,,,
20071104:0200,2007,11,04,02,7,98.55,72.8,16.33,65.25,296.82,356.65,1.79,48,94250,,,,,,
20071104:0300,2007,11,04,03,8,295.9,110.85,18.23,63.3,667.17,336.35,1.24,44,94300,,,,,,
20071104:0400,2007,11,04,04,9,445.65,130.4,22.89,37.75,717.98,339.25,0.55,23,94380,,,,,,
20071104:0500,2007,11,04,05,10,544.4,184.1,24.45,33,642.4,349.5,0.69,261,94420,,,,,,
20071104:0600,2007,11,04,06,11,562.7,251.45,25.6,28.9,490.6,357.05,1.31,260,94430,,,,,,
20071104:0700,2007,11,04,07,12,563.8,230.4,25.67,28.9,509.2,360.15,2.07,293,94420,,,,,,
20071104:0800,2007,11,04,08,13,520.8,180.4,26.23,26.95,548.62,363.45,1.79,298,94340,,,,,,
20071104:0900,2007,11,04,09,14,431.6,106.3,26.56,26.1,609.31,358.8,1.66,295,94260,,,,,,
20071104:1000,2007,11,04,10,15,264.4,77.2,26.56,26.1,466.92,347.75,1.52,290,94250,,,,,,
20071104:1100,2007,11,04,11,16,88.1,37.65,25.93,28.9,218.74,339.45,1.45,293,94220,,,,,,
20071104:1200,2007,11,04,12,17,1,1,24.6,34.4,0,332.5,1.38,306,94240,,,,,,
20071104:1300,2007,11,04,13,18,0,0,22.67,40.6,0,324.75,1.66,338,94260,,,,,,
20071104:1400,2007,11,04,14,19,0,0,21.01,44.85,0,322.2,1.93,0,94320,,,,,,
20071104:1500,2007,11,04,15,20,0,0,19.58,49.55,0,317.55,2.07,18,94340,,,,,,
20071104:1600,2007,11,04,16,21,0,0,18.37,54.85,0,315.45,2.14,29,94370,,,,,,
20071104:1700,2007,11,04,17,22,0,0,17.28,56.6,0,312.95,2.14,33,94370,,,,,,
20071104:1800,2007,11,04,18,23,0,0,16.37,58.6,0,310.8,2.14,33,94360,,,,,,
20071104:1900,2007,11,04,19,0,0,0,15.68,60.65,0,310.2,2.14,35,94370,,,,,,
20071104:2000,2007,11,04,20,1,0,0,15.29,60.5,0,308.85,2.21,33,94360,,,,,,
20071104:2100,2007,11,04,21,2,0,0,14.87,62.65,0,308.1,2.21,33,94310,,,,,,
20071104:2200,2007,11,04,22,3,0,0,14.36,62.55,0,306.55,2.21,33,94270,,,,,,
20071104:2300,2007,11,04,23,4,0,0,13.83,64.75,0,304.8,2.07,28,94230,,,,,,
20071105:0000,2007,11,05,00,5,0,0,13.35,67.05,0,303.85,2,18,94220,,,,,,
20071105:0100,2007,11,05,01,6,0,0,13.06,67.05,0,302.6,2,8,94250,,,,,,
20071105:0200,2007,11,05,02,7,137.9,50.3,13.06,67.05,1051,301.7,2,5,94290,,,,,,
20071105:0300,2007,11,05,03,8,324.7,78.55,16.11,60.75,899.34,304.4,1.52,354,94310,,,,,,
20071105:0400,2007,11,05,04,9,490.2,94,21.43,41.7,910.38,311.4,1.86,322,94350,,,,,,
20071105:0500,2007,11,05,05,10,607.85,102.8,23.88,36.7,906.98,320.65,2.48,309,94340,,,,,,
20071105:0600,2007,11,05,06,11,664.55,106.7,25.63,31.1,884.98,328.4,3.03,306,94310,,,,,,
20071105:0700,2007,11,05,07,12,655.65,105.7,26.8,29.15,845.17,334.4,3.66,306,94230,,,,,,
20071105:0800,2007,11,05,08,13,581.9,99.7,27.5,27.25,782.15,337.3,3.79,305,94140,,,,,,
20071105:0900,2007,11,05,09,14,449.2,89.85,27.7,26.25,677.89,338.1,3.79,304,94010,,,,,,
20071105:1000,2007,11,05,10,15,273.85,72.15,27.39,26.25,507.58,337.1,3.52,304,93960,,,,,,
20071105:1100,2007,11,05,11,16,89.4,37.1,26.35,31.2,230.02,333.85,2.55,306,93930,,,,,,
20071105:1200,2007,11,05,12,17,0.85,0.85,24.37,38.15,0,328,2.07,315,93890,,,,,,
20071105:1300,2007,11,05,13,18,0,0,22.3,45.1,0,320.5,2,341,93890,,,,,,
20071105:1400,2007,11,05,14,19,0,0,20.82,49.8,0,316.4,2,360,93910,,,,,,
20071105:1500,2007,11,05,15,20,0,0,19.44,55.05,0,314.1,1.86,7,93920,,,,,,
20071105:1600,2007,11,05,16,21,0,0,18.13,58.9,0,312.35,1.72,12,93930,,,,,,
20071105:1700,2007,11,05,17,22,0,0,17.03,63.05,0,310.6,1.72,19,93930,,,,,,
20071105:1800,2007,11,05,18,23,0,0,16.19,62.95,0,309.25,1.86,31,93920,,,,,,
20071105:1900,2007,11,05,19,0,0,0,15.69,65.15,0,309.45,2.28,72,93960,,,,,,
20071105:2000,2007,11,05,20,1,0,0,15.42,62.85,0,308.65,2.41,76,93950,,,,,,
20071105:2100,2007,11,05,21,2,0,0,15.18,65.05,0,307.5,2.55,78,93930,,,,,,
20071105:2200,2007,11,05,22,3,0,0,14.82,67.35,0,305.75,2.55,77,93870,,,,,,
20071105:2300,2007,11,05,23,4,0,0,14.43,67.35,0,304.05,2.48,78,93880,,,,,,
20071106:0000,2007,11,06,00,5,0,0,14.11,67.25,0,302.85,2.41,77,93900,,,,,,
20071106:0100,2007,11,06,01,6,0,0,13.87,69.65,0,302.2,2.34,76,93950,,,,,,
20071106:0200,2007,11,06,02,7,135.05,49.75,13.8,69.65,1067.02,301.5,2.28,74,93970,,,,,,
20071106:0300,2007,11,06,03,8,321.55,77.95,16.69,63.05,902.1,304.6,1.52,76,94030,,,,,,
20071106:0400,2007,11,06,04,9,486.75,93.2,22.01,43.5,912.4,312.95,1.24,106,94110,,,,,,
20071106:0500,2007,11,06,05,10,604,101.85,24.31,36.8,908.29,323.4,1.17,129,94120,,,,,,
20071106:0600,2007,11,06,06,11,658.2,105.9,25.85,33.4,881.84,332.1,1.17,153,94090,,,,,,
20071106:0700,2007,11,06,07,12,648.1,105.2,26.73,33.7,839.51,340,1.1,166,94050,,,,,,
20071106:0800,2007,11,06,08,13,573.1,99.9,27.36,32.65,772.44,343.9,1.03,186,93970,,,,,,
20071106:0900,2007,11,06,09,14,440.55,89.25,27.61,32.65,667.38,345.85,0.97,196,93910,,,,,,
20071106:1000,2007,11,06,10,15,266.15,71.7,27.44,32.65,493.64,346,0.9,198,93850,,,,,,
20071106:1100,2007,11,06,11,16,82.95,37.85,26.82,34.9,201.16,343.5,0.83,190,93880,,,,,,
20071106:1200,2007,11,06,12,17,0.7,0.7,25.29,41.25,0,339.65,0.62,146,93860,,,,,,
20071106:1300,2007,11,06,13,18,0,0,23.39,48.7,0,334.4,1.59,90,93900,,,,,,
20071106:1400,2007,11,06,14,19,0,0,21.58,55.65,0,333.65,2.28,81,93940,,,,,,
20071106:1500,2007,11,06,15,20,0,0,20.15,61.5,0,325.5,2.41,80,93980,,,,,,
20071106:1600,2007,11,06,16,21,0,0,19.09,65.75,0,321.45,2.41,79,94020,,,,,,
20071106:1700,2007,11,06,17,22,0,0,18.31,70.35,0,319.9,2.34,78,94070,,,,,,
20071106:1800,2007,11,06,18,23,0,0,17.73,72.8,0,319.5,2.41,75,94070,,,,,,
20071106:1900,2007,11,06,19,0,0,0,17.3,75.3,0,318.95,2.48,73,94120,,,,,,
20071106:2000,2007,11,06,20,1,0,0,16.99,75.3,0,319.1,2.55,71,94110,,,,,,
20071106:2100,2007,11,06,21,2,0,0,16.65,75.3,0,318.35,2.62,68,94070,,,,,,
20071106:2200,2007,11,06,22,3,0,0,16.18,75.25,0,317.95,2.62,65,94040,,,,,,
20071106:2300,2007,11,06,23,4,0,0,15.67,77.85,0,316.2,2.55,63,94020,,,,,,
20071107:0000,2007,11,07,00,5,0,0,15.13,80.6,0,315.05,2.48,61,94020,,,,,,
20071107:0100,2007,11,07,01,6,0,0,14.5,80.55,0,313.45,2.34,57,94060,,,,,,
20071107:0200,2007,11,07,02,7,129.2,48.35,14.06,83.4,1056.38,312.35,2,44,94120,,,,,,
20071107:0300,2007,11,07,03,8,310.5,77.05,16.76,75.3,876.4,315.65,1.1,28,94210,,,,,,
20071107:0400,2007,11,07,04,9,471.6,92.65,21.96,53.75,886.47,324.55,0.97,338,94300,,,,,,
20071107:0500,2007,11,07,05,10,587.25,99.7,23.59,47.15,888.27,335.95,0.83,310,94320,,,,,,
20071107:0600,2007,11,07,06,11,634.5,109.1,24.8,42.65,844.3,345.05,0.83,291,94320,,,,,,
20071107:0700,2007,11,07,07,12,625.05,117.15,25.82,41.4,790.24,355.7,1.31,262,94230,,,,,,
20071107:0800,2007,11,07,08,13,515.4,134.8,26.23,38.7,625.21,360.55,0.9,286,94180,,,,,,
20071107:0900,2007,11,07,09,14,411.25,102.5,26.4,38.7,590.64,359.95,0.55,321,94110,,,,,,
20071107:1000,2007,11,07,10,15,249.4,73.5,26.34,37.35,450.42,359.95,0.62,35,94090,,,,,,
20071107:1100,2007,11,07,11,16,77.35,37.6,25.87,38.55,179.78,354.75,0.55,45,94080,,,,,,
20071107:1200,2007,11,07,12,17,0.55,0.55,24.73,42.65,0,348.75,0.28,1,94070,,,,,,
20071107:1300,2007,11,07,13,18,0,0,23.13,48.7,0,340,0.76,14,94120,,,,,,
20071107:1400,2007,11,07,14,19,0,0,21.79,53.75,0,335.95,1.52,24,94150,,,,,,
20071107:1500,2007,11,07,15,20,0,0,20.51,57.45,0,333.25,2,29,94180,,,,,,
20071107:1600,2007,11,07,16,21,0,0,19.12,63.5,0,330.35,2.14,36,94190,,,,,,
20071107:1700,2007,11,07,17,22,0,0,18.06,67.95,0,328.4,2.14,43,94230,,,,,,
20071107:1800,2007,11,07,18,23,0,0,17.23,72.7,0,325.5,2.07,42,94210,,,,,,
20071107:1900,2007,11,07,19,0,0,0,16.78,75.3,0,327.65,2.14,43,94170,,,,,,
20071107:2000,2007,11,07,20,1,0,0,16.12,77.95,0,324.55,1.93,36,94120,,,,,,
20071107:2100,2007,11,07,21,2,0,0,15.68,80.65,0,323.55,1.86,41,94100,,,,,,
20071107:2200,2007,11,07,22,3,0,0,15.24,80.6,0,322.6,1.93,43,94040,,,,,,
20071107:2300,2007,11,07,23,4,0,0,14.81,83.45,0,319.1,1.93,36,94030,,,,,,
20071108:0000,2007,11,08,00,5,0,0,14.53,80.55,0,317,1.93,25,94030,,,,,,
20071108:0100,2007,11,08,01,6,0,0,14.25,83.4,0,314.95,2,20,94060,,,,,,
20071108:0200,2007,11,08,02,7,125.5,47.35,14.03,80.45,1068.67,313.3,1.93,23,94120,,,,,,
20071108:0300,2007,11,08,03,8,306.7,76.2,16.96,72.7,877.37,315.45,1.1,20,94180,,,,,,
20071108:0400,2007,11,08,04,9,469.1,91.7,21.79,50.05,890.86,322.6,1.17,350,94240,,,,,,
20071108:0500,2007,11,08,05,10,585.35,100.2,23.91,39.45,890.31,331.1,1.38,329,94250,,,,,,
20071108:0600,2007,11,08,06,11,643.5,103.55,25.35,33.3,873.27,338.3,1.66,312,94230,,,,,,
20071108:0700,2007,11,08,07,12,635.1,103.1,25.9,32.25,832.83,340.4,1.31,289,94230,,,,,,
20071108:0800,2007,11,08,08,13,562.9,97.05,26.44,29.05,770.04,342.55,1.17,278,94120,,,,,,
20071108:0900,2007,11,08,09,14,432.05,87,26.65,27.1,664.63,342.75,0.97,261,94040,,,,,,
20071108:1000,2007,11,08,10,15,258.9,70.2,26.5,28,487.34,340.4,0.76,241,94000,,,,,,
20071108:1100,2007,11,08,11,16,80.7,33.95,25.88,29.95,214.35,336.75,0.76,229,94000,,,,,,
20071108:1200,2007,11,08,12,17,0.45,0.45,24.56,34.4,0,330.15,0.69,263,94010,,,,,,
20071108:1300,2007,11,08,13,18,0,0,22.79,40.6,0,322.2,0.9,357,94050,,,,,,
20071108:1400,2007,11,08,14,19,0,0,21.2,44.85,0,317,1.93,32,94110,,,,,,
20071108:1500,2007,11,08,15,20,0,0,19.45,49.55,0,313.3,2.28,46,94130,,,,,,
20071108:1600,2007,11,08,16,21,0,0,17.75,58.8,0,311.4,2.34,50,94140,,,,,,
20071108:1700,2007,11,08,17,22,0,0,16.51,60.85,0,307.9,2.28,52,94170,,,,,,
20071108:1800,2007,11,08,18,23,0,0,15.77,65.15,0,305.55,2.28,54,94180,,,,,,
20071108:1900,2007,11,08,19,0,0,0,15.49,65.15,0,307.9,2.28,57,94140,,,,,,
20071108:2000,2007,11,08,20,1,0,0,15.06,67.45,0,306.15,2.34,58,94120,,,,,,
20071108:2100,2007,11,08,21,2,0,0,14.6,69.85,0,305.55,2.34,60,94100,,,,,,
20071108:2200,2007,11,08,22,3,0,0,14.17,72.3,0,304.8,2.28,61,94100,,,,,,
20071108:2300,2007,11,08,23,4,0,0,13.72,72.2,0,304.2,2.21,62,94070,,,,,,
20071109:0000,2007,11,09,00,5,0,0,13.38,74.75,0,303.05,2.21,63,94080,,,,,,
20071109:0100,2007,11,09,01,6,0,0,13.12,74.75,0,302.95,2.14,63,94120,,,,,,
20071109:0200,2007,11,09,02,7,123.65,46.8,13.02,74.75,1102.19,303.65,2.14,63,94180,,,,,,
20071109:0300,2007,11,09,03,8,304.15,75.4,15.8,70,882.97,307.1,1.31,69,94250,,,,,,
20071109:0400,2007,11,09,04,9,463.5,91.15,21.11,48.2,886.95,317,1.31,105,94330,,,,,,
20071109:0500,2007,11,09,05,10,577.55,99.55,22.93,45.25,883.56,328.2,1.86,134,94360,,,,,,
20071109:0600,2007,11,09,06,11,635.05,102.9,24.16,42.5,866.19,337.7,2.07,146,94330,,,,,,
20071109:0700,2007,11,09,07,12,628.55,100.15,24.07,41,832.25,336.15,1.52,159,94300,,,,,,
20071109:0800,2007,11,09,08,13,548.3,100.7,24.56,38.3,744.46,340.4,1.45,154,94210,,,,,,
20071109:0900,2007,11,09,09,14,377.05,96.15,24.76,38.3,544.75,343.5,1.38,157,94150,,,,,,
20071109:1000,2007,11,09,10,15,242.4,66.5,24.53,38.3,458.1,342.95,1.38,160,94090,,,,,,
20071109:1100,2007,11,09,11,16,73.1,31.65,24.04,39.55,192.63,341.75,1.31,140,94070,,,,,,
20071109:1200,2007,11,09,12,17,0.3,0.3,22.75,46.85,0,338.85,1.17,125,94070,,,,,,
20071109:1300,2007,11,09,13,18,0,0,21.18,51.75,0,332.3,1.45,94,94100,,,,,,
20071109:1400,2007,11,09,14,19,0,0,20.08,55.3,0,328.4,1.86,74,94160,,,,,,
20071109:1500,2007,11,09,15,20,0,0,19.08,59.15,0,326.5,2.07,65,94170,,,,,,
20071109:1600,2007,11,09,16,21,0,0,18.11,63.3,0,326.65,2.14,60,94200,,,,,,
20071109:1700,2007,11,09,17,22,0,0,17.08,67.75,0,321.85,2.21,56,94210,,,,,,
20071109:1800,2007,11,09,18,23,0,0,16.28,67.65,0,324.55,2.07,51,94200,,,,,,
20071109:1900,2007,11,09,19,0,0,0,15.46,72.55,0,322,2.21,52,94150,,,,,,
20071109:2000,2007,11,09,20,1,0,0,14.98,75.1,0,320.1,2.21,46,94140,,,,,,
20071109:2100,2007,11,09,21,2,0,0,14.56,77.75,0,319.1,2.21,46,94080,,,,,,
20071109:2200,2007,11,09,22,3,0,0,13.96,77.65,0,315.25,2.07,43,94050,,,,,,
20071109:2300,2007,11,09,23,4,0,0,13.49,80.4,0,312.75,2,43,94040,,,,,,
20071110:0000,2007,11,10,00,5,0,0,13.11,80.35,0,311.75,2,45,94070,,,,,,
20071110:0100,2007,11,10,01,6,0,0,12.65,83.25,0,314.2,1.79,32,94100,,,,,,
20071110:0200,2007,11,10,02,7,117,45.35,12.54,83.25,1080.27,312.35,1.79,33,94150,,,,,,
20071110:0300,2007,11,10,03,8,290.65,74.05,15.42,72.55,847.98,319.5,1.03,32,94210,,,,,,
20071110:0400,2007,11,10,04,9,443.05,88.05,20.19,49.7,853.37,319.7,0.76,351,94290,,,,,,
20071110:0500,2007,11,10,05,10,561.9,108.5,21.96,43.4,844.18,330.35,0.9,300,94320,,,,,,
20071110:0600,2007,11,10,06,11,615.75,107.75,23.18,37.9,832.18,338.3,1.45,291,94330,,,,,,
20071110:0700,2007,11,10,07,12,586.95,108.7,23.65,38.05,757.83,341.95,1.45,305,94250,,,,,,
20071110:0800,2007,11,10,08,13,518.8,96.3,24.15,35.5,707.03,346.2,1.17,288,94210,,,,,,
20071110:0900,2007,11,10,09,14,413.25,84.4,24.32,35.5,642.02,345.05,0.97,267,94140,,,,,,
20071110:1000,2007,11,10,10,15,244.75,74.6,24.26,35.5,446.8,346.2,0.9,245,94120,,,,,,
20071110:1100,2007,11,10,11,16,63.25,27,23.71,38.05,170.71,343.3,0.28,267,94130,,,,,,
20071110:1200,2007,11,10,12,17,0.2,0.2,22.77,42.1,0,348.35,0.62,60,94160,,,,,,
20071110:1300,2007,11,10,13,18,0,0,21.08,48.2,0,341.4,1.79,62,94220,,,,,,
20071110:1400,2007,11,10,14,19,0,0,19.34,57.1,0,337.3,2.14,59,94290,,,,,,
20071110:1500,2007,11,10,15,20,0,0,18.22,61.05,0,336.95,2.28,58,94320,,,,,,
20071110:1600,2007,11,10,16,21,0,0,17.18,65.35,0,327.85,2.34,57,94360,,,,,,
20071110:1700,2007,11,10,17,22,0,0,16.36,67.65,0,325.9,2.28,55,94380,,,,,,
20071110:1800,2007,11,10,18,23,0,0,15.71,70,0,326.3,2.14,51,94410,,,,,,
20071110:1900,2007,11,10,19,0,0,0,14.96,69.9,0,318.75,2,43,94330,,,,,,
20071110:2000,2007,11,10,20,1,0,0,14.4,72.4,0,315.45,1.93,34,94360,,,,,,
20071110:2100,2007,11,10,21,2,0,0,14.06,72.3,0,316.8,1.93,32,94320,,,,,,
20071110:2200,2007,11,10,22,3,0,0,13.85,74.85,0,313.9,1.93,31,94290,,,,,,
20071110:2300,2007,11,10,23,4,0,0,13.65,72.2,0,314.5,1.93,28,94290,,,,,,
20071111:0000,2007,11,11,00,5,0,0,13.26,72.1,0,308.5,2,27,94270,,,,,,
20071111:0100,2007,11,11,01,6,0,0,12.86,74.7,0,306.05,2,25,94290,,,,,,
20071111:0200,2007,11,11,02,7,116.25,46.35,12.58,72.05,1110.7,304.6,2,24,94340,,,,,,
20071111:0300,2007,11,11,03,8,293.8,79.35,14.98,67.45,851.66,306.35,1.24,18,94380,,,,,,
20071111:0400,2007,11,11,04,9,459.15,89.2,20.18,43,897.49,313.5,1.31,340,94460,,,,,,
20071111:0500,2007,11,11,05,10,575.45,98.55,22.23,36.3,894.39,321.25,1.79,324,94470,,,,,,
20071111:0600,2007,11,11,06,11,630.65,102.05,23.61,32.9,871.45,328.6,2.28,318,94450,,,,,,
20071111:0700,2007,11,11,07,12,623.5,100.25,24.35,30.7,834.13,331.7,2.48,309,94380,,,,,,
20071111:0800,2007,11,11,08,13,554.6,94.8,24.81,29.7,774.12,333.45,2.48,301,94320,,,,,,
20071111:0900,2007,11,11,09,14,421.05,84.45,24.91,28.65,661.49,334.2,2.41,297,94240,,,,,,
20071111:1000,2007,11,11,10,15,250.35,66.85,24.66,28.65,485.77,333.05,2.14,297,94220,,,,,,
20071111:1100,2007,11,11,11,16,74,31.5,23.9,32.9,202.76,329.75,1.72,298,94200,,,,,,
20071111:1200,2007,11,11,12,17,0.2,0.2,22.45,39.05,0,324.75,1.38,306,94200,,,,,,
20071111:1300,2007,11,11,13,18,0,0,20.82,43.1,0,317.2,1.31,344,94270,,,,,,
20071111:1400,2007,11,11,14,19,0,0,19.51,46.1,0,314.5,1.72,17,94300,,,,,,
20071111:1500,2007,11,11,15,20,0,0,18.17,51,0,313.5,2,37,94320,,,,,,
20071111:1600,2007,11,11,16,21,0,0,16.76,54.6,0,310.4,2.07,44,94350,,,,,,
20071111:1700,2007,11,11,17,22,0,0,15.57,58.45,0,309.85,2.14,43,94350,,,,,,
20071111:1800,2007,11,11,18,23,0,0,14.75,62.65,0,306.35,2.14,41,94350,,,,,,
20071111:1900,2007,11,11,19,0,0,0,14.44,64.95,0,307.5,2.07,46,94300,,,,,,
20071111:2000,2007,11,11,20,1,0,0,13.9,67.25,0,306.15,2.14,46,94270,,,,,,
20071111:2100,2007,11,11,21,2,0,0,13.45,69.65,0,305.4,2.07,42,94290,,,,,,
20071111:2200,2007,11,11,22,3,0,0,13.08,69.55,0,303.25,2.14,39,94230,,,,,,
20071111:2300,2007,11,11,23,4,0,0,12.7,69.45,0,302.1,2.14,37,94190,,,,,,
20071112:0000,2007,11,12,00,5,0,0,12.26,71.95,0,300.95,1.93,31,94180,,,,,,
20071112:0100,2007,11,12,01,6,0,0,11.85,71.85,0,298.9,1.79,20,94190,,,,,,
20071112:0200,2007,11,12,02,7,43.95,43.95,11.78,71.85,0,297.25,1.86,16,94260,,,,,,
20071112:0300,2007,11,12,03,8,298.35,72.35,14.45,62.65,910.6,299.55,1.38,12,94300,,,,,,
20071112:0400,2007,11,12,04,9,459.85,88.35,19.76,41.3,909.57,306.55,1.45,343,94380,,,,,,
20071112:0500,2007,11,12,05,10,575.55,97,21.98,35,904,315.85,1.86,320,94390,,,,,,
20071112:0600,2007,11,12,06,11,631.35,102.8,23.44,32.75,876.9,323.4,2.34,312,94390,,,,,,
20071112:0700,2007,11,12,07,12,622.85,105.35,23.84,30.55,829.89,326.1,2.62,308,94340,,,,,,
20071112:0800,2007,11,12,08,13,547.85,100.9,24.45,28.5,757,327.25,2.41,307,94260,,,,,,
20071112:0900,2007,11,12,09,14,417.4,88.9,24.64,27.6,649.77,329,2.07,299,94190,,,,,,
20071112:1000,2007,11,12,10,15,245.1,74.8,24.42,28.5,454.41,328.4,1.79,286,94160,,,,,,
20071112:1100,2007,11,12,11,16,71.15,32.65,23.65,30.55,186.03,325.9,1.38,273,94130,,,,,,
20071112:1200,2007,11,12,12,17,0.1,0.1,22.3,37.65,0,322.2,0.97,280,94160,,,,,,
20071112:1300,2007,11,12,13,18,0,0,20.76,41.55,0,321.45,0.83,355,94180,,,,,,
20071112:1400,2007,11,12,14,19,0,0,19.37,45.95,0,314.5,1.79,36,94230,,,,,,
20071112:1500,2007,11,12,15,20,0,0,17.72,50.85,0,311.75,2.14,47,94270,,,,,,
20071112:1600,2007,11,12,16,21,0,0,16.32,54.45,0,309.25,2.21,50,94290,,,,,,
20071112:1700,2007,11,12,17,22,0,0,15.37,58.35,0,308.1,2.14,50,94310,,,,,,
20071112:1800,2007,11,12,18,23,0,0,14.73,60.4,0,309.65,2.07,47,94280,,,,,,
20071112:1900,2007,11,12,19,0,0,0,14.47,62.65,0,307.3,2.14,48,94250,,,,,,
20071112:2000,2007,11,12,20,1,0,0,13.96,64.85,0,306.35,2.14,48,94240,,,,,,
20071112:2100,2007,11,12,21,2,0,0,13.41,67.15,0,306.35,1.93,49,94210,,,,,,
20071112:2200,2007,11,12,22,3,0,0,13.06,67.05,0,306.55,1.72,48,94210,,,,,,
20071112:2300,2007,11,12,23,4,0,0,12.89,67.05,0,306.15,2,48,94180,,,,,,
20071113:0000,2007,11,13,00,5,0,0,12.47,66.95,0,306.55,2.07,47,94140,,,,,,
20071113:0100,2007,11,13,01,6,0,0,11.93,69.35,0,302.8,2,45,94190,,,,,,
20071113:0200,2007,11,13,02,7,43.1,43.1,11.48,71.85,0,301.7,1.79,39,94210,,,,,,
20071113:0300,2007,11,13,03,8,290.95,71.55,13.99,69.75,897.02,303.45,0.97,32,94270,,,,,,
20071113:0400,2007,11,13,04,9,441.65,105.4,19.64,42.85,830.89,310.2,0.83,346,94330,,,,,,
20071113:0500,2007,11,13,05,10,520,165,21.78,34.85,675.47,319.7,1.31,320,94320,,,,,,
20071113:0600,2007,11,13,06,11,619.4,108.05,23,32.75,853.72,329.75,2,300,94320,,,,,,
20071113:0700,2007,11,13,07,12,616.4,99.6,23.84,31.7,833.68,332.3,2.34,295,94250,,,,,,
20071113:0800,2007,11,13,08,13,532.5,110.35,24.29,31.85,719.22,335.75,2.55,291,94180,,,,,,
20071113:0900,2007,11,13,09,14,401.6,105.05,24.33,31.85,590.32,337.1,2.28,298,94100,,,,,,
20071113:1000,2007,11,13,10,15,236.1,73.2,24.07,31.85,438.06,334.2,1.86,309,94040,,,,,,
20071113:1100,2007,11,13,11,16,67.45,35.6,23.41,35.25,155.82,331.3,1.59,298,94040,,,,,,
20071113:1200,2007,11,13,12,17,0.05,0.05,21.88,41.85,0,326.85,1.45,294,94030,,,,,,
20071113:1300,2007,11,13,13,18,0,0,20.29,46.2,0,320.1,1.31,323,94100,,,,,,
20071113:1400,2007,11,13,14,19,0,0,19.03,49.45,0,317.95,1.45,6,94140,,,,,,
20071113:1500,2007,11,13,15,20,0,0,17.79,54.7,0,315.25,1.86,29,94180,,,,,,
20071113:1600,2007,11,13,16,21,0,0,16.49,56.6,0,312.35,2.07,43,94230,,,,,,
20071113:1700,2007,11,13,17,22,0,0,15.15,62.75,0,310.8,2.07,51,94240,,,,,,
20071113:1800,2007,11,13,18,23,0,0,14.15,67.25,0,309.65,1.93,52,94220,,,,,,
20071113:1900,2007,11,13,19,0,0,0,13.96,64.85,0,307.9,2,53,94190,,,,,,
20071113:2000,2007,11,13,20,1,0,0,13.48,67.15,0,307.3,2,51,94150,,,,,,
20071113:2100,2007,11,13,21,2,0,0,13.05,69.55,0,306.55,2,48,94150,,,,,,
20071113:2200,2007,11,13,22,3,0,0,12.62,69.45,0,305.55,2,47,94100,,,,,,
20071113:2300,2007,11,13,23,4,0,0,12.14,71.95,0,304.6,2,49,94090,,,,,,
20071114:0000,2007,11,14,00,5,0,0,11.63,71.85,0,303.05,2,49,94080,,,,,,
20071114:0100,2007,11,14,01,6,0,0,11.19,74.45,0,301.05,1.93,46,94070,,,,,,
20071114:0200,2007,11,14,02,7,44.16,44.16,10.94,74.45,0,299.2,1.79,40,94110,,,,,,
20071114:0300,2007,11,14,03,8,289.65,71.95,13.34,72.1,903.29,300.15,1.1,32,94180,,,,,,
20071114:0400,2007,11,14,04,9,451.15,87.35,19.28,42.7,907.31,306.35,0.76,344,94260,,,,,,
20071114:0500,2007,11,14,05,10,566.65,95.8,21.46,33.45,902.39,315.25,1.38,318,94300,,,,,,
20071114:0600,2007,11,14,06,11,624.4,98.55,22.81,31.45,883.44,322.2,1.59,311,94290,,,,,,
20071114:0700,2007,11,14,07,12,613.85,103.35,23.46,30.4,828.34,323.75,1.31,300,94270,,,,,,
20071114:0800,2007,11,14,08,13,540.95,95.75,24.03,28.5,762.92,328.05,1.45,285,94210,,,,,,
20071114:0900,2007,11,14,09,14,414.85,83.25,24.22,28.5,664.23,327.45,1.59,280,94160,,,,,,
20071114:1000,2007,11,14,10,15,243.95,65.7,24.06,28.5,482.99,326.3,1.52,280,94150,,,,,,
20071114:1100,2007,11,14,11,16,67.15,29.7,23.3,32.75,185.46,322.6,1.17,285,94130,,,,,,
20071114:1200,2007,11,14,12,17,0.05,0.05,22,37.65,0,321.65,0.9,296,94160,,,,,,
20071114:1300,2007,11,14,13,18,0,0,20.31,44.6,0,314.1,0.97,356,94200,,,,,,
20071114:1400,2007,11,14,14,19,0,0,18.89,49.3,0,308.65,1.86,25,94250,,,,,,
20071114:1500,2007,11,14,15,20,0,0,17.33,54.6,0,306.15,2.21,37,94290,,,,,,
20071114:1600,2007,11,14,16,21,0,0,15.94,56.5,0,303.45,2.34,42,94310,,,,,,
20071114:1700,2007,11,14,17,22,0,0,14.89,62.65,0,303.65,2.28,44,94340,,,,,,
20071114:1800,2007,11,14,18,23,0,0,14.06,62.55,0,302.1,2.21,45,94330,,,,,,
20071114:1900,2007,11,14,19,0,0,0,13.25,69.55,0,299,2.14,50,94310,,,,,,
20071114:2000,2007,11,14,20,1,0,0,12.74,69.45,0,299.4,2.14,49,94280,,,,,,
20071114:2100,2007,11,14,21,2,0,0,12.35,71.95,0,297.05,2.07,50,94280,,,,,,
20071114:2200,2007,11,14,22,3,0,0,12.03,69.35,0,298.05,2.07,48,94270,,,,,,
20071114:2300,2007,11,14,23,4,0,0,11.62,71.85,0,296.1,2.07,48,94250,,,,,,
20071115:0000,2007,11,15,00,5,0,0,11.2,74.45,0,296.3,2,48,94250,,,,,,
20071115:0100,2007,11,15,01,6,0,0,10.94,71.75,0,299.5,1.86,47,94310,,,,,,
20071115:0200,2007,11,15,02,7,45.65,45.65,10.79,74.4,0,295.1,1.93,44,94330,,,,,,
20071115:0300,2007,11,15,03,8,269.75,87.25,12.92,69.55,768.6,295.3,1.17,44,94420,,,,,,
20071115:0400,2007,11,15,04,9,446.8,91.35,18.61,44.2,894.73,304.2,0.48,359,94500,,,,,,
20071115:0500,2007,11,15,05,10,562.8,94.5,20.84,33.3,903.97,311.4,0.97,320,94550,,,,,,
20071115:0600,2007,11,15,06,11,610.25,113,22.25,31.3,840.6,318.55,1.38,316,94560,,,,,,
20071115:0700,2007,11,15,07,12,601.6,94.65,22.93,32.6,827.34,326.85,2.28,292,94480,,,,,,
20071115:0800,2007,11,15,08,13,537.55,94.8,23.31,32.75,763.08,328.05,1.93,303,94440,,,,,,
20071115:0900,2007,11,15,09,14,406.5,80.85,23.52,30.55,656.33,327.45,1.66,304,94410,,,,,,
20071115:1000,2007,11,15,10,15,231.5,69.3,23.49,30.55,442.76,327.45,1.59,298,94400,,,,,,
20071115:1100,2007,11,15,11,16,67.9,28.7,22.81,35.1,196.43,327.65,1.1,308,94400,,,,,,
20071115:1200,2007,11,15,12,17,0,0,21.54,38.9,0,319.5,0.97,338,94440,,,,,,
20071115:1300,2007,11,15,13,18,0,0,19.88,46.1,0,315.25,1.03,2,94490,,,,,,
20071115:1400,2007,11,15,14,19,0,0,18.55,49.3,0,310.4,1.31,13,94550,,,,,,
20071115:1500,2007,11,15,15,20,0,0,17.26,52.65,0,307.7,1.93,29,94590,,,,,,
20071115:1600,2007,11,15,16,21,0,0,15.81,56.35,0,305.4,2.21,38,94630,,,,,,
20071115:1700,2007,11,15,17,22,0,0,14.71,60.4,0,303.05,2.21,40,94670,,,,,,
20071115:1800,2007,11,15,18,23,0,0,13.92,62.55,0,301.1,2.21,40,94660,,,,,,
20071115:1900,2007,11,15,19,0,0,0,13.67,64.75,0,301.9,2.07,43,94580,,,,,,
20071115:2000,2007,11,15,20,1,0,0,12.94,67.05,0,300.75,2.07,42,94570,,,,,,
20071115:2100,2007,11,15,21,2,0,0,12.37,69.35,0,299.4,2.14,40,94540,,,,,,
20071115:2200,2007,11,15,22,3,0,0,11.99,69.35,0,298.2,2.14,37,94530,,,,,,
20071115:2300,2007,11,15,23,4,0,0,11.67,69.25,0,296.65,2.07,33,94510,,,,,,
20071116:0000,2007,11,16,00,5,0,0,11.34,71.75,0,295.1,2.14,30,94490,,,,,,
20071116:0100,2007,11,16,01,6,0,0,11,69.15,0,292.9,2.14,25,94520,,,,,,
20071116:0200,2007,11,16,02,7,49.31,49.31,10.73,69.1,0,290.85,2.14,21,94550,,,,,,
20071116:0300,2007,11,16,03,8,288.2,70.5,12.81,66.95,930.71,290.85,1.45,12,94620,,,,,,
20071116:0400,2007,11,16,04,9,451.7,85.9,18.44,44.2,929.35,295.7,1.38,336,94680,,,,,,
20071116:0500,2007,11,16,05,10,569.2,94.5,20.93,35.9,922.91,303.45,2,317,94700,,,,,,
20071116:0600,2007,11,16,06,11,627.85,97.95,22.51,29.2,901.33,309.45,2.62,314,94690,,,,,,
20071116:0700,2007,11,16,07,12,621.45,96.45,23.6,26.35,861.7,314.3,3.24,310,94550,,,,,,
20071116:0800,2007,11,16,08,13,549.45,91.8,24.11,24.55,793.21,314.85,3.38,308,94490,,,,,,
20071116:0900,2007,11,16,09,14,418.5,82.65,24.18,23.65,680.96,315.45,3.38,305,94440,,,,,,
20071116:1000,2007,11,16,10,15,246.4,65.15,23.72,25.35,498.35,313.7,3.1,303,94390,,,,,,
20071116:1100,2007,11,16,11,16,69.2,28.1,22.61,29.2,208.33,310.2,2.34,300,94400,,,,,,
20071116:1200,2007,11,16,12,17,0,0,20.65,35.9,0,304.4,1.86,309,94370,,,,,,
20071116:1300,2007,11,16,13,18,0,0,18.87,41.05,0,298.05,1.66,339,94430,,,,,,
20071116:1400,2007,11,16,14,19,0,0,17.44,43.9,0,295.5,1.86,7,94490,,,,,,
20071116:1500,2007,11,16,15,20,0,0,16.09,48.8,0,293.2,2.07,23,94520,,,,,,
20071116:1600,2007,11,16,16,21,0,0,14.8,54.1,0,291.85,2.14,30,94540,,,,,,
20071116:1700,2007,11,16,17,22,0,0,13.65,58,0,290.1,2.14,33,94540,,,,,,
20071116:1800,2007,11,16,18,23,0,0,12.82,62.2,0,288.95,2.14,34,94520,,,,,,
20071116:1900,2007,11,16,19,0,0,0,12.5,62.2,0,288.95,2.14,42,94490,,,,,,
20071116:2000,2007,11,16,20,1,0,0,11.97,64.45,0,288.55,2.14,40,94450,,,,,,
20071116:2100,2007,11,16,21,2,0,0,11.47,64.35,0,287.95,2.07,37,94420,,,,,,
20071116:2200,2007,11,16,22,3,0,0,11.04,66.65,0,287,2.14,32,94370,,,,,,
20071116:2300,2007,11,16,23,4,0,0,10.75,66.55,0,286.2,2.21,27,94360,,,,,,
20071117:0000,2007,11,17,00,5,0,0,10.46,66.55,0,285.05,2.28,24,94330,,,,,,
20071117:0100,2007,11,17,01,6,0,0,10.16,69,0,283.25,2.28,22,94370,,,,,,
20071117:0200,2007,11,17,02,7,53.21,53.21,9.8,71.5,0,281.6,2.21,21,94400,,,,,,
20071117:0300,2007,11,17,03,8,290.5,70.45,12.08,66.85,955.11,281.6,1.45,16,94430,,,,,,
20071117:0400,2007,11,17,04,9,456.05,85.8,17.76,49.05,949.41,286.2,1.1,338,94470,,,,,,
20071117:0500,2007,11,17,05,10,574.5,94.45,20.82,34.55,939.98,293.75,1.66,309,94490,,,,,,
20071117:0600,2007,11,17,06,11,633.15,98.15,22.45,29.05,915.58,300.15,2,300,94440,,,,,,
20071117:0700,2007,11,17,07,12,624.6,97.5,22.36,27.95,870.03,300.35,2.41,301,94390,,,,,,
20071117:0800,2007,11,17,08,13,551,92.55,23,25.2,799,303.25,2.62,299,94350,,,,,,
20071117:0900,2007,11,17,09,14,419.9,82.85,23.19,25.2,687.41,304.6,2.48,300,94270,,,,,,
20071117:1000,2007,11,17,10,15,246.8,65,22.91,26.05,503.38,304.05,2.07,298,94240,,,,,,
20071117:1100,2007,11,17,11,16,68.6,27.65,21.97,30,209.9,301.1,1.52,291,94240,,,,,,
20071117:1200,2007,11,17,12,17,0,0,20.23,35.75,0,295.1,1.59,299,94230,,,,,,
20071117:1300,2007,11,17,13,18,0,0,18.45,39.55,0,288.15,1.52,343,94280,,,,,,
20071117:1400,2007,11,17,14,19,0,0,16.89,43.8,0,285.05,1.93,17,94300,,,,,,
20071117:1500,2007,11,17,15,20,0,0,15.31,50.35,0,282.95,2.14,33,94320,,,,,,
20071117:1600,2007,11,17,16,21,0,0,13.85,55.9,0,281.75,2.21,41,94340,,,,,,
20071117:1700,2007,11,17,17,22,0,0,12.68,62.2,0,279.85,2.14,44,94350,,,,,,
20071117:1800,2007,11,17,18,23,0,0,11.84,66.75,0,279.05,2.07,45,94320,,,,,,
20071117:1900,2007,11,17,19,0,0,0,11.34,71.75,0,279.45,2.07,46,94320,,,,,,
20071117:2000,2007,11,17,20,1,0,0,10.79,71.7,0,279.05,2.07,42,94270,,,,,,
20071117:2100,2007,11,17,21,2,0,0,10.24,74.3,0,277.3,2.07,41,94260,,,,,,
20071117:2200,2007,11,17,22,3,0,0,9.71,74.2,0,276.15,2.07,40,94220,,,,,,
20071117:2300,2007,11,17,23,4,0,0,9.25,76.95,0,275.2,2.07,41,94210,,,,,,
20071118:0000,2007,11,18,00,5,0,0,8.88,74.15,0,275.2,2.07,40,94200,,,,,,
20071118:0100,2007,11,18,01,6,0,0,8.56,76.85,0,274.15,2.07,40,94250,,,,,,
20071118:0200,2007,11,18,02,7,39.55,39.55,8.25,79.7,0,272.85,2.14,40,94280,,,,,,
20071118:0300,2007,11,18,03,8,288.5,70.1,10.62,71.7,962.52,274.8,1.38,41,94330,,,,,,
20071118:0400,2007,11,18,04,9,453.85,85.4,16.61,54.6,953.58,280.2,0.55,16,94390,,,,,,
20071118:0500,2007,11,18,05,10,571.7,93.9,20.11,33.15,942.23,289.7,0.62,304,94430,,,,,,
20071118:0600,2007,11,18,06,11,628.55,97.95,21.61,30,913.56,297.05,0.97,275,94410,,,,,,
20071118:0700,2007,11,18,07,12,620.2,97.05,22.3,29.05,868.32,301.9,1.38,287,94390,,,,,,
20071118:0800,2007,11,18,08,13,545.65,93.65,22.96,28.1,792.05,305.55,1.45,284,94330,,,,,,
20071118:0900,2007,11,18,09,14,413.5,86.65,23.16,27.2,670.43,307.1,1.31,276,94280,,,,,,
20071118:1000,2007,11,18,10,15,240.95,68.2,22.96,28.1,481.59,306.95,1.17,268,94260,,,,,,
20071118:1100,2007,11,18,11,16,65.65,28.8,22.18,30.15,190.92,303.65,0.97,265,94230,,,,,,
20071118:1200,2007,11,18,12,17,0,0,20.65,37.25,0,297.85,0.62,275,94260,,,,,,
20071118:1300,2007,11,18,13,18,0,0,19.03,41.15,0,292.05,0.62,32,94320,,,,,,
20071118:1400,2007,11,18,14,19,0,0,17.15,47.15,0,287.75,1.79,61,94370,,,,,,
20071118:1500,2007,11,18,15,20,0,0,15.51,52.4,0,285.45,2.34,65,94430,,,,,,
20071118:1600,2007,11,18,16,21,0,0,13.98,58.1,0,283.9,2.41,65,94460,,,,,,
20071118:1700,2007,11,18,17,22,0,0,13.02,62.3,0,282.35,2.34,62,94490,,,,,,
20071118:1800,2007,11,18,18,23,0,0,12.35,66.85,0,281.2,2.34,62,94490,,,,,,
20071118:1900,2007,11,18,19,0,0,0,11.55,69.25,0,280.4,2.41,60,94490,,,,,,
20071118:2000,2007,11,18,20,1,0,0,11.11,71.75,0,279.25,2.41,61,94500,,,,,,
20071118:2100,2007,11,18,21,2,0,0,10.73,74.4,0,278.85,2.34,61,94510,,,,,,
20071118:2200,2007,11,18,22,3,0,0,10.36,77.1,0,277.7,2.34,58,94510,,,,,,
20071118:2300,2007,11,18,23,4,0,0,9.97,74.3,0,277.7,2.34,55,94530,,,,,,
20071119:0000,2007,11,19,00,5,0,0,9.58,77,0,276.75,2.34,54,94530,,,,,,
20071119:0100,2007,11,19,01,6,0,0,9.22,79.85,0,277.45,2.34,56,94590,,,,,,
20071119:0200,2007,11,19,02,7,45.05,45.05,8.92,79.85,0,278.85,2.28,56,94640,,,,,,
20071119:0300,2007,11,19,03,8,272,82.3,10.96,74.45,848.98,279.05,1.24,50,94730,,,,,,
20071119:0400,2007,11,19,04,9,434.9,98.35,16.41,62.95,879.11,284.65,0.41,17,94830,,,,,,
20071119:0500,2007,11,19,05,10,551.85,96.8,19.35,42.7,903.71,293.55,0.62,309,94880,,,,,,
20071119:0600,2007,11,19,06,11,612.95,103.15,20.73,37.25,883.02,300.95,0.83,306,94880,,,,,,
20071119:0700,2007,11,19,07,12,608.5,96.6,21.01,36,854.3,305.4,1.03,315,94870,,,,,,
20071119:0800,2007,11,19,08,13,537.3,91.1,21.7,33.6,786.05,307.7,1.1,308,94810,,,,,,
20071119:0900,2007,11,19,09,14,409,81.25,22,32.5,676.03,308.1,1.24,308,94760,,,,,,
20071119:1000,2007,11,19,10,15,238.15,63.95,21.92,32.35,488.84,306.95,1.31,314,94740,,,,,,
20071119:1100,2007,11,19,11,16,64.1,26.35,21.25,34.7,197.63,303.65,1.31,306,94720,,,,,,
20071119:1200,2007,11,19,12,17,0,0,19.69,41.3,0,297.85,1.52,302,94720,,,,,,
20071119:1300,2007,11,19,13,18,0,0,17.78,47.3,0,291.65,1.59,325,94770,,,,,,
20071119:1400,2007,11,19,14,19,0,0,16.33,50.6,0,288.55,1.79,348,94840,,,,,,
20071119:1500,2007,11,19,15,20,0,0,15.01,54.25,0,286.4,1.93,4,94910,,,,,,
20071119:1600,2007,11,19,16,21,0,0,13.83,58,0,285.05,2.07,18,94930,,,,,,
20071119:1700,2007,11,19,17,22,0,0,12.85,59.95,0,283.5,2.21,30,94960,,,,,,
20071119:1800,2007,11,19,18,23,0,0,11.92,62.1,0,281.95,2.34,37,94930,,,,,,
20071119:1900,2007,11,19,19,0,0,0,11.43,64.35,0,280.05,2.34,39,94890,,,,,,
20071119:2000,2007,11,19,20,1,0,0,10.65,69.1,0,278.5,2.28,36,94880,,,,,,
20071119:2100,2007,11,19,21,2,0,0,9.95,71.6,0,277.1,2.07,30,94850,,,,,,
20071119:2200,2007,11,19,22,3,0,0,9.49,71.5,0,275.95,2.07,25,94810,,,,,,
20071119:2300,2007,11,19,23,4,0,0,9.15,71.4,0,275.4,2.14,25,94800,,,,,,
20071120:0000,2007,11,20,00,5,0,0,8.81,74.05,0,274.2,2.21,25,94760,,,,,,
20071120:0100,2007,11,20,01,6,0,0,8.4,71.35,0,273.75,2.14,23,94790,,,,,,
20071120:0200,2007,11,20,02,7,38.25,38.25,8,73.95,0,273.25,2,17,94820,,,,,,
20071120:0300,2007,11,20,03,8,269.7,80.7,10.42,66.55,859.04,275.6,1.31,3,94870,,,,,,
20071120:0400,2007,11,20,04,9,427.3,105.2,15.88,46.9,849.17,283.7,1.52,320,94960,,,,,,
20071120:0500,2007,11,20,05,10,552.65,98.3,18.71,38.1,908.65,293.75,2.28,309,94970,,,,,,
20071120:0600,2007,11,20,06,11,614.65,97.3,20.5,32.1,901.41,300.15,2.41,314,94920,,,,,,
20071120:0700,2007,11,20,07,12,607.45,95.9,21.59,28.9,858.31,301.5,2.48,318,94880,,,,,,
20071120:0800,2007,11,20,08,13,535.4,91.3,22.37,27.95,786.43,305,2.76,310,94800,,,,,,
20071120:0900,2007,11,20,09,14,406.55,81.25,22.58,26.05,674.62,306.55,2.9,306,94730,,,,,,
20071120:1000,2007,11,20,10,15,236.4,63.45,22.25,26.95,488.43,305.75,2.76,305,94690,,,,,,
20071120:1100,2007,11,20,11,16,62.75,25.7,21.15,31.05,195.9,303.45,2,303,94680,,,,,,
20071120:1200,2007,11,20,12,17,0,0,19.05,39.65,0,297.45,2.07,310,94670,,,,,,
20071120:1300,2007,11,20,13,18,0,0,17.1,45.45,0,291.45,2,333,94690,,,,,,
20071120:1400,2007,11,20,14,19,0,0,15.83,48.65,0,288.55,2,351,94720,,,,,,
20071120:1500,2007,11,20,15,20,0,0,14.7,52.15,0,286.2,2.07,1,94740,,,,,,
20071120:1600,2007,11,20,16,21,0,0,13.7,55.9,0,285.25,2.14,5,94730,,,,,,
20071120:1700,2007,11,20,17,22,0,0,12.88,57.75,0,284.3,2.21,8,94720,,,,,,
20071120:1800,2007,11,20,18,23,0,0,12.14,59.85,0,283.3,2.21,9,94680,,,,,,
20071120:1900,2007,11,20,19,0,0,0,11.72,62,0,283.1,2.21,10,94630,,,,,,
20071120:2000,2007,11,20,20,1,0,0,11.17,61.85,0,282.55,2.21,13,94570,,,,,,
20071120:2100,2007,11,20,21,2,0,0,10.58,64.1,0,281,2.21,12,94530,,,,,,
20071120:2200,2007,11,20,22,3,0,0,10.05,66.45,0,279.65,2.21,9,94440,,,,,,
20071120:2300,2007,11,20,23,4,0,0,9.62,66.35,0,277.7,2.21,8,94410,,,,,,
20071121:0000,2007,11,21,00,5,0,0,9.22,68.8,0,276.15,2.21,8,94380,,,,,,
20071121:0100,2007,11,21,01,6,0,0,8.83,71.35,0,274.7,2.21,8,94370,,,,,,
20071121:0200,2007,11,21,02,7,36.95,36.95,8.47,71.35,0,273.25,2.14,4,94390,,,,,,
20071121:0300,2007,11,21,03,8,276.9,68.4,10.73,66.55,962.52,274.05,1.59,356,94470,,,,,,
20071121:0400,2007,11,21,04,9,441.45,84.05,16,48.8,950.94,278.85,1.45,329,94500,,,,,,
20071121:0500,2007,11,21,05,10,559.5,92.75,19.39,35.45,939.94,286.8,1.93,311,94540,,,,,,
20071121:0600,2007,11,21,06,11,617.05,96.4,21.29,28.8,912.47,293.75,2.28,306,94510,,,,,,
20071121:0700,2007,11,21,07,12,609.15,96.4,22.23,26.95,864.88,299.2,2.28,305,94470,,,,,,
20071121:0800,2007,11,21,08,13,536.85,91.5,22.98,25.1,792.66,302.85,2.48,302,94370,,,,,,
20071121:0900,2007,11,21,09,14,407.65,81.15,23.2,25.2,680.68,304.8,2.41,299,94320,,,,,,
20071121:1000,2007,11,21,10,15,236.7,63.3,22.87,26.05,492.72,304.6,1.86,294,94290,,,,,,
20071121:1100,2007,11,21,11,16,62.15,25.5,21.85,31.15,195.64,302.5,1.38,283,94280,,,,,,
20071121:1200,2007,11,21,12,17,0,0,20.19,37.1,0,296.85,1.31,295,94310,,,,,,
20071121:1300,2007,11,21,13,18,0,0,18.42,42.45,0,291.25,1.17,358,94370,,,,,,
20071121:1400,2007,11,21,14,19,0,0,16.78,45.45,0,288.55,1.93,42,94450,,,,,,
20071121:1500,2007,11,21,15,20,0,0,15.08,52.25,0,287.4,2.34,59,94490,,,,,,
20071121:1600,2007,11,21,16,21,0,0,13.57,60.2,0,285.85,2.41,64,94530,,,,,,
20071121:1700,2007,11,21,17,22,0,0,12.73,62.2,0,284.85,2.41,62,94570,,,,,,
20071121:1800,2007,11,21,18,23,0,0,12.13,64.45,0,283.5,2.41,59,94570,,,,,,
20071121:1900,2007,11,21,19,0,0,0,11.71,66.75,0,284.1,2.55,59,94560,,,,,,
20071121:2000,2007,11,21,20,1,0,0,11.24,69.15,0,283.1,2.55,58,94570,,,,,,
20071121:2100,2007,11,21,21,2,0,0,10.76,69.1,0,282.35,2.48,56,94530,,,,,,
20071121:2200,2007,11,21,22,3,0,0,10.3,71.6,0,280.8,2.41,50,94490,,,,,,
20071121:2300,2007,11,21,23,4,0,0,9.89,71.6,0,280.6,2.34,44,94490,,,,,,
20071122:0000,2007,11,22,00,5,0,0,9.52,74.2,0,280.4,2.28,37,94480,,,,,,
20071122:0100,2007,11,22,01,6,0,0,9.19,74.15,0,279.75,2.28,29,94520,,,,,,
20071122:0200,2007,11,22,02,7,35.95,35.95,8.88,71.4,0,278.85,2.21,23,94560,,,,,,
20071122:0300,2007,11,22,03,8,271,67.75,10.85,71.7,953.07,280.4,1.52,17,94600,,,,,,
20071122:0400,2007,11,22,04,9,434.55,83.4,16.33,54.45,942.91,285.65,1.03,346,94670,,,,,,
20071122:0500,2007,11,22,05,10,552.25,92.25,19.78,36.95,932.73,293.55,1.52,315,94700,,,,,,
20071122:0600,2007,11,22,06,11,609.85,96.1,21.41,34.7,905.57,300.35,2.07,301,94680,,,,,,
20071122:0700,2007,11,22,07,12,602.85,95.7,22.19,31.3,859.88,304.6,2,302,94680,,,,,,
20071122:0800,2007,11,22,08,13,532.1,90.8,22.93,30.3,789.35,307.7,2.14,303,94630,,,,,,
20071122:0900,2007,11,22,09,14,404.3,80.75,23.25,29.3,677.98,308.85,2.07,299,94540,,,,,,
20071122:1000,2007,11,22,10,15,234.4,63.05,23.05,29.3,489.77,307.7,1.93,290,94530,,,,,,
20071122:1100,2007,11,22,11,16,61,25.15,21.96,36.15,193.12,305.4,1.59,284,94530,,,,,,
20071122:1200,2007,11,22,12,17,0,0,20.14,43,0,298.6,1.59,302,94510,,,,,,
20071122:1300,2007,11,22,13,18,0,0,18.29,49.15,0,292.2,1.66,346,94530,,,,,,
20071122:1400,2007,11,22,14,19,0,0,16.71,52.65,0,288.75,1.93,11,94600,,,,,,
20071122:1500,2007,11,22,15,20,0,0,15.18,58.35,0,287.55,2.07,23,94620,,,,,,
20071122:1600,2007,11,22,16,21,0,0,13.77,62.45,0,286.05,2.07,30,94650,,,,,,
20071122:1700,2007,11,22,17,22,0,0,12.62,66.95,0,284.65,1.93,32,94640,,,,,,
20071122:1800,2007,11,22,18,23,0,0,11.82,69.25,0,284.1,1.93,29,94640,,,,,,
20071122:1900,2007,11,22,19,0,0,0,11.23,71.75,0,284.5,2.21,44,94650,,,,,,
20071122:2000,2007,11,22,20,1,0,0,10.67,71.7,0,283.7,2.28,42,94630,,,,,,
20071122:2100,2007,11,22,21,2,0,0,10.17,74.3,0,283.3,2.34,43,94580,,,,,,
20071122:2200,2007,11,22,22,3,0,0,9.61,74.2,0,282.15,2.28,40,94510,,,,,,
20071122:2300,2007,11,22,23,4,0,0,9.17,76.95,0,280.6,2.14,36,94470,,,,,,
20071123:0000,2007,11,23,00,5,0,0,8.81,76.85,0,279.45,2,26,94450,,,,,,
20071123:0100,2007,11,23,01,6,0,0,8.58,76.85,0,278.8,2,14,94470,,,,,,
20071123:0200,2007,11,23,02,7,35.15,35.15,8.48,74.05,0,277.9,2.07,6,94480,,,,,,
20071123:0300,2007,11,23,03,8,267.7,67.3,10.65,69.1,954.59,278.85,1.59,2,94520,,,,,,
20071123:0400,2007,11,23,04,9,430.85,83.15,15.97,52.5,942.2,284.3,1.31,336,94580,,,,,,
20071123:0500,2007,11,23,05,10,548.4,92,19.45,39.8,931.75,292.2,1.72,309,94580,,,,,,
20071123:0600,2007,11,23,06,11,605.6,95.85,21.34,36,903.63,299.55,2.14,299,94540,,,,,,
20071123:0700,2007,11,23,07,12,599.1,95.3,22.32,32.5,858.54,304.8,1.86,297,94550,,,,,,
20071123:0800,2007,11,23,08,13,528.15,90.45,23.13,29.3,786.7,308.5,2.07,294,94470,,,,,,
20071123:0900,2007,11,23,09,14,400.4,80.4,23.4,28.25,673.85,309.85,2,290,94370,,,,,,
20071123:1000,2007,11,23,10,15,231.3,62.5,23.2,28.25,485.22,309.25,1.79,285,94350,,,,,,
20071123:1100,2007,11,23,11,16,59.45,24.65,22.18,35,189.09,307.3,1.38,272,94330,,,,,,
20071123:1200,2007,11,23,12,17,0,0,20.45,41.45,0,300.75,1.1,271,94330,,,,,,
20071123:1300,2007,11,23,13,18,0,0,18.75,47.55,0,294.95,0.41,352,94370,,,,,,
20071123:1400,2007,11,23,14,19,0,0,16.85,54.6,0,292.05,1.24,51,94430,,,,,,
20071123:1500,2007,11,23,15,20,0,0,15.34,58.35,0,290.65,2,59,94460,,,,,,
20071123:1600,2007,11,23,16,21,0,0,14.23,60.3,0,289.9,2.34,60,94500,,,,,,
20071123:1700,2007,11,23,17,22,0,0,13.13,64.65,0,290.3,2.28,58,94520,,,,,,
20071123:1800,2007,11,23,18,23,0,0,12.43,66.95,0,289.3,2.34,58,94540,,,,,,
20071123:1900,2007,11,23,19,0,0,0,11.66,71.85,0,289.7,2.48,59,94550,,,,,,
20071123:2000,2007,11,23,20,1,0,0,11.22,74.45,0,289.5,2.41,56,94520,,,,,,
20071123:2100,2007,11,23,21,2,0,0,10.7,77.15,0,288.75,2.34,54,94470,,,,,,
20071123:2200,2007,11,23,22,3,0,0,10.18,79.95,0,285.45,2.28,49,94430,,,,,,
20071123:2300,2007,11,23,23,4,0,0,9.69,82.9,0,284.1,2.28,46,94390,,,,,,
20071124:0000,2007,11,24,00,5,0,0,9.25,85.95,0,282.95,2.14,38,94370,,,,,,
20071124:0100,2007,11,24,01,6,0,0,8.98,82.85,0,282.05,2.07,27,94380,,,,,,
20071124:0200,2007,11,24,02,7,34,34,8.79,85.9,0,281.4,2.14,17,94420,,,,,,
20071124:0300,2007,11,24,03,8,260.75,66.45,10.73,77.15,940.24,282.55,1.52,10,94470,,,,,,
20071124:0400,2007,11,24,04,9,422.4,82.8,16.11,56.5,928.64,287.55,1.24,336,94530,,,,,,
20071124:0500,2007,11,24,05,10,539.15,92.15,19.42,41.15,918.71,296.3,1.79,312,94550,,,,,,
20071124:0600,2007,11,24,06,11,597.8,95.25,21.19,36,895.84,303.65,2.07,306,94520,,,,,,
20071124:0700,2007,11,24,07,12,591.5,95.45,22.27,32.5,849.53,308.85,2.21,307,94470,,,,,,
20071124:0800,2007,11,24,08,13,518.9,96,23.06,31.55,763.67,312.15,2.28,301,94380,,,,,,
20071124:0900,2007,11,24,09,14,389.5,88.45,23.36,31.55,636.96,315.25,2.41,297,94340,,,,,,
20071124:1000,2007,11,24,10,15,222.5,69.45,23.07,32.75,442.33,316.4,2.14,294,94310,,,,,,
20071124:1100,2007,11,24,11,16,53.9,31.4,22,39.05,123.26,315.25,1.66,287,94290,,,,,,
20071124:1200,2007,11,24,12,17,0,0,20.1,46.2,0,311.4,1.72,294,94300,,,,,,
20071124:1300,2007,11,24,13,18,0,0,18.46,51.15,0,310.2,1.45,328,94330,,,,,,
20071124:1400,2007,11,24,14,19,0,0,17.34,56.6,0,310.05,1.66,359,94380,,,,,,
20071124:1500,2007,11,24,15,20,0,0,16.12,58.6,0,305,1.79,22,94460,,,,,,
20071124:1600,2007,11,24,16,21,0,0,14.92,62.75,0,303.85,1.93,35,94500,,,,,,
20071124:1700,2007,11,24,17,22,0,0,13.81,67.15,0,298.4,1.93,42,94530,,,,,,
20071124:1800,2007,11,24,18,23,0,0,12.91,67.05,0,297.65,2,49,94530,,,,,,
20071124:1900,2007,11,24,19,0,0,0,12.72,69.45,0,297.45,2.21,56,94510,,,,,,
20071124:2000,2007,11,24,20,1,0,0,11.89,69.35,0,293.75,2.28,55,94500,,,,,,
20071124:2100,2007,11,24,21,2,0,0,11.13,74.45,0,291.65,2.28,52,94480,,,,,,
20071124:2200,2007,11,24,22,3,0,0,10.49,74.4,0,289.7,2.21,48,94440,,,,,,
20071124:2300,2007,11,24,23,4,0,0,9.99,77.1,0,287.75,2.14,42,94410,,,,,,
20071125:0000,2007,11,25,00,5,0,0,9.58,77,0,286.6,2.14,37,94420,,,,,,
20071125:0100,2007,11,25,01,6,0,0,9.26,79.85,0,285.15,2.07,30,94440,,,,,,
20071125:0200,2007,11,25,02,7,32.75,32.75,8.95,79.85,0,283.9,2.07,25,94480,,,,,,
20071125:0300,2007,11,25,03,8,257.4,65.3,10.78,74.4,944.41,284.65,1.38,20,94530,,,,,,
20071125:0400,2007,11,25,04,9,418.9,81.65,16.16,58.6,930.56,290.1,0.83,339,94590,,,,,,
20071125:0500,2007,11,25,05,10,534.9,90.75,19.7,41.3,918.94,298.4,1.59,301,94630,,,,,,
20071125:0600,2007,11,25,06,11,593.65,97.2,21.38,40.2,889.83,307.7,2.07,298,94610,,,,,,
20071125:0700,2007,11,25,07,12,589.4,93.75,22.34,36.3,852.97,311.75,2.21,303,94600,,,,,,
20071125:0800,2007,11,25,08,13,520.3,88.85,23.18,34,782.66,313.9,2.28,303,94510,,,,,,
20071125:0900,2007,11,25,09,14,390.05,86.85,23.56,32.9,644.45,315.45,2.28,302,94450,,,,,,
20071125:1000,2007,11,25,10,15,202.4,88.1,23.33,34,332.04,316.2,2.21,298,94390,,,,,,
20071125:1100,2007,11,25,11,16,54.55,29.15,21.98,40.5,140.22,317.4,1.86,292,94360,,,,,,
20071125:1200,2007,11,25,12,17,0,0,19.93,49.55,0,311.2,1.93,306,94360,,,,,,
20071125:1300,2007,11,25,13,18,0,0,18.14,54.85,0,304.6,1.79,337,94380,,,,,,
20071125:1400,2007,11,25,14,19,0,0,16.9,58.7,0,300.55,1.79,2,94410,,,,,,
20071125:1500,2007,11,25,15,20,0,0,15.65,60.65,0,296.1,1.86,16,94460,,,,,,
20071125:1600,2007,11,25,16,21,0,0,14.43,64.95,0,296.3,1.86,25,94490,,,,,,
20071125:1700,2007,11,25,17,22,0,0,13.41,67.15,0,296.5,1.86,29,94510,,,,,,
20071125:1800,2007,11,25,18,23,0,0,12.57,72.05,0,295.3,1.93,34,94510,,,,,,
20071125:1900,2007,11,25,19,0,0,0,12.02,71.95,0,296.1,2.07,41,94480,,,,,,
20071125:2000,2007,11,25,20,1,0,0,11.39,71.85,0,295.7,2.07,43,94490,,,,,,
20071125:2100,2007,11,25,21,2,0,0,10.88,71.75,0,295.3,2.07,46,94470,,,,,,
20071125:2200,2007,11,25,22,3,0,0,10.5,74.4,0,297.05,2.07,48,94450,,,,,,
20071125:2300,2007,11,25,23,4,0,0,10.15,74.3,0,294.75,2.07,50,94420,,,,,,
20071126:0000,2007,11,26,00,5,0,0,9.88,71.6,0,291.45,2.07,49,94430,,,,,,
20071126:0100,2007,11,26,01,6,0,0,9.68,71.5,0,292.35,2.07,48,94440,,,,,,
20071126:0200,2007,11,26,02,7,41.5,41.5,9.49,71.5,0,288.95,2.07,48,94500,,,,,,
20071126:0300,2007,11,26,03,8,244.8,82.9,10.96,69.15,808.66,288.75,1.45,51,94570,,,,,,
20071126:0400,2007,11,26,04,9,407.15,100.55,16.03,60.75,853.59,294.15,0.41,56,94650,,,,,,
20071126:0500,2007,11,26,05,10,530.8,98.55,19.9,39.8,900.19,302.1,0.28,255,94720,,,,,,
20071126:0600,2007,11,26,06,11,587.75,109.85,21.57,36.15,861.19,308.3,0.69,267,94710,,,,,,
20071126:0700,2007,11,26,07,12,580.3,111.8,22.27,35,810.07,310.6,1.17,284,94680,,,,,,
20071126:0800,2007,11,26,08,13,508.6,111.2,23.02,34,724.07,314.3,1.17,282,94610,,,,,,
20071126:0900,2007,11,26,09,14,385.05,95.1,23.31,34,618.99,316.05,1.24,278,94540,,,,,,
20071126:1000,2007,11,26,10,15,222.2,68.85,23.15,35.25,447.65,315.85,1.17,278,94520,,,,,,
20071126:1100,2007,11,26,11,16,55.55,27.55,22.33,40.5,155.68,313.3,0.97,273,94490,,,,,,
20071126:1200,2007,11,26,12,17,0,0,20.74,46.35,0,306.15,0.69,287,94500,,,,,,
20071126:1300,2007,11,26,13,18,0,0,19.02,51.25,0,298.2,0.69,12,94520,,,,,,
20071126:1400,2007,11,26,14,19,0,0,17.13,60.85,0,294.95,1.38,38,94560,,,,,,
20071126:1500,2007,11,26,15,20,0,0,15.59,62.85,0,293.2,1.86,45,94600,,,,,,
20071126:1600,2007,11,26,16,21,0,0,14.42,64.95,0,291.85,2.07,48,94640,,,,,,
20071126:1700,2007,11,26,17,22,0,0,13.38,72.1,0,290.5,2.14,50,94640,,,,,,
20071126:1800,2007,11,26,18,23,0,0,12.47,72.05,0,288.75,2.14,52,94630,,,,,,
20071126:1900,2007,11,26,19,0,0,0,11.66,77.3,0,287.55,2.28,54,94600,,,,,,
20071126:2000,2007,11,26,20,1,0,0,11.01,77.2,0,286.4,2.28,56,94560,,,,,,
20071126:2100,2007,11,26,21,2,0,0,10.47,80.05,0,284.5,2.28,56,94530,,,,,,
20071126:2200,2007,11,26,22,3,0,0,9.95,79.95,0,282.75,2.21,53,94480,,,,,,
20071126:2300,2007,11,26,23,4,0,0,9.46,82.9,0,281.6,2.14,47,94460,,,,,,
20071127:0000,2007,11,27,00,5,0,0,9,82.85,0,279.85,2.14,41,94440,,,,,,
20071127:0100,2007,11,27,01,6,0,0,8.63,85.9,0,278.8,2.07,36,94450,,,,,,
20071127:0200,2007,11,27,02,7,31.4,31.4,8.32,85.85,0,277.7,2.07,29,94460,,,,,,
20071127:0300,2007,11,27,03,8,255.95,63.15,10.01,79.95,978.41,278.3,1.38,23,94500,,,,,,
20071127:0400,2007,11,27,04,9,416.85,80.6,15.38,62.75,944.48,283.5,0.83,347,94560,,,,,,
20071127:0500,2007,11,27,05,10,533.95,90.1,18.98,44.3,930.34,292.05,1.38,311,94580,,,,,,
20071127:0600,2007,11,27,06,11,593.55,94.5,20.71,40.1,904.05,299.95,1.66,301,94530,,,,,,
20071127:0700,2007,11,27,07,12,588.35,94.05,21.17,38.75,858.61,303.05,1.86,298,94470,,,,,,
20071127:0800,2007,11,27,08,13,519.2,89.35,21.95,37.5,786.53,306.15,1.93,293,94410,,,,,,
20071127:0900,2007,11,27,09,14,393.15,79.4,22.24,36.3,672.61,308.65,1.86,289,94320,,,,,,
20071127:1000,2007,11,27,10,15,225.95,61.65,22.05,36.3,481.83,307.9,1.66,286,94280,,,,,,
20071127:1100,2007,11,27,11,16,56.6,23.7,21.14,43.25,184.15,305.4,1.31,275,94250,,,,,,
20071127:1200,2007,11,27,12,17,0,0,19.44,51.25,0,299,1.1,276,94250,,,,,,
20071127:1300,2007,11,27,13,18,0,0,17.72,56.75,0,293,0.48,344,94270,,,,,,
20071127:1400,2007,11,27,14,19,0,0,16.05,62.95,0,290.1,1.17,52,94300,,,,,,
20071127:1500,2007,11,27,15,20,0,0,14.54,67.35,0,288.15,1.86,63,94340,,,,,,
20071127:1600,2007,11,27,16,21,0,0,13.43,69.65,0,286.8,2.14,65,94360,,,,,,
20071127:1700,2007,11,27,17,22,0,0,12.4,72.05,0,285.65,2.21,65,94370,,,,,,
20071127:1800,2007,11,27,18,23,0,0,11.66,77.3,0,284.3,2.28,67,94350,,,,,,
20071127:1900,2007,11,27,19,0,0,0,11.18,77.2,0,284.3,2.28,64,94350,,,,,,
20071127:2000,2007,11,27,20,1,0,0,10.68,77.15,0,283.5,2.34,64,94310,,,,,,
20071127:2100,2007,11,27,21,2,0,0,10.32,79.95,0,282.35,2.34,66,94310,,,,,,
20071127:2200,2007,11,27,22,3,0,0,9.93,79.95,0,281.4,2.34,65,94250,,,,,,
20071127:2300,2007,11,27,23,4,0,0,9.54,79.9,0,280.05,2.34,64,94220,,,,,,
20071128:0000,2007,11,28,00,5,0,0,9.18,82.85,0,278.85,2.28,61,94210,,,,,,
20071128:0100,2007,11,28,01,6,0,0,8.88,82.85,0,278,2.21,56,94210,,,,,,
20071128:0200,2007,11,28,02,7,30.75,30.75,8.59,82.75,0,277.3,2.21,52,94240,,,,,,
20071128:0300,2007,11,28,03,8,253.1,63.05,10.05,79.95,979.89,278.65,1.45,49,94290,,,,,,
20071128:0400,2007,11,28,04,9,417.9,76.7,14.81,69.85,966.84,284.65,0.34,46,94340,,,,,,
20071128:0500,2007,11,28,05,10,531.95,83.6,17.81,52.75,945.76,292.8,0.21,291,94350,,,,,,
20071128:0600,2007,11,28,06,11,586.5,94.35,19.26,49.45,896.15,300.55,0.41,265,94330,,,,,,
20071128:0700,2007,11,28,07,12,581.1,95.15,19.86,46.1,847.89,304.2,0.55,268,94260,,,,,,
20071128:0800,2007,11,28,08,13,513.15,91.2,20.51,44.7,775.24,307.7,0.62,243,94170,,,,,,
20071128:0900,2007,11,28,09,14,388.95,79.1,20.78,44.7,666.91,309.85,0.76,226,94100,,,,,,
20071128:1000,2007,11,28,10,15,222.9,61.3,20.62,44.7,475.96,308.3,0.83,219,94060,,,,,,
20071128:1100,2007,11,28,11,16,55.5,23.4,19.91,49.55,180.78,305.95,0.97,230,94030,,,,,,
20071128:1200,2007,11,28,12,17,0,0,18.4,56.85,0,300.75,0.76,238,94030,,,,,,
20071128:1300,2007,11,28,13,18,0,0,16.86,60.85,0,295.1,0.07,31,94070,,,,,,
20071128:1400,2007,11,28,14,19,0,0,15.6,65.15,0,292.6,0.97,61,94130,,,,,,
20071128:1500,2007,11,28,15,20,0,0,14.12,72.3,0,291.05,1.66,65,94140,,,,,,
20071128:1600,2007,11,28,16,21,0,0,13.09,74.75,0,292.05,2.07,68,94180,,,,,,
20071128:1700,2007,11,28,17,22,0,0,12.1,80.2,0,292.05,2.14,66,94200,,,,,,
20071128:1800,2007,11,28,18,23,0,0,11.47,83.1,0,293,2.14,65,94210,,,,,,
20071128:1900,2007,11,28,19,0,0,0,11,83.05,0,293.95,2.28,61,94180,,,,,,
20071128:2000,2007,11,28,20,1,0,0,10.66,86.05,0,294.35,2.34,65,94150,,,,,,
20071128:2100,2007,11,28,21,2,0,0,10.63,86.05,0,304.2,2.21,67,94120,,,,,,
20071128:2200,2007,11,28,22,3,0,0,10.53,86.05,0,304.05,2.21,67,94110,,,,,,
20071128:2300,2007,11,28,23,4,0,0,10.44,83,0,305.55,2.07,67,94100,,,,,,
20071129:0000,2007,11,29,00,5,0,0,10.46,83,0,313.7,1.86,64,94130,,,,,,
20071129:0100,2007,11,29,01,6,0,0,10.44,83,0,313.45,1.79,58,94190,,,,,,
20071129:0200,2007,11,29,02,7,38.9,38.9,10.55,83,0,320.3,1.79,58,94230,,,,,,
20071129:0300,2007,11,29,03,8,163.15,113.3,11.31,83.05,261.14,321.05,1.31,54,94280,,,,,,
20071129:0400,2007,11,29,04,9,295.15,145.6,14.35,69.75,427.47,325.9,0.76,57,94350,,,,,,
20071129:0500,2007,11,29,05,10,355,211.75,16.24,60.75,304.07,321.85,0.76,69,94380,,,,,,
20071129:0600,2007,11,29,06,11,311.05,216.85,17.43,58.8,172.39,337.5,0.97,110,94380,,,,,,
20071129:0700,2007,11,29,07,12,276.6,214.15,18.01,56.85,109.44,341.75,2.55,220,94350,,,,,,
20071129:0800,2007,11,29,08,13,280.8,215.15,17.19,63.05,121.09,343.3,2.28,231,94330,,,,,,
20071129:0900,2007,11,29,09,14,238.3,169.75,17.08,65.35,148.11,344.65,0.97,269,94310,,,,,,
20071129:1000,2007,11,29,10,15,124.1,94.15,17.13,65.35,88.57,343.1,1.17,317,94270,,,,,,
20071129:1100,2007,11,29,11,16,24.15,21.55,16.67,65.35,14.72,339.65,1.79,311,94290,,,,,,
20071129:1200,2007,11,29,12,17,0,0,15.23,75.1,0,342.35,1.93,278,94330,,,,,,
20071129:1300,2007,11,29,13,18,0,0,13.96,83.4,0,342.35,2,261,94400,,,,,,
20071129:1400,2007,11,29,14,19,0,0,13,89.4,0,340.8,1.45,287,94450,,,,,,
20071129:1500,2007,11,29,15,20,0,0,12.41,89.4,0,338.1,1.79,358,94490,,,,,,
20071129:1600,2007,11,29,16,21,0,0,11.93,92.6,0,334.6,2.34,22,94510,,,,,,
20071129:1700,2007,11,29,17,22,0,0,12,92.6,0,343.3,2.21,24,94540,,,,,,
20071129:1800,2007,11,29,18,23,0,0,11.98,92.6,0,344.5,1.93,17,94530,,,,,,
20071129:1900,2007,11,29,19,0,0,0,11.71,89.3,0,329,2.28,3,94500,,,,,,
20071129:2000,2007,11,29,20,1,0,0,11.74,89.3,0,335.75,1.86,6,94490,,,,,,
20071129:2100,2007,11,29,21,2,0,0,11.69,89.3,0,335.95,1.72,22,94500,,,,,,
20071129:2200,2007,11,29,22,3,0,0,11.35,92.55,0,338.5,1.59,41,94490,,,,,,
20071129:2300,2007,11,29,23,4,0,0,11.17,92.55,0,334.2,1.66,45,94520,,,,,,
20071130:0000,2007,11,30,00,5,0,0,11.06,92.55,0,337.1,1.52,40,94550,,,,,,
20071130:0100,2007,11,30,01,6,0,0,10.85,92.5,0,333.15,1.52,22,94610,,,,,,
20071130:0200,2007,11,30,02,7,23.35,23.35,11.03,89.3,0,343.3,1.66,10,94670,,,,,,
20071130:0300,2007,11,30,03,8,141.95,77.65,11.4,89.3,342.22,336.15,1.66,13,94770,,,,,,
20071130:0400,2007,11,30,04,9,273.2,113.8,12.68,80.3,459.55,335,1.79,18,94850,,,,,,
20071130:0500,2007,11,30,05,10,365.7,169.75,14.08,69.75,418.48,327.25,2.07,33,94910,,,,,,
20071130:0600,2007,11,30,06,11,280.1,140.85,14.91,62.75,256.09,334.2,2.28,55,94930,,,,,,
20071130:0700,2007,11,30,07,12,332.9,122.95,14.3,69.75,369.45,340,1.72,29,94900,,,,,,
20071130:0800,2007,11,30,08,13,365.05,102.7,14.73,67.35,485.74,333.85,1.59,52,94850,,,,,,
20071130:0900,2007,11,30,09,14,302.3,85,15.43,58.45,471.17,324.35,1.59,76,94820,,,,,,
20071130:1000,2007,11,30,10,15,182.25,67.45,15.85,56.35,340.76,319.5,1.72,74,94760,,,,,,
20071130:1100,2007,11,30,11,16,50.1,21.55,15.77,56.35,162.51,306.95,1.52,60,94750,,,,,,
20071130:1200,2007,11,30,12,17,0,0,14.77,62.65,0,305,1.59,27,94790,,,,,,
20071130:1300,2007,11,30,13,18,0,0,13.05,69.55,0,291.05,2.07,14,94810,,,,,,
20071130:1400,2007,11,30,14,19,0,0,11.51,74.55,0,289.1,2.21,9,94880,,,,,,
20071130:1500,2007,11,30,15,20,0,0,10.42,77.15,0,287.4,2.14,11,94900,,,,,,
20071130:1600,2007,11,30,16,21,0,0,6.52,91.86,0,277.55,2.12,14,94920,,,,,,
20071130:1700,2007,11,30,17,22,0,0,7.1,89.99,0,279.84,2.12,18,94960,,,,,,
20071130:1800,2007,11,30,18,23,0,0,7.67,88.12,0,282.14,2.13,21,94940,,,,,,
20071130:1900,2007,11,30,19,0,0,0,8.24,86.25,0,284.44,2.14,13,94950,,,,,,
20071130:2000,2007,11,30,20,1,0,0,8.82,84.38,0,286.74,2.15,11,94930,,,,,,
20071130:2100,2007,11,30,21,2,0,0,9.39,82.51,0,289.03,2.16,9,94870,,,,,,
20071130:2200,2007,11,30,22,3,0,0,9.96,80.64,0,291.33,2.17,6,94840,,,,,,
20071130:2300,2007,11,30,23,4,0,0,10.54,78.77,0,293.63,2.18,6,94790,,,,,,
20231201:0000,2023,12,01,00,5,0,0,11.11,76.9,0,295.93,2.19,18,94480,,,,,,
20231201:0100,2023,12,01,01,6,0,0,11.68,75.03,0,298.22,2.19,22,94490,,,,,,
20231201:0200,2023,12,01,02,7,0,0,12.25,73.15,0,300.52,2.2,21,94520,,,,,,
20231201:0300,2023,12,01,03,8,200,97.25,12.83,71.28,555.57,302.82,2.21,17,94530,,,,,,
20231201:0400,2023,12,01,04,9,368.2,112.75,13.4,69.41,742.73,305.12,2.22,2,94570,,,,,,
20231201:0500,2023,12,01,05,10,472.35,138.75,13.97,67.54,716.75,307.41,2.23,342,94580,,,,,,
20231201:0600,2023,12,01,06,11,552.95,113.15,14.55,65.67,812.68,309.71,2.24,335,94570,,,,,,
20231201:0700,2023,12,01,07,12,555.45,100.15,15.12,63.8,804.45,312.01,2.25,333,94500,,,,,,
20231201:0800,2023,12,01,08,13,493,90.3,19.03,49.45,748.28,315.45,2.62,328,94430,,,,,,
20231201:0900,2023,12,01,09,14,370.4,79.95,19.13,49.45,631.92,314.1,2.62,323,94330,,,,,,
20231201:1000,2023,12,01,10,15,201.25,65.95,18.89,49.45,403,313.5,2.69,322,94290,,,,,,
20231201:1100,2023,12,01,11,16,51.9,22.3,17.94,54.85,169.24,311.75,2.21,323,94280,,,,,,
20231201:1200,2023,12,01,12,17,0,0,16.31,60.75,0,306.95,2.07,330,94300,,,,,,
20231201:1300,2023,12,01,13,18,0,0,14.82,67.35,0,301.7,2.14,338,94310,,,,,,
20231201:1400,2023,12,01,14,19,0,0,13.69,72.2,0,298.6,2.28,351,94330,,,,,,
20231201:1500,2023,12,01,15,20,0,0,12.71,74.7,0,295.3,2.34,2,94340,,,,,,
20231201:1600,2023,12,01,16,21,0,0,11.91,80.15,0,293.4,2.41,9,94350,,,,,,
20231201:1700,2023,12,01,17,22,0,0,11.27,83.05,0,291.25,2.41,12,94350,,,,,,
20231201:1800,2023,12,01,18,23,0,0,10.76,80.1,0,290.1,2.41,14,94330,,,,,,
20231201:1900,2023,12,01,19,0,0,0,10.52,83,0,291.25,2.21,25,94320,,,,,,
20231201:2000,2023,12,01,20,1,0,0,10.08,86,0,289.7,2.21,24,94280,,,,,,
20231201:2100,2023,12,01,21,2,0,0,9.58,85.95,0,287.75,2.21,24,94280,,,,,,
20231201:2200,2023,12,01,22,3,0,0,9.07,85.95,0,286.2,2.14,23,94260,,,,,,
20231201:2300,2023,12,01,23,4,0,0,8.65,85.95,0,284.1,2.21,22,94260,,,,,,
20231202:0000,2023,12,02,00,5,0,0,8.29,85.9,0,283.1,2.21,21,94260,,,,,,
20231202:0100,2023,12,02,01,6,0,0,8.01,85.85,0,281.3,2.28,21,94280,,,,,,
20231202:0200,2023,12,02,02,7,0,0,7.79,82.7,0,279.45,2.34,22,94330,,,,,,
20231202:0300,2023,12,02,03,8,234.15,62.15,9.05,82.85,944.78,280.05,1.86,21,94380,,,,,,
20231202:0400,2023,12,02,04,9,394.45,78.4,13.91,64.75,926.63,283.7,1.59,10,94440,,,,,,
20231202:0500,2023,12,02,05,10,512,87.75,17.23,47.3,916.88,291.45,1.52,350,94470,,,,,,
20231202:0600,2023,12,02,06,11,569.65,90.85,18.95,38.2,888.86,298.2,1.72,335,94460,,,,,,
20231202:0700,2023,12,02,07,12,567,90.4,19.74,37.1,845.37,304.6,1.38,332,94460,,,,,,
20231202:0800,2023,12,02,08,13,497.45,88.4,20.29,35.9,762.69,308.3,1.52,326,94390,,,,,,
20231202:0900,2023,12,02,09,14,377.4,77.35,20.49,37.25,654.87,310.4,1.66,327,94340,,,,,,
20231202:1000,2023,12,02,10,15,213.2,59.75,20.33,37.25,458.51,311.4,1.66,325,94310,,,,,,
20231202:1100,2023,12,02,11,16,52.55,21.9,19.34,44.45,175.94,308.65,1.45,310,94290,,,,,,
20231202:1200,2023,12,02,12,17,0,0,17.56,52.75,0,304.6,1.86,322,94300,,,,,,
20231202:1300,2023,12,02,13,18,0,0,15.61,60.5,0,299.75,2.07,348,94330,,,,,,
20231202:1400,2023,12,02,14,19,0,0,14.14,64.85,0,297.45,2.28,6,94350,,,,,,
20231202:1500,2023,12,02,15,20,0,0,13,69.45,0,298.8,2.34,16,94360,,,,,,
20231202:1600,2023,12,02,16,21,0,0,12.11,71.95,0,299.4,2.34,22,94370,,,,,,
20231202:1700,2023,12,02,17,22,0,0,11.38,74.45,0,297.65,2.34,24,94370,,,,,,
20231202:1800,2023,12,02,18,23,0,0,10.86,74.45,0,296.65,2.34,25,94360,,,,,,
20231202:1900,2023,12,02,19,0,0,0,10.5,80.05,0,296.5,2.14,33,94310,,,,,,
20231202:2000,2023,12,02,20,1,0,0,10.31,77.15,0,299.55,2.21,29,94270,,,,,,
20231202:2100,2023,12,02,21,2,0,0,10.13,74.4,0,303.05,2.21,28,94260,,,,,,
20231202:2200,2023,12,02,22,3,0,0,9.76,74.3,0,297.65,2.21,28,94230,,,,,,
20231202:2300,2023,12,02,23,4,0,0,9.48,74.2,0,299.6,2.21,27,94210,,,,,,
20231203:0000,2023,12,03,00,5,0,0,9.08,74.2,0,293.75,2.14,28,94190,,,,,,
20231203:0100,2023,12,03,01,6,0,0,8.78,74.15,0,295.6,2.07,30,94250,,,,,,
20231203:0200,2023,12,03,02,7,0,0,8.59,74.15,0,298.6,2.07,32,94290,,,,,,
20231203:0300,2023,12,03,03,8,177.55,117.25,9.21,77,336.46,296.85,1.59,35,94350,,,,,,
20231203:0400,2023,12,03,04,9,309.45,167.05,13.27,67.05,420.95,305.55,1.03,33,94400,,,,,,
20231203:0500,2023,12,03,05,10,398.65,214.5,16.64,48.8,400.27,310.2,0.55,9,94450,,,,,,
20231203:0600,2023,12,03,06,11,477.45,207.6,18.29,35.35,503.21,314.85,0.55,298,94460,,,,,,
20231203:0700,2023,12,03,07,12,490.85,202.1,18.98,32.9,514.09,321.25,0.07,52,94430,,,,,,
20231203:0800,2023,12,03,08,13,438.25,162.65,19.57,33.05,515.54,326.5,0.14,234,94360,,,,,,
20231203:0900,2023,12,03,09,14,321.15,143.65,19.68,33.15,388.54,324.15,0.34,269,94310,,,,,,
20231203:1000,2023,12,03,10,15,199.4,78.55,19.39,36.95,362.13,322.05,0.69,292,94280,,,,,,
20231203:1100,2023,12,03,11,16,48.25,26.45,18.54,44.2,125.56,317.4,0.97,305,94270,,,,,,
20231203:1200,2023,12,03,12,17,0,0,17.02,52.65,0,309.85,1.52,322,94270,,,,,,
20231203:1300,2023,12,03,13,18,0,0,15.23,58.35,0,305.75,1.86,348,94280,,,,,,
20231203:1400,2023,12,03,14,19,0,0,13.66,64.75,0,297.05,2,353,94290,,,,,,
20231203:1500,2023,12,03,15,20,0,0,12.63,66.95,0,297.25,2.07,360,94300,,,,,,
20231203:1600,2023,12,03,16,21,0,0,11.74,71.85,0,291.65,2.21,14,94270,,,,,,
20231203:1700,2023,12,03,17,22,0,0,10.89,71.75,0,288.35,2.21,17,94260,,,,,,
20231203:1800,2023,12,03,18,23,0,0,10.05,74.3,0,281.4,2.14,15,94230,,,,,,
20231203:1900,2023,12,03,19,0,0,0,9.41,77,0,276.95,1.93,12,94200,,,,,,
20231203:2000,2023,12,03,20,1,0,0,8.84,76.95,0,275,2,13,94150,,,,,,
20231203:2100,2023,12,03,21,2,0,0,8.29,76.85,0,273.25,2,17,94130,,,,,,
20231203:2200,2023,12,03,22,3,0,0,7.72,76.8,0,271.1,2.07,20,94090,,,,,,
20231203:2300,2023,12,03,23,4,0,0,7.15,79.65,0,268.4,2.07,21,94080,,,,,,
20231204:0000,2023,12,04,00,5,0,0,6.81,79.55,0,273.05,2.07,22,94070,,,,,,
20231204:0100,2023,12,04,01,6,0,0,6.45,79.5,0,268.9,2.07,25,94110,,,,,,
20231204:0200,2023,12,04,02,7,0,0,6.07,79.5,0,266.3,2.07,28,94170,,,,,,
20231204:0300,2023,12,04,03,8,232.8,61.35,7.05,82.6,971.69,266.5,1.59,34,94240,,,,,,
20231204:0400,2023,12,04,04,9,395.05,77.95,12.36,74.6,944.98,270.75,0.83,24,94310,,,,,,
20231204:0500,2023,12,04,05,10,513.5,87.05,16.61,39,932.14,278.5,0.62,331,94350,,,,,,
20231204:0600,2023,12,04,06,11,575.35,91,18.16,33.9,907.13,285.65,1.03,307,94350,,,,,,
20231204:0700,2023,12,04,07,12,571.6,90.95,18.8,31.65,858.81,288.95,1.86,315,94330,,,,,,
20231204:0800,2023,12,04,08,13,504.85,88.9,19.37,30.65,780.47,292.2,1.86,311,94260,,,,,,
20231204:0900,2023,12,04,09,14,383.4,76.8,19.58,31.8,672.97,295.3,1.66,307,94200,,,,,,
20231204:1000,2023,12,04,10,15,219.7,59.55,19.33,33.05,481.12,293.55,1.45,299,94180,,,,,,
20231204:1100,2023,12,04,11,16,53.75,22.3,18.34,41.05,181.64,291.85,1.17,286,94160,,,,,,
20231204:1200,2023,12,04,12,17,0,0,16.78,47.15,0,286.4,1.17,298,94180,,,,,,
20231204:1300,2023,12,04,13,18,0,0,14.47,67.25,0,281,1.24,345,94180,,,,,,
20231204:1400,2023,12,04,14,19,0,0,12.67,69.45,0,277.5,1.66,13,94180,,,,,,
20231204:1500,2023,12,04,15,20,0,0,11.29,71.75,0,274.8,1.93,25,94210,,,,,,
20231204:1600,2023,12,04,16,21,0,0,10.09,74.4,0,272.5,1.93,36,94200,,,,,,
20231204:1700,2023,12,04,17,22,0,0,9.12,77,0,270.55,1.86,52,94210,,,,,,
20231204:1800,2023,12,04,18,23,0,0,8.36,79.75,0,268.4,2,64,94190,,,,,,
20231204:1900,2023,12,04,19,0,0,0,9.03,74.15,0,269.4,1.86,54,94150,,,,,,
20231204:2000,2023,12,04,20,1,0,0,7.96,79.7,0,267.85,2.07,63,94130,,,,,,
20231204:2100,2023,12,04,21,2,0,0,7.25,79.65,0,266.85,2.14,71,94130,,,,,,
20231204:2200,2023,12,04,22,3,0,0,6.82,82.6,0,265.7,2.21,73,94110,,,,,,
20231204:2300,2023,12,04,23,4,0,0,6.49,82.55,0,264.75,2.21,71,94110,,,,,,
20231205:0000,2023,12,05,00,5,0,0,6.14,79.5,0,262.8,2.28,67,94100,,,,,,
20231205:0100,2023,12,05,01,6,0,0,5.83,82.5,0,261.15,2.14,67,94130,,,,,,
20231205:0200,2023,12,05,02,7,0,0,5.66,79.4,0,260.1,2,71,94180,,,,,,
20231205:0300,2023,12,05,03,8,233.9,61.5,7.37,76.7,992.33,260.3,1.59,75,94240,,,,,,
20231205:0400,2023,12,05,04,9,397.5,78.15,11.7,77.3,959.25,265.15,0.76,88,94320,,,,,,
20231205:0500,2023,12,05,05,10,517.25,87.25,15.65,45.15,945.03,273.05,0.69,135,94380,,,,,,
20231205:0600,2023,12,05,06,11,578.4,91.45,17.16,40.75,915.83,280.6,0.62,158,94370,,,,,,
20231205:0700,2023,12,05,07,12,576.4,91.2,17.77,40.9,869.9,285.25,0.62,330,94340,,,,,,
20231205:0800,2023,12,05,08,13,510.75,86.8,18.47,38.1,797.77,287.95,1.1,316,94220,,,,,,
20231205:0900,2023,12,05,09,14,387.9,77.3,18.8,36.8,683.45,289.1,1.52,310,94140,,,,,,
20231205:1000,2023,12,05,10,15,222.9,60,18.65,38.1,490.47,288.75,1.72,304,94090,,,,,,
20231205:1100,2023,12,05,11,16,54.75,22.65,17.75,44.05,185.8,286.8,1.31,299,94080,,,,,,
20231205:1200,2023,12,05,12,17,0,0,16.16,50.6,0,281.95,1.52,312,94090,,,,,,
20231205:1300,2023,12,05,13,18,0,0,14.18,60.3,0,277.1,1.66,341,94120,,,,,,
20231205:1400,2023,12,05,14,19,0,0,12.36,69.35,0,274.8,1.86,5,94160,,,,,,
20231205:1500,2023,12,05,15,20,0,0,10.9,71.75,0,272.85,2,24,94210,,,,,,
20231205:1600,2023,12,05,16,21,0,0,9.65,74.3,0,271.1,2.07,36,94230,,,,,,
20231205:1700,2023,12,05,17,22,0,0,8.63,76.95,0,269.95,2.07,42,94260,,,,,,
20231205:1800,2023,12,05,18,23,0,0,7.85,79.7,0,268.4,2.07,43,94250,,,,,,
20231205:1900,2023,12,05,19,0,0,0,7.59,82.7,0,270.35,2,38,94220,,,,,,
20231205:2000,2023,12,05,20,1,0,0,7.12,82.65,0,268.6,2.07,35,94180,,,,,,
20231205:2100,2023,12,05,21,2,0,0,6.71,82.6,0,267.05,2.07,31,94170,,,,,,
20231205:2200,2023,12,05,22,3,0,0,6.33,82.55,0,265.3,2.07,27,94120,,,,,,
20231205:2300,2023,12,05,23,4,0,0,5.97,85.65,0,263.4,2.07,23,94100,,,,,,
20231206:0000,2023,12,06,00,5,0,0,5.64,82.5,0,261.05,2.07,24,94090,,,,,,
20231206:0100,2023,12,06,01,6,0,0,5.29,82.4,0,259.6,2.07,28,94130,,,,,,
20231206:0200,2023,12,06,02,7,0,0,4.98,85.55,0,258.75,2.07,33,94210,,,,,,
20231206:0300,2023,12,06,03,8,233.45,61.25,6.24,79.5,1006.51,258.55,1.59,38,94270,,,,,,
20231206:0400,2023,12,06,04,9,398.5,78.05,11.24,77.2,970.05,262.6,0.76,30,94340,,,,,,
20231206:0500,2023,12,06,05,10,519.7,87.15,15.98,43.5,955.67,270.35,0.34,341,94380,,,,,,
20231206:0600,2023,12,06,06,11,582.4,91.3,17.79,37.95,927.36,277.9,0.55,290,94380,,,,,,
20231206:0700,2023,12,06,07,12,580.35,91.05,19.04,32.9,880.1,282.15,1.24,311,94360,,,,,,
20231206:0800,2023,12,06,08,13,513.7,86.55,19.69,31.95,805.96,286.05,1.38,299,94270,,,,,,
20231206:0900,2023,12,06,09,14,389.85,77.1,19.91,33.15,689.75,288.15,1.52,294,94220,,,,,,
20231206:1000,2023,12,06,10,15,224,59.9,19.62,35.6,495.04,288.95,1.59,298,94180,,,,,,
20231206:1100,2023,12,06,11,16,55,22.55,18.53,44.2,188.12,287.4,1.45,300,94180,,,,,,
20231206:1200,2023,12,06,12,17,0,0,16.72,50.75,0,281.75,1.79,321,94190,,,,,,
20231206:1300,2023,12,06,13,18,0,0,14.6,60.3,0,276.55,2.07,350,94210,,,,,,
20231206:1400,2023,12,06,14,19,0,0,12.79,66.95,0,273.45,2.21,9,94220,,,,,,
20231206:1500,2023,12,06,15,20,0,0,11.21,71.75,0,270.95,2.28,19,94240,,,,,,
20231206:1600,2023,12,06,16,21,0,0,9.92,74.3,0,269.6,2.21,24,94260,,,,,,
20231206:1700,2023,12,06,17,22,0,0,8.96,76.95,0,267.05,2.21,26,94260,,,,,,
20231206:1800,2023,12,06,18,23,0,0,8.14,76.85,0,265.7,2.14,29,94240,,,,,,
20231206:1900,2023,12,06,19,0,0,0,7.6,79.7,0,266.85,1.93,37,94250,,,,,,
20231206:2000,2023,12,06,20,1,0,0,7.09,79.65,0,265.1,2,36,94210,,,,,,
20231206:2100,2023,12,06,21,2,0,0,6.66,79.55,0,263.2,2.07,37,94220,,,,,,
20231206:2200,2023,12,06,22,3,0,0,6.23,79.5,0,261.65,2.14,38,94170,,,,,,
20231206:2300,2023,12,06,23,4,0,0,5.82,79.4,0,259.5,2.14,36,94150,,,,,,
20231207:0000,2023,12,07,00,5,0,0,5.53,79.35,0,257.75,2.14,33,94150,,,,,,
20231207:0100,2023,12,07,01,6,0,0,5.29,79.35,0,255.95,2.14,32,94180,,,,,,
20231207:0200,2023,12,07,02,7,0,0,5.08,76.4,0,255.05,2.14,32,94230,,,,,,
20231207:0300,2023,12,07,03,8,231.75,60.85,6.1,73.7,1014.22,254.85,1.86,35,94270,,,,,,
20231207:0400,2023,12,07,04,9,397.55,77.7,10.95,74.45,975.61,258.75,0.97,25,94310,,,,,,
20231207:0500,2023,12,07,05,10,519.5,86.85,16.49,43.65,960.8,266.65,0.69,336,94320,,,,,,
20231207:0600,2023,12,07,06,11,583.7,91,18.39,32.75,933.99,274.05,1.1,306,94300,,,,,,
20231207:0700,2023,12,07,07,12,581.85,90.85,19.29,29.5,885.88,277.5,1.59,315,94250,,,,,,
20231207:0800,2023,12,07,08,13,515.65,86.15,19.94,29.6,812.43,281.2,1.72,308,94140,,,,,,
20231207:0900,2023,12,07,09,14,391.8,76.8,20.13,29.6,696.13,283.9,1.79,303,94080,,,,,,
20231207:1000,2023,12,07,10,15,225.65,59.7,19.78,31.95,501.42,284.65,1.72,299,94040,,,,,,
20231207:1100,2023,12,07,11,16,55.65,22.6,18.56,41.05,191.8,283.3,1.52,296,94010,,,,,,
20231207:1200,2023,12,07,12,17,0,0,16.7,47.15,0,277.1,1.72,317,94010,,,,,,
20231207:1300,2023,12,07,13,18,0,0,14.56,58.1,0,272.1,1.86,355,94010,,,,,,
20231207:1400,2023,12,07,14,19,0,0,12.64,64.55,0,268.8,2.07,18,94010,,,,,,
20231207:1500,2023,12,07,15,20,0,0,11.01,66.65,0,267.45,2.21,30,94030,,,,,,
20231207:1600,2023,12,07,16,21,0,0,9.57,71.5,0,265.7,2.21,37,94020,,,,,,
20231207:1700,2023,12,07,17,22,0,0,8.43,74.05,0,264.55,2.07,40,94000,,,,,,
20231207:1800,2023,12,07,18,23,0,0,7.65,73.95,0,263,2,41,93990,,,,,,
20231207:1900,2023,12,07,19,0,0,0,7.3,76.7,0,265.9,1.79,43,94000,,,,,,
20231207:2000,2023,12,07,20,1,0,0,7.28,73.9,0,263.95,1.79,42,93960,,,,,,
20231207:2100,2023,12,07,21,2,0,0,7.16,71.15,0,264.55,1.86,46,93970,,,,,,
20231207:2200,2023,12,07,22,3,0,0,6.46,73.7,0,263.75,2.07,53,93940,,,,,,
20231207:2300,2023,12,07,23,4,0,0,6.01,76.5,0,262.8,2.14,58,93910,,,,,,
20231208:0000,2023,12,08,00,5,0,0,5.85,76.5,0,267.45,2.14,63,93930,,,,,,
20231208:0100,2023,12,08,01,6,0,0,5.75,73.65,0,265.8,2.21,70,93940,,,,,,
20231208:0200,2023,12,08,02,7,0,0,5.53,73.55,0,262.05,2.34,74,93990,,,,,,
20231208:0300,2023,12,08,03,8,227.9,60.25,6.12,73.7,1010,258.95,1.93,75,94030,,,,,,
20231208:0400,2023,12,08,04,9,392.5,76.25,11.23,69.15,971.8,262.05,0.97,80,94090,,,,,,
20231208:0500,2023,12,08,05,10,512.95,85.55,15.89,38.85,953.86,269.4,0.83,118,94140,,,,,,
20231208:0600,2023,12,08,06,11,574.1,89.8,17.42,35.05,921.46,277.9,0.83,146,94130,,,,,,
20231208:0700,2023,12,08,07,12,572.15,89.4,18.14,35.2,873.52,283.9,0.55,171,94150,,,,,,
20231208:0800,2023,12,08,08,13,506.5,85.35,18.68,34.15,798.47,287.75,0.62,173,94070,,,,,,
20231208:0900,2023,12,08,09,14,384.65,75.75,18.87,34.15,683.88,290.3,0.62,173,94020,,,,,,
20231208:1000,2023,12,08,10,15,219.6,60.55,18.71,35.45,481.19,290.3,0.41,165,93980,,,,,,
20231208:1100,2023,12,08,11,16,54.35,22.5,17.97,42.45,184.91,290.5,0.21,171,93960,,,,,,
20231208:1200,2023,12,08,12,17,0,0,16.6,48.8,0,284.5,0.28,58,93970,,,,,,
20231208:1300,2023,12,08,13,18,0,0,14.42,64.85,0,279.05,1.24,52,94000,,,,,,
20231208:1400,2023,12,08,14,19,0,0,12.55,66.85,0,276.35,1.93,50,94020,,,,,,
20231208:1500,2023,12,08,15,20,0,0,10.99,69.15,0,275,2.14,43,94060,,,,,,
20231208:1600,2023,12,08,16,21,0,0,9.74,71.6,0,273.05,2.21,37,94070,,,,,,
20231208:1700,2023,12,08,17,22,0,0,8.79,76.95,0,271.9,2.14,36,94110,,,,,,
20231208:1800,2023,12,08,18,23,0,0,8.05,79.7,0,270.15,2.07,39,94100,,,,,,
20231208:1900,2023,12,08,19,0,0,0,7.62,79.7,0,270.75,1.93,37,94110,,,,,,
20231208:2000,2023,12,08,20,1,0,0,7.16,79.65,0,269.6,2,36,94080,,,,,,
20231208:2100,2023,12,08,21,2,0,0,6.72,79.55,0,268.2,2,33,94100,,,,,,
20231208:2200,2023,12,08,22,3,0,0,6.24,82.55,0,267.25,2,32,94070,,,,,,
20231208:2300,2023,12,08,23,4,0,0,5.81,82.5,0,265.3,2,31,94050,,,,,,
20231209:0000,2023,12,09,00,5,0,0,5.46,82.4,0,264.35,2.07,28,94050,,,,,,
20231209:0100,2023,12,09,01,6,0,0,5.14,82.4,0,262.9,2.07,26,94070,,,,,,
20231209:0200,2023,12,09,02,7,0,0,4.84,82.35,0,261.65,2,24,94120,,,,,,
20231209:0300,2023,12,09,03,8,221.5,59.35,6.17,79.5,991.47,261.85,1.52,20,94190,,,,,,
20231209:0400,2023,12,09,04,9,384.55,76.3,10.77,74.45,954.07,265.7,0.9,352,94270,,,,,,
20231209:0500,2023,12,09,05,10,505.2,85.5,15.31,43.4,941.16,272.85,1.31,316,94300,,,,,,
20231209:0600,2023,12,09,06,11,569.05,89.7,16.97,39.15,915.27,279.65,1.72,308,94290,,,,,,
20231209:0700,2023,12,09,07,12,568.65,89.75,17.99,33.9,868.91,283.3,1.72,312,94290,,,,,,
20231209:0800,2023,12,09,08,13,504.55,85.35,18.65,32.75,796.45,286.6,1.79,309,94210,,,,,,
20231209:0900,2023,12,09,09,14,383.7,76.15,18.93,31.65,681.96,288.35,1.93,306,94170,,,,,,
20231209:1000,2023,12,09,10,15,220.95,59.15,18.69,32.9,489.98,288.55,1.79,303,94140,,,,,,
20231209:1100,2023,12,09,11,16,54.65,22.25,17.69,40.9,188.07,286.4,1.45,298,94110,,,,,,
20231209:1200,2023,12,09,12,17,0,0,16.05,48.65,0,280.8,1.66,317,94110,,,,,,
20231209:1300,2023,12,09,13,18,0,0,14.07,55.9,0,275.6,1.79,353,94110,,,,,,
20231209:1400,2023,12,09,14,19,0,0,12.26,62.1,0,272.65,2.07,14,94120,,,,,,
20231209:1500,2023,12,09,15,20,0,0,10.7,64.25,0,270.35,2.14,23,94140,,,,,,
20231209:1600,2023,12,09,16,21,0,0,9.43,71.5,0,268.6,2.07,25,94160,,,,,,
20231209:1700,2023,12,09,17,22,0,0,8.53,74.05,0,267.25,2.07,26,94150,,,,,,
20231209:1800,2023,12,09,18,23,0,0,7.86,73.95,0,266.3,2.14,28,94140,,,,,,
20231209:1900,2023,12,09,19,0,0,0,7.32,76.7,0,266.3,2,29,94090,,,,,,
20231209:2000,2023,12,09,20,1,0,0,6.89,76.65,0,265.7,2.07,24,94040,,,,,,
20231209:2100,2023,12,09,21,2,0,0,6.54,76.55,0,264.75,2.14,22,94040,,,,,,
20231209:2200,2023,12,09,22,3,0,0,6.17,73.7,0,264.35,2.21,19,93980,,,,,,
20231209:2300,2023,12,09,23,4,0,0,5.84,76.5,0,263,2.21,15,93930,,,,,,
20231210:0000,2023,12,10,00,5,0,0,5.54,79.35,0,262.05,2.28,13,93920,,,,,,
20231210:0100,2023,12,10,01,6,0,0,5.28,76.4,0,260.8,2.28,10,93930,,,,,,
20231210:0200,2023,12,10,02,7,0,0,5.02,79.3,0,259.3,2.28,9,93970,,,,,,
20231210:0300,2023,12,10,03,8,222.05,59.05,5.93,76.5,1011.34,259.1,2,6,94000,,,,,,
20231210:0400,2023,12,10,04,9,387.4,76.1,10.73,66.65,970.29,262.2,1.59,348,94070,,,,,,
20231210:0500,2023,12,10,05,10,510.55,85.4,15.31,40.2,957.77,268.2,2,327,94070,,,,,,
20231210:0600,2023,12,10,06,11,577.35,90.35,17.21,32.5,932.99,273.25,2.48,316,94070,,,,,,
20231210:0700,2023,12,10,07,12,573.4,100.15,17.99,30.2,860.84,275,3.03,315,94040,,,,,,
20231210:0800,2023,12,10,08,13,506.85,98.95,18.62,30.35,776.46,279.25,3.17,312,93960,,,,,,
20231210:0900,2023,12,10,09,14,372.8,106.3,18.8,30.5,591.72,283.5,3.03,309,93870,,,,,,
20231210:1000,2023,12,10,10,15,202.25,90.3,18.32,32.75,339.24,285.05,2.69,303,93820,,,,,,
20231210:1100,2023,12,10,11,16,48.7,32.5,16.97,40.6,93.96,290.65,2.21,300,93810,,,,,,
20231210:1200,2023,12,10,12,17,0,0,15.01,48.4,0,285.65,2.14,313,93780,,,,,,
20231210:1300,2023,12,10,13,18,0,0,13.51,53.7,0,284.3,1.93,334,93820,,,,,,
20231210:1400,2023,12,10,14,19,0,0,12.06,62,0,277.7,1.86,358,93810,,,,,,
20231210:1500,2023,12,10,15,20,0,0,10.64,64.25,0,275.6,1.86,18,93850,,,,,,
20231210:1600,2023,12,10,16,21,0,0,9.33,71.5,0,269.6,2,32,93850,,,,,,
20231210:1700,2023,12,10,17,22,0,0,8.21,74.05,0,265.9,2,42,93870,,,,,,
20231210:1800,2023,12,10,18,23,0,0,7.3,76.7,0,263,2.07,49,93860,,,,,,
20231210:1900,2023,12,10,19,0,0,0,6.76,79.55,0,264.95,2,47,93820,,,,,,
20231210:2000,2023,12,10,20,1,0,0,6.27,76.55,0,261.25,2.14,51,93820,,,,,,
20231210:2100,2023,12,10,21,2,0,0,5.84,76.5,0,258.55,2.28,57,93810,,,,,,
20231210:2200,2023,12,10,22,3,0,0,5.53,79.35,0,257.6,2.34,64,93780,,,,,,
20231210:2300,2023,12,10,23,4,0,0,5.23,73.55,0,256.8,2.41,71,93760,,,,,,
20231211:0000,2023,12,11,00,5,0,0,4.9,73.45,0,255.65,2.41,76,93760,,,,,,
20231211:0100,2023,12,11,01,6,0,0,4.59,70.7,0,255.15,2.41,74,93800,,,,,,
20231211:0200,2023,12,11,02,7,0,0,4.35,70.6,0,254.3,2.34,73,93870,,,,,,
20231211:0300,2023,12,11,03,8,218.25,60.45,5.1,70.8,993.26,254.85,1.93,71,93920,,,,,,
20231211:0400,2023,12,11,04,9,378.5,76.65,10.16,64.1,947.25,258.75,1.17,79,94010,,,,,,
20231211:0500,2023,12,11,05,10,503.45,87.35,15.02,40.1,941.52,265.9,0.97,116,94020,,,,,,
20231211:0600,2023,12,11,06,11,569.1,88.8,16.7,36.3,923.07,274.05,0.9,148,94060,,,,,,
20231211:0700,2023,12,11,07,12,567.9,89.5,17.07,33.6,872.25,277.3,0.41,173,94070,,,,,,
20231211:0800,2023,12,11,08,13,503.55,85.6,17.68,33.9,796.94,281.95,0.55,164,94040,,,,,,
20231211:0900,2023,12,11,09,14,382.85,75.95,17.96,35.2,682.16,284.85,0.97,157,93940,,,,,,
20231211:1000,2023,12,11,10,15,220.5,59,17.88,37.95,489.55,285.85,1.31,154,93910,,,,,,
20231211:1100,2023,12,11,11,16,54.85,22.35,17.12,45.45,188.26,285.45,1.1,160,93890,,,,,,
20231211:1200,2023,12,11,12,17,0,0,15.69,50.5,0,281.75,0.97,137,93910,,,,,,
20231211:1300,2023,12,11,13,18,0,0,13.92,60.2,0,279.05,1.45,90,93930,,,,,,
20231211:1400,2023,12,11,14,19,0,0,12.21,66.85,0,277.3,2.14,75,93950,,,,,,
20231211:1500,2023,12,11,15,20,0,0,10.77,69.15,0,276.15,2.41,70,94000,,,,,,
20231211:1600,2023,12,11,16,21,0,0,9.56,77,0,274.6,2.41,64,94010,,,,,,
20231211:1700,2023,12,11,17,22,0,0,8.63,79.85,0,277.1,2.34,60,94030,,,,,,
20231211:1800,2023,12,11,18,23,0,0,7.93,82.7,0,279.45,2.21,62,94010,,,,,,
20231211:1900,2023,12,11,19,0,0,0,7.62,85.85,0,280.8,2.07,60,93980,,,,,,
20231211:2000,2023,12,11,20,1,0,0,7.22,85.8,0,277.1,2,59,93930,,,,,,
20231211:2100,2023,12,11,21,2,0,0,6.87,85.75,0,276.75,2,58,93920,,,,,,
20231211:2200,2023,12,11,22,3,0,0,6.59,85.75,0,277.9,1.93,54,93890,,,,,,
20231211:2300,2023,12,11,23,4,0,0,6.52,88.95,0,287.55,1.93,52,93870,,,,,,
20231212:0000,2023,12,12,00,5,0,0,6.01,88.9,0,272.85,2,46,93860,,,,,,
20231212:0100,2023,12,12,01,6,0,0,5.83,85.65,0,280.5,1.93,40,93880,,,,,,
20231212:0200,2023,12,12,02,7,0,0,5.58,85.65,0,274.05,2,40,93930,,,,,,
20231212:0300,2023,12,12,03,8,207.15,58.7,6.22,85.7,947.68,273.65,1.52,40,93980,,,,,,
20231212:0400,2023,12,12,04,9,370.8,74.15,10.89,80.1,937.08,273.05,0.76,21,94060,,,,,,
20231212:0500,2023,12,12,05,10,489.75,84.25,14.41,52,921.41,280.05,0.83,343,94090,,,,,,
20231212:0600,2023,12,12,06,11,553.45,89.25,15.79,46.9,894.79,286.2,0.83,330,94080,,,,,,
20231212:0700,2023,12,12,07,12,553.75,89.1,16.2,45.3,849.01,289.5,0.41,320,94060,,,,,,
20231212:0800,2023,12,12,08,13,492,85.6,16.78,43.8,776.08,292.8,0.28,300,94000,,,,,,
20231212:0900,2023,12,12,09,14,371,77.7,17.06,43.8,652.49,294.15,0.14,281,93950,,,,,,
20231212:1000,2023,12,12,10,15,215.4,59.9,16.99,43.8,471.36,295.1,0.07,247,93940,,,,,,
20231212:1100,2023,12,12,11,16,54.1,22.4,16.47,47,183.27,291.25,0.07,283,93940,,,,,,
20231212:1200,2023,12,12,12,17,0,0,15.25,52.25,0,286.8,0.28,357,93940,,,,,,
20231212:1300,2023,12,12,13,18,0,0,13.64,58,0,281.75,0.9,26,93950,,,,,,
20231212:1400,2023,12,12,14,19,0,0,12.04,66.75,0,278.85,1.72,43,93980,,,,,,
20231212:1500,2023,12,12,15,20,0,0,10.61,69.15,0,275.4,2.07,44,94030,,,,,,
20231212:1600,2023,12,12,16,21,0,0,9.37,74.2,0,274.05,2.21,41,94080,,,,,,
20231212:1700,2023,12,12,17,22,0,0,8.43,79.75,0,273.05,2.28,41,94100,,,,,,
20231212:1800,2023,12,12,18,23,0,0,7.65,79.7,0,270.95,2.28,43,94110,,,,,,
20231212:1900,2023,12,12,19,0,0,0,7.37,82.65,0,270.55,2.28,49,94070,,,,,,
20231212:2000,2023,12,12,20,1,0,0,6.84,85.75,0,269.2,2.34,48,94050,,,,,,
20231212:2100,2023,12,12,21,2,0,0,6.33,88.95,0,268.2,2.34,49,94050,,,,,,
20231212:2200,2023,12,12,22,3,0,0,5.86,88.9,0,266.85,2.21,49,94040,,,,,,
20231212:2300,2023,12,12,23,4,0,0,5.51,88.85,0,266.1,2.14,46,94050,,,,,,
20231213:0000,2023,12,13,00,5,0,0,5.3,88.85,0,265.3,2.14,45,94040,,,,,,
20231213:0100,2023,12,13,01,6,0,0,5.12,85.6,0,264.85,2.21,42,94080,,,,,,
20231213:0200,2023,12,13,02,7,0,0,4.92,88.85,0,264.35,2.28,38,94140,,,,,,
20231213:0300,2023,12,13,03,8,207.4,58.7,5.53,88.85,962.49,264.75,1.79,34,94190,,,,,,
20231213:0400,2023,12,13,04,9,369.25,75.65,10.36,77.15,933.35,268.4,1.03,13,94240,,,,,,
20231213:0500,2023,12,13,05,10,490.05,85.05,14.6,46.5,923.97,275.6,1.17,341,94270,,,,,,
20231213:0600,2023,12,13,06,11,551.8,89.85,16.14,40.35,892.94,282.95,1.31,321,94270,,,,,,
20231213:0700,2023,12,13,07,12,550.65,95.95,16.94,40.6,832.47,290.65,1.17,316,94300,,,,,,
20231213:0800,2023,12,13,08,13,491.45,87.3,17.47,37.8,772.78,294.15,1.31,314,94210,,,,,,
20231213:0900,2023,12,13,09,14,372.95,80.35,17.71,36.55,651.32,295.5,1.31,316,94160,,,,,,
20231213:1000,2023,12,13,10,15,216.9,59.25,17.59,37.8,477.72,295.7,1.17,314,94140,,,,,,
20231213:1100,2023,12,13,11,16,54.6,22.3,16.87,42.15,186.27,291.85,1.1,302,94120,,,,,,
20231213:1200,2023,12,13,12,17,0,0,15.43,48.55,0,287,1.17,318,94150,,,,,,
20231213:1300,2023,12,13,13,18,0,0,13.74,53.85,0,282.95,1.52,352,94170,,,,,,
20231213:1400,2023,12,13,14,19,0,0,12.2,59.85,0,280.05,1.93,8,94220,,,,,,
20231213:1500,2023,12,13,15,20,0,0,10.85,64.25,0,278.3,2.07,17,94280,,,,,,
20231213:1600,2023,12,13,16,21,0,0,9.74,69,0,277.1,2.14,26,94290,,,,,,
20231213:1700,2023,12,13,17,22,0,0,8.81,71.4,0,275.6,2.14,31,94310,,,,,,
20231213:1800,2023,12,13,18,23,0,0,8.06,76.8,0,274.05,2.07,33,94300,,,,,,
20231213:1900,2023,12,13,19,0,0,0,7.34,79.65,0,272.65,2.07,34,94250,,,,,,
20231213:2000,2023,12,13,20,1,0,0,6.88,79.55,0,271.5,2.07,31,94220,,,,,,
20231213:2100,2023,12,13,21,2,0,0,6.49,82.55,0,270.15,2.07,28,94210,,,,,,
20231213:2200,2023,12,13,22,3,0,0,6.03,82.5,0,269,2.07,26,94160,,,,,,
20231213:2300,2023,12,13,23,4,0,0,5.63,79.4,0,267.65,2,24,94180,,,,,,
20231214:0000,2023,12,14,00,5,0,0,5.28,79.35,0,266.3,2.07,22,94140,,,,,,
20231214:0100,2023,12,14,01,6,0,0,5.05,79.35,0,265.45,2.21,23,94140,,,,,,
20231214:0200,2023,12,14,02,7,0,0,4.82,82.35,0,264.95,2.28,25,94170,,,,,,
20231214:0300,2023,12,14,03,8,203.3,63.2,5.54,79.35,919.16,264.95,1.93,23,94210,,,,,,
20231214:0400,2023,12,14,04,9,340.65,117.8,10.26,69.1,712.77,271.3,1.24,5,94260,,,,,,
20231214:0500,2023,12,14,05,10,459.9,135.95,14.82,41.65,741.88,285.05,1.31,332,94290,,,,,,
20231214:0600,2023,12,14,06,11,539.7,124.7,16.6,37.55,804.28,291.05,1.72,308,94310,,,,,,
20231214:0700,2023,12,14,07,12,556.05,98.55,17.04,34.9,839.08,289.7,1.93,308,94280,,,,,,
20231214:0800,2023,12,14,08,13,494.05,98.1,17.8,33.9,757.92,288.35,2,307,94220,,,,,,
20231214:0900,2023,12,14,09,14,372.05,94.1,18.09,33.9,618.94,289.3,2,307,94130,,,,,,
20231214:1000,2023,12,14,10,15,210.75,76.6,17.92,35.2,406.25,291.45,1.86,303,94110,,,,,,
20231214:1100,2023,12,14,11,16,52,29.95,16.87,43.8,126.77,289.3,1.59,295,94090,,,,,,
20231214:1200,2023,12,14,12,17,0,0,15.14,50.25,0,283.5,1.72,306,94110,,,,,,
20231214:1300,2023,12,14,13,18,0,0,13.49,55.75,0,278.1,1.59,340,94120,,,,,,
20231214:1400,2023,12,14,14,19,0,0,12.04,64.35,0,275.2,1.66,8,94170,,,,,,
20231214:1500,2023,12,14,15,20,0,0,10.59,66.65,0,272.85,1.79,27,94210,,,,,,
20231214:1600,2023,12,14,16,21,0,0,9.44,74.2,0,273.85,1.86,37,94260,,,,,,
20231214:1700,2023,12,14,17,22,0,0,8.53,76.85,0,271.9,1.93,43,94280,,,,,,
20231214:1800,2023,12,14,18,23,0,0,7.77,76.8,0,272.65,1.93,45,94280,,,,,,
20231214:1900,2023,12,14,19,0,0,0,7.98,73.95,0,271.9,1.86,51,94270,,,,,,
20231214:2000,2023,12,14,20,1,0,0,7.27,73.9,0,270.35,1.93,52,94230,,,,,,
20231214:2100,2023,12,14,21,2,0,0,6.6,76.65,0,269.6,1.93,54,94230,,,,,,
20231214:2200,2023,12,14,22,3,0,0,6.03,79.4,0,270.35,2,53,94180,,,,,,
20231214:2300,2023,12,14,23,4,0,0,5.62,76.5,0,269.75,2,51,94160,,,,,,
20231215:0000,2023,12,15,00,5,0,0,5.23,79.35,0,266.3,2.07,50,94120,,,,,,
20231215:0100,2023,12,15,01,6,0,0,4.92,82.35,0,265.05,2.07,51,94130,,,,,,
20231215:0200,2023,12,15,02,7,0,0,4.65,82.35,0,263.95,2.07,55,94150,,,,,,
20231215:0300,2023,12,15,03,8,207.1,57.85,5.48,79.35,992.16,263.4,1.66,57,94210,,,,,,
20231215:0400,2023,12,15,04,9,370.6,73.65,9.82,77.1,955.35,267.25,0.62,68,94280,,,,,,
20231215:0500,2023,12,15,05,10,492.05,83.25,14.57,46.5,939.57,274.8,0.41,122,94330,,,,,,
20231215:0600,2023,12,15,06,11,560.1,88.4,16.16,40.5,916.36,282.75,0.55,150,94340,,,,,,
20231215:0700,2023,12,15,07,12,562.2,88.5,16.54,40.5,870.15,284.1,0.83,146,94370,,,,,,
20231215:0800,2023,12,15,08,13,501,84.5,17.25,39.25,797.94,287.4,1.31,154,94290,,,,,,
20231215:0900,2023,12,15,09,14,380.8,77.85,17.6,39.25,674.68,289.5,1.72,151,94250,,,,,,
20231215:1000,2023,12,15,10,15,223.2,58.35,17.42,40.75,498.74,289.5,1.93,153,94180,,,,,,
20231215:1100,2023,12,15,11,16,56.75,22.85,16.66,43.8,194.2,289.9,1.38,164,94200,,,,,,
20231215:1200,2023,12,15,12,17,0,0,15.12,52.15,0,288.15,1.1,155,94210,,,,,,
20231215:1300,2023,12,15,13,18,0,0,13.6,57.9,0,295.9,1.52,102,94240,,,,,,
20231215:1400,2023,12,15,14,19,0,0,12.16,64.45,0,297.05,2.07,84,94250,,,,,,
20231215:1500,2023,12,15,15,20,0,0,10.91,69.15,0,294.35,2.21,79,94290,,,,,,
20231215:1600,2023,12,15,16,21,0,0,9.99,74.3,0,295.5,2.14,76,94310,,,,,,
20231215:1700,2023,12,15,17,22,0,0,9.3,77,0,292.05,2.14,72,94300,,,,,,
20231215:1800,2023,12,15,18,23,0,0,8.73,76.95,0,291.45,2.07,66,94280,,,,,,
20231215:1900,2023,12,15,19,0,0,0,7.75,82.7,0,279.25,1.93,54,94260,,,,,,
20231215:2000,2023,12,15,20,1,0,0,7.37,85.8,0,279.85,1.86,52,94250,,,,,,
20231215:2100,2023,12,15,21,2,0,0,7.04,85.75,0,273.85,1.79,43,94250,,,,,,
20231215:2200,2023,12,15,22,3,0,0,6.74,85.75,0,274.2,1.93,37,94190,,,,,,
20231215:2300,2023,12,15,23,4,0,0,6.4,85.7,0,273.65,2,37,94160,,,,,,
20231216:0000,2023,12,16,00,5,0,0,5.95,88.9,0,271.3,2,34,94090,,,,,,
20231216:0100,2023,12,16,01,6,0,0,5.64,85.65,0,277.05,1.86,27,94100,,,,,,
20231216:0200,2023,12,16,02,7,0,0,5.57,85.65,0,281.2,1.86,21,94130,,,,,,
20231216:0300,2023,12,16,03,8,180.75,60.35,6.24,88.95,810.68,277.1,1.52,23,94160,,,,,,
20231216:0400,2023,12,16,04,9,289.8,94.95,10.08,82.95,630.39,281.4,0.69,6,94190,,,,,,
20231216:0500,2023,12,16,05,10,390.6,104.2,13.34,57.9,660.48,295.1,0.69,315,94230,,,,,,
20231216:0600,2023,12,16,06,11,479.45,114.5,14.76,50.25,710.54,305.2,0.83,304,94210,,,,,,
20231216:0700,2023,12,16,07,12,475.85,125.25,14.81,50.25,644.91,301.5,0.55,337,94230,,,,,,
20231216:0800,2023,12,16,08,13,430.95,131.25,15.4,46.75,574.55,315.65,0.9,29,94180,,,,,,
20231216:0900,2023,12,16,09,14,310.2,112.15,15.83,45.15,441.01,309.65,1.38,67,94120,,,,,,
20231216:1000,2023,12,16,10,15,191.75,81.3,15.81,45.15,333.73,311.55,1.45,80,94080,,,,,,
20231216:1100,2023,12,16,11,16,51.95,26.05,15.34,46.75,147.75,310.05,0.97,80,94070,,,,,,
20231216:1200,2023,12,16,12,17,0,0,14.24,53.95,0,298.8,0.83,70,94070,,,,,,
20231216:1300,2023,12,16,13,18,0,0,12.75,59.95,0,290.65,1.03,60,94070,,,,,,
20231216:1400,2023,12,16,14,19,0,0,11.41,71.75,0,283.1,0.9,40,94110,,,,,,
20231216:1500,2023,12,16,15,20,0,0,10.13,74.4,0,284.5,1.24,19,94120,,,,,,
20231216:1600,2023,12,16,16,21,0,0,9.02,76.95,0,277.5,1.86,24,94130,,,,,,
20231216:1700,2023,12,16,17,22,0,0,8.04,79.7,0,277.1,2.14,35,94140,,,,,,
20231216:1800,2023,12,16,18,23,0,0,7.11,82.65,0,276.55,2.14,42,94150,,,,,,
20231216:1900,2023,12,16,19,0,0,0,6.57,89,0,276.35,2,45,94150,,,,,,
20231216:2000,2023,12,16,20,1,0,0,6.24,88.95,0,274.8,2,44,94150,,,,,,
20231216:2100,2023,12,16,21,2,0,0,5.88,92.3,0,273.05,2.07,43,94190,,,,,,
20231216:2200,2023,12,16,22,3,0,0,5.53,92.25,0,272.3,2,44,94210,,,,,,
20231216:2300,2023,12,16,23,4,0,0,5.19,92.25,0,271.7,1.93,43,94210,,,,,,
20231217:0000,2023,12,17,00,5,0,0,4.92,92.25,0,271.9,1.86,40,94220,,,,,,
20231217:0100,2023,12,17,01,6,0,0,4.67,88.85,0,269.3,1.93,34,94270,,,,,,
20231217:0200,2023,12,17,02,7,0,0,4.49,92.2,0,267.45,2.07,29,94340,,,,,,
20231217:0300,2023,12,17,03,8,197.75,56.05,5.14,88.85,966.01,267.05,1.72,25,94410,,,,,,
20231217:0400,2023,12,17,04,9,360.05,72.1,9.92,74.3,936.57,271.3,1.24,2,94450,,,,,,
20231217:0500,2023,12,17,05,10,480.75,82.45,13.54,51.75,921.44,278.1,1.79,340,94480,,,,,,
20231217:0600,2023,12,17,06,11,546.15,87.45,15.17,43.4,894.85,284.5,2.34,330,94490,,,,,,
20231217:0700,2023,12,17,07,12,540.95,91.95,15.93,43.5,826.88,289.5,2.76,323,94450,,,,,,
20231217:0800,2023,12,17,08,13,490.9,85.1,16.39,42.05,778.3,292.2,2.9,321,94360,,,,,,
20231217:0900,2023,12,17,09,14,375.05,76.1,16.6,42.05,665.44,292.8,2.97,318,94320,,,,,,
20231217:1000,2023,12,17,10,15,219.35,59.1,16.37,43.65,483.44,292.2,2.97,316,94310,,,,,,
20231217:1100,2023,12,17,11,16,56.85,22.9,15.51,48.55,192.77,290.5,2.55,310,94310,,,,,,
20231217:1200,2023,12,17,12,17,0,0,13.65,55.9,0,285.85,2.28,316,94340,,,,,,
20231217:1300,2023,12,17,13,18,0,0,12.16,59.85,0,281.4,2.14,336,94360,,,,,,
20231217:1400,2023,12,17,14,19,0,0,11.09,64.25,0,278.65,2.14,354,94400,,,,,,
20231217:1500,2023,12,17,15,20,0,0,10.02,69,0,276.15,2.21,4,94410,,,,,,
20231217:1600,2023,12,17,16,21,0,0,9.1,71.5,0,274.2,2.21,13,94450,,,,,,
20231217:1700,2023,12,17,17,22,0,0,8.31,76.85,0,273.05,2.21,18,94480,,,,,,
20231217:1800,2023,12,17,18,23,0,0,7.63,76.8,0,271.3,2.21,19,94510,,,,,,
20231217:1900,2023,12,17,19,0,0,0,7.09,82.65,0,271.3,1.93,18,94470,,,,,,
20231217:2000,2023,12,17,20,1,0,0,6.57,82.6,0,269.95,1.93,16,94460,,,,,,
20231217:2100,2023,12,17,21,2,0,0,6.14,85.7,0,268.8,2,18,94480,,,,,,
20231217:2200,2023,12,17,22,3,0,0,5.75,85.65,0,267.65,2.14,18,94470,,,,,,
20231217:2300,2023,12,17,23,4,0,0,5.38,85.6,0,266.1,2.21,17,94460,,,,,,
20231218:0000,2023,12,18,00,5,0,0,5.04,88.85,0,264.95,2.21,15,94470,,,,,,
20231218:0100,2023,12,18,01,6,0,0,4.72,85.55,0,262.9,2.21,13,94480,,,,,,
20231218:0200,2023,12,18,02,7,0,0,4.41,88.8,0,261.25,2.21,13,94550,,,,,,
20231218:0300,2023,12,18,03,8,202.85,55.75,4.91,85.55,1014.91,260.1,1.86,10,94560,,,,,,
20231218:0400,2023,12,18,04,9,367.8,73.65,9.59,71.6,961.58,262.8,1.45,351,94630,,,,,,
20231218:0500,2023,12,18,05,10,492.65,83.25,13.91,46.35,949.91,268.8,1.93,330,94650,,,,,,
20231218:0600,2023,12,18,06,11,561.85,87.8,15.7,38.85,926.45,274.05,2.41,323,94650,,,,,,
20231218:0700,2023,12,18,07,12,566.5,88,16.96,34.9,882.07,276.95,2.62,321,94620,,,,,,
20231218:0800,2023,12,18,08,13,507.4,84,17.72,32.65,812.24,280.05,3.03,317,94550,,,,,,
20231218:0900,2023,12,18,09,14,390.4,75.2,17.94,31.4,701.18,281.2,3.24,314,94470,,,,,,
20231218:1000,2023,12,18,10,15,229.65,59.1,17.64,33.75,513.53,281.2,3.03,312,94440,,,,,,
20231218:1100,2023,12,18,11,16,60.75,23.6,16.48,39,209.84,279.45,2.14,308,94410,,,,,,
20231218:1200,2023,12,18,12,17,0,0,14.48,46.5,0,274.05,2.14,317,94410,,,,,,
20231218:1300,2023,12,18,13,18,0,0,12.67,51.65,0,269,2.21,338,94410,,,,,,
20231218:1400,2023,12,18,14,19,0,0,11.34,57.4,0,265.7,2.21,351,94440,,,,,,
20231218:1500,2023,12,18,15,20,0,0,10.14,59.5,0,263.95,2.28,359,94450,,,,,,
20231218:1600,2023,12,18,16,21,0,0,9,66.25,0,262.05,2.21,6,94490,,,,,,
20231218:1700,2023,12,18,17,22,0,0,7.9,68.6,0,260.1,2.14,12,94490,,,,,,
20231218:1800,2023,12,18,18,23,0,0,6.92,73.8,0,257.95,2.14,16,94480,,,,,,
20231218:1900,2023,12,18,19,0,0,0,6.49,76.55,0,257.6,2.07,14,94420,,,,,,
20231218:2000,2023,12,18,20,1,0,0,5.79,76.5,0,255.05,2.07,16,94420,,,,,,
20231218:2100,2023,12,18,21,2,0,0,5.18,76.4,0,253.3,2.07,19,94390,,,,,,
20231218:2200,2023,12,18,22,3,0,0,4.6,76.3,0,251.6,2.07,23,94370,,,,,,
20231218:2300,2023,12,18,23,4,0,0,4.07,76.25,0,249.85,2.14,20,94350,,,,,,
20231219:0000,2023,12,19,00,5,0,0,3.68,76.15,0,248.5,2.21,20,94360,,,,,,
20231219:0100,2023,12,19,01,6,0,0,3.34,76.1,0,247.6,2.28,23,94400,,,,,,
20231219:0200,2023,12,19,02,7,0,0,2.96,79,0,246.95,2.28,25,94420,,,,,,
20231219:0300,2023,12,19,03,8,207.3,56,3.54,76.15,1056,246.75,1.86,20,94470,,,,,,
20231219:0400,2023,12,19,04,9,375.6,73.8,8.78,66.25,991.31,249.65,1.17,5,94550,,,,,,
20231219:0500,2023,12,19,05,10,502.35,83.3,14.28,43.1,974.93,257,1.24,332,94570,,,,,,
20231219:0600,2023,12,19,06,11,571.25,87.7,16.66,28.8,946.52,264.55,1.79,316,94570,,,,,,
20231219:0700,2023,12,19,07,12,575.7,88,17.61,26.8,899.71,268.05,2.21,315,94570,,,,,,
20231219:0800,2023,12,19,08,13,515.4,84.1,18.44,26,827.4,273.05,2.34,312,94490,,,,,,
20231219:0900,2023,12,19,09,14,396.6,75.4,18.79,27.2,713.92,275.95,2.34,310,94420,,,,,,
20231219:1000,2023,12,19,10,15,233.7,59.3,18.59,30.35,523.96,277.3,2.21,306,94390,,,,,,
20231219:1100,2023,12,19,11,16,62.3,23.85,17.41,37.8,215.94,276.75,1.86,298,94380,,,,,,
20231219:1200,2023,12,19,12,17,0,0,15.28,45.05,0,273.05,2.07,306,94360,,,,,,
20231219:1300,2023,12,19,13,18,0,0,13.39,49.85,0,267.85,2,328,94370,,,,,,
20231219:1400,2023,12,19,14,19,0,0,11.92,55.4,0,265.9,2.07,345,94390,,,,,,
20231219:1500,2023,12,19,15,20,0,0,10.46,59.5,0,265.1,2.14,359,94420,,,,,,
20231219:1600,2023,12,19,16,21,0,0,9.11,63.9,0,264.95,2.07,6,94410,,,,,,
20231219:1700,2023,12,19,17,22,0,0,7.98,68.6,0,263.75,2,9,94430,,,,,,
20231219:1800,2023,12,19,18,23,0,0,7.05,73.8,0,262.6,1.86,10,94410,,,,,,
20231219:1900,2023,12,19,19,0,0,0,6.95,73.8,0,265.5,1.79,5,94400,,,,,,
20231219:2000,2023,12,19,20,1,0,0,6.61,71.05,0,265.7,1.93,6,94380,,,,,,
20231219:2100,2023,12,19,21,2,0,0,5.99,76.5,0,262.2,2.21,10,94380,,,,,,
20231219:2200,2023,12,19,22,3,0,0,5.62,73.65,0,261.45,2.28,14,94340,,,,,,
20231219:2300,2023,12,19,23,4,0,0,5.22,73.55,0,260.85,2.28,15,94290,,,,,,
20231220:0000,2023,12,20,00,5,0,0,4.84,73.45,0,261.05,2.21,14,94260,,,,,,
20231220:0100,2023,12,20,01,6,0,0,4.51,76.25,0,260.4,2.14,11,94270,,,,,,
20231220:0200,2023,12,20,02,7,0,0,4.3,73.4,0,259.5,2.07,10,94320,,,,,,
20231220:0300,2023,12,20,03,8,187.1,68.75,5.2,68.1,835.21,259.15,1.79,11,94360,,,,,,
20231220:0400,2023,12,20,04,9,356.4,95,9.61,61.65,862.46,265.7,1.24,3,94430,,,,,,
20231220:0500,2023,12,20,05,10,478.7,117.45,15.1,50.25,842.53,270.55,1.24,324,94440,,,,,,
20231220:0600,2023,12,20,06,11,544.55,125.05,17.71,29.1,822.27,276.75,1.72,311,94410,,,,,,
20231220:0700,2023,12,20,07,12,510.4,180.15,18.63,26,609.59,287,2.14,312,94450,,,,,,
20231220:0800,2023,12,20,08,13,434.15,193.35,19.32,26.3,461.86,298.2,2.28,310,94370,,,,,,
20231220:0900,2023,12,20,09,14,307.15,169.3,19.5,28.4,306.06,304.4,2.21,308,94300,,,,,,
20231220:1000,2023,12,20,10,15,170.6,103.45,18.98,32.9,201.24,304.2,1.86,301,94260,,,,,,
20231220:1100,2023,12,20,11,16,49.4,34.85,17.62,42.3,81.2,302.5,1.86,301,94220,,,,,,
20231220:1200,2023,12,20,12,17,0,0,15.89,46.9,0,302.85,1.86,317,94220,,,,,,
20231220:1300,2023,12,20,13,18,0,0,14.45,52,0,302.85,1.86,341,94190,,,,,,
20231220:1400,2023,12,20,14,19,0,0,13.12,57.9,0,292.8,1.79,351,94220,,,,,,
20231220:1500,2023,12,20,15,20,0,0,11.78,64.35,0,292.05,1.72,356,94250,,,,,,
20231220:1600,2023,12,20,16,21,0,0,10.57,69.1,0,279.85,1.59,358,94270,,,,,,
20231220:1700,2023,12,20,17,22,0,0,9.83,66.45,0,269.6,1.59,4,94270,,,,,,
20231220:1800,2023,12,20,18,23,0,0,9.1,63.9,0,268.2,1.59,13,94270,,,,,,
20231220:1900,2023,12,20,19,0,0,0,7.64,71.25,0,270.55,1.72,18,94250,,,,,,
20231220:2000,2023,12,20,20,1,0,0,7.36,71.15,0,268.8,1.79,22,94250,,,,,,
20231220:2100,2023,12,20,21,2,0,0,6.91,71.05,0,266.65,1.86,27,94240,,,,,,
20231220:2200,2023,12,20,22,3,0,0,6.21,73.7,0,263,2,33,94220,,,,,,
20231220:2300,2023,12,20,23,4,0,0,5.58,73.65,0,260.3,2.07,37,94190,,,,,,
20231221:0000,2023,12,21,00,5,0,0,5.09,70.8,0,259.7,2.21,42,94180,,,,,,
20231221:0100,2023,12,21,01,6,0,0,4.7,70.7,0,257.7,2.28,43,94170,,,,,,
20231221:0200,2023,12,21,02,7,0,0,4.35,73.4,0,255.85,2.28,40,94200,,,,,,
20231221:0300,2023,12,21,03,8,202.85,55.45,5.08,70.8,1051.27,255.45,1.93,33,94250,,,,,,
20231221:0400,2023,12,21,04,9,370.1,75.45,10.08,64,976.23,258.75,1.03,17,94290,,,,,,
20231221:0500,2023,12,21,05,10,495.95,88.35,15.57,48.55,952.76,264.75,1.03,324,94330,,,,,,
20231221:0600,2023,12,21,06,11,564.25,97.9,18.01,33.9,915.16,273.05,1.59,310,94310,,,,,,
20231221:0700,2023,12,21,07,12,563.55,110.9,18.87,29.35,835.81,276.55,2.07,310,94310,,,,,,
20231221:0800,2023,12,21,08,13,504.55,106.15,19.68,28.5,763.82,281.4,2.28,305,94240,,,,,,
20231221:0900,2023,12,21,09,14,390.25,90.85,19.99,29.6,663.85,284.85,2.28,305,94150,,,,,,
20231221:1000,2023,12,21,10,15,231.85,67.7,19.74,30.75,490.54,284.85,2,303,94110,,,,,,
20231221:1100,2023,12,21,11,16,63.3,28.1,18.5,39.55,195.13,283.9,1.79,298,94080,,,,,,
20231221:1200,2023,12,21,12,17,0,0,16.45,47,0,278.65,1.86,310,94090,,,,,,
20231221:1300,2023,12,21,13,18,0,0,14.56,52,0,273.65,1.72,340,94090,,,,,,
20231221:1400,2023,12,21,14,19,0,0,12.86,62.2,0,271.3,1.66,3,94130,,,,,,
20231221:1500,2023,12,21,15,20,0,0,11.17,69.15,0,269.2,1.72,18,94160,,,,,,
20231221:1600,2023,12,21,16,21,0,0,10.11,69.1,0,268.2,1.86,28,94180,,,,,,
20231221:1700,2023,12,21,17,22,0,0,9.03,74.15,0,268.2,2,36,94190,,,,,,
20231221:1800,2023,12,21,18,23,0,0,8.14,74.05,0,270.35,2.14,40,94160,,,,,,
20231221:1900,2023,12,21,19,0,0,0,7.27,79.65,0,270.95,2.14,49,94150,,,,,,
20231221:2000,2023,12,21,20,1,0,0,6.87,79.55,0,272.85,2.07,46,94140,,,,,,
20231221:2100,2023,12,21,21,2,0,0,6.76,76.65,0,269.2,1.93,42,94150,,,,,,
20231221:2200,2023,12,21,22,3,0,0,6.84,76.65,0,275.95,1.86,39,94130,,,,,,
20231221:2300,2023,12,21,23,4,0,0,6.55,76.55,0,273.25,2,36,94100,,,,,,
20231222:0000,2023,12,22,00,5,0,0,6.21,73.7,0,276.95,2.14,37,94090,,,,,,
20231222:0100,2023,12,22,01,6,0,0,6.13,73.7,0,276.65,2.07,39,94090,,,,,,
20231222:0200,2023,12,22,02,7,0,0,6.34,73.7,0,280.8,1.93,45,94140,,,,,,
20231222:0300,2023,12,22,03,8,162.6,96.95,7.02,71.05,472.95,275,1.79,49,94180,,,,,,
20231222:0400,2023,12,22,04,9,317.65,139.75,10.53,64.1,591.7,277.1,1.1,50,94230,,,,,,
20231222:0500,2023,12,22,05,10,433.6,165.2,15.2,58.35,628.63,285.05,0.34,32,94230,,,,,,
20231222:0600,2023,12,22,06,11,510.75,163.15,17.52,37.8,682.77,290.5,0.28,252,94200,,,,,,
20231222:0700,2023,12,22,07,12,497.1,195.85,18.37,34.05,556.34,295.3,1.59,283,94190,,,,,,
20231222:0800,2023,12,22,08,13,465.85,141.55,18.78,34.15,621.36,303.45,1.93,278,94100,,,,,,
20231222:0900,2023,12,22,09,14,332.35,143.4,18.91,35.45,418.29,300.75,2,272,94030,,,,,,
20231222:1000,2023,12,22,10,15,154.95,118.1,18.45,38.1,109.78,305.95,2.28,262,94050,,,,,,
20231222:1100,2023,12,22,11,16,36.85,32.95,16.93,45.45,21.46,317.95,1.31,266,94070,,,,,,
20231222:1200,2023,12,22,12,17,0,0,15.75,48.65,0,319.1,0.55,325,94110,,,,,,
20231222:1300,2023,12,22,13,18,0,0,14.74,54.1,0,322.05,1.03,48,94140,,,,,,
20231222:1400,2023,12,22,14,19,0,0,13.86,58,0,325.7,1.86,62,94220,,,,,,
20231222:1500,2023,12,22,15,20,0,0,12.67,64.55,0,321.85,2,61,94270,,,,,,
20231222:1600,2023,12,22,16,21,0,0,11.55,71.75,0,312.35,1.79,59,94310,,,,,,
20231222:1700,2023,12,22,17,22,0,0,10.98,69.15,0,324.35,1.59,39,94360,,,,,,
20231222:1800,2023,12,22,18,23,0,0,11.17,64.25,0,329.95,1.93,21,94380,,,,,,
20231222:1900,2023,12,22,19,0,0,0,11.8,69.25,0,345.85,1.17,51,94240,,,,,,
20231222:2000,2023,12,22,20,1,0,0,12.38,62.1,0,328.6,0.21,356,94230,,,,,,
20231222:2100,2023,12,22,21,2,0,0,12.16,62.1,0,330.55,0.34,276,94270,,,,,,
20231222:2200,2023,12,22,22,3,0,0,11.74,62,0,323.95,0.83,339,94290,,,,,,
20231222:2300,2023,12,22,23,4,0,0,10.36,69.1,0,325.7,1.66,3,94320,,,,,,
20231223:0000,2023,12,23,00,5,0,0,10.18,66.55,0,321.25,1.93,18,94330,,,,,,
20231223:0100,2023,12,23,01,6,0,0,9.88,66.45,0,317.9,2.07,17,94380,,,,,,
20231223:0200,2023,12,23,02,7,0,0,9.58,68.9,0,309.25,2.21,14,94430,,,,,,
20231223:0300,2023,12,23,03,8,149.55,66.45,9.81,66.45,604.37,301.1,2.21,10,94530,,,,,,
20231223:0400,2023,12,23,04,9,304.85,97,12.92,62.2,693.78,311.75,1.93,8,94580,,,,,,
20231223:0500,2023,12,23,05,10,469.15,82.7,16.45,47,906.71,306.15,2.07,5,94630,,,,,,
20231223:0600,2023,12,23,06,11,546.85,84.9,18.82,35.45,908.04,298.4,2.14,4,94640,,,,,,
20231223:0700,2023,12,23,07,12,541.45,94.2,19.3,33.05,825.91,301.3,2.07,328,94650,,,,,,
20231223:0800,2023,12,23,08,13,493.55,81.2,19.96,33.15,789.4,304.6,2.28,323,94590,,,,,,
20231223:0900,2023,12,23,09,14,382.4,74,20.2,32.1,681.49,306.75,2.41,323,94540,,,,,,
20231223:1000,2023,12,23,10,15,227,58.1,20.02,34.45,501.46,307.9,2.41,319,94510,,,,,,
20231223:1100,2023,12,23,11,16,63.6,24.55,18.95,42.7,213.28,305,2,304,94520,,,,,,
20231223:1200,2023,12,23,12,17,0,0,16.9,48.9,0,300.75,2.14,313,94550,,,,,,
20231223:1300,2023,12,23,13,18,0,0,15.11,56.15,0,295.9,2.07,338,94600,,,,,,
20231223:1400,2023,12,23,14,19,0,0,13.85,58,0,293,2.14,358,94600,,,,,,
20231223:1500,2023,12,23,15,20,0,0,12.67,62.2,0,290.5,2.21,7,94660,,,,,,
20231223:1600,2023,12,23,16,21,0,0,11.67,66.75,0,288.75,2.34,14,94670,,,,,,
20231223:1700,2023,12,23,17,22,0,0,10.82,66.65,0,287.2,2.41,20,94710,,,,,,
20231223:1800,2023,12,23,18,23,0,0,10.05,71.6,0,285.65,2.41,24,94690,,,,,,
20231223:1900,2023,12,23,19,0,0,0,9.38,77,0,284.85,2,31,94670,,,,,,
20231223:2000,2023,12,23,20,1,0,0,8.97,76.95,0,283.5,2.07,24,94610,,,,,,
20231223:2100,2023,12,23,21,2,0,0,8.62,76.95,0,282.35,2.28,26,94630,,,,,,
20231223:2200,2023,12,23,22,3,0,0,8.15,76.85,0,281,2.28,27,94600,,,,,,
20231223:2300,2023,12,23,23,4,0,0,7.69,79.7,0,281,2.21,25,94560,,,,,,
20231224:0000,2023,12,24,00,5,0,0,7.42,79.65,0,282.55,2.14,20,94570,,,,,,
20231224:0100,2023,12,24,01,6,0,0,7.61,76.8,0,295.05,2.28,24,94580,,,,,,
20231224:0200,2023,12,24,02,7,0,0,7.91,76.8,0,311,2.14,26,94610,,,,,,
20231224:0300,2023,12,24,03,8,137.45,99.8,8.43,79.75,276.28,310.6,1.72,20,94670,,,,,,
20231224:0400,2023,12,24,04,9,280.5,148.2,11.44,77.2,443.03,306.15,1.1,18,94730,,,,,,
20231224:0500,2023,12,24,05,10,423.55,159.55,15.94,54.35,620.34,312.55,0.83,344,94790,,,,,,
20231224:0600,2023,12,24,06,11,387.45,227.1,18.23,41.05,315.36,308.85,1.1,316,94810,,,,,,
20231224:0700,2023,12,24,07,12,310.55,241.8,18.22,41.05,126.92,338.1,1.52,298,94840,,,,,,
20231224:0800,2023,12,24,08,13,397.75,149.7,18.16,44.05,474.37,345.85,1.52,310,94740,,,,,,
20231224:0900,2023,12,24,09,14,260.4,191.35,18.5,42.6,152.27,332.3,1.66,315,94690,,,,,,
20231224:1000,2023,12,24,10,15,171.75,107.3,18.39,44.2,190.64,337.5,1.59,321,94660,,,,,,
20231224:1100,2023,12,24,11,16,49.45,34.85,17.8,49.15,79.1,334.4,1.38,315,94620,,,,,,
20231224:1200,2023,12,24,12,17,0,0,16.19,56.5,0,321.45,1.93,316,94610,,,,,,
20231224:1300,2023,12,24,13,18,0,0,14.34,62.55,0,302.5,2.07,336,94600,,,,,,
20231224:1400,2023,12,24,14,19,0,0,12.98,69.45,0,288.55,2.21,348,94620,,,,,,
20231224:1500,2023,12,24,15,20,0,0,11.81,71.85,0,284.1,2.28,354,94630,,,,,,
20231224:1600,2023,12,24,16,21,0,0,10.94,74.45,0,282.35,2.28,357,94610,,,,,,
20231224:1700,2023,12,24,17,22,0,0,10.27,74.4,0,280.4,2.28,358,94630,,,,,,
20231224:1800,2023,12,24,18,23,0,0,9.58,79.9,0,279.25,2.28,0,94580,,,,,,
20231224:1900,2023,12,24,19,0,0,0,8.92,79.85,0,278.5,2.21,4,94540,,,,,,
20231224:2000,2023,12,24,20,1,0,0,8.41,79.75,0,277.7,2.21,360,94470,,,,,,
20231224:2100,2023,12,24,21,2,0,0,7.92,79.7,0,275.95,2.21,358,94450,,,,,,
20231224:2200,2023,12,24,22,3,0,0,7.39,79.65,0,275,2.14,357,94400,,,,,,
20231224:2300,2023,12,24,23,4,0,0,6.95,79.55,0,273.45,2.14,354,94340,,,,,,
20231225:0000,2023,12,25,00,5,0,0,6.56,76.65,0,272.1,2.07,355,94320,,,,,,
20231225:0100,2023,12,25,01,6,0,0,6.25,76.55,0,270.85,2.14,358,94290,,,,,,
20231225:0200,2023,12,25,02,7,0,0,5.91,76.5,0,269.4,2.07,3,94310,,,,,,
20231225:0300,2023,12,25,03,8,192.15,53.7,6.48,76.55,1024.44,269,1.79,1,94350,,,,,,
20231225:0400,2023,12,25,04,9,357.7,72.15,10.85,66.65,959.01,272.1,1.24,343,94400,,,,,,
20231225:0500,2023,12,25,05,10,484.3,82,15.67,41.9,946.5,278.85,1.52,316,94440,,,,,,
20231225:0600,2023,12,25,06,11,557.25,86.95,17.76,36.55,925.2,286.2,1.93,305,94470,,,,,,
20231225:0700,2023,12,25,07,12,565.15,87.15,18.69,34.15,882.04,288.95,2.07,307,94430,,,,,,
20231225:0800,2023,12,25,08,13,508.95,83.65,19.56,34.3,812.31,292.8,2.14,304,94350,,,,,,
20231225:0900,2023,12,25,09,14,394.9,75.3,19.92,33.15,703.2,295.7,2,302,94280,,,,,,
20231225:1000,2023,12,25,10,15,236.75,59.75,19.78,34.45,521.5,296.3,1.72,297,94250,,,,,,
20231225:1100,2023,12,25,11,16,68.4,25.9,18.82,41.15,228.3,295.3,1.24,287,94230,,,,,,
20231225:1200,2023,12,25,12,17,0,0,17.29,49.05,0,290.1,1.1,305,94240,,,,,,
20231225:1300,2023,12,25,13,18,0,0,15.49,54.25,0,284.5,1.17,360,94250,,,,,,
20231225:1400,2023,12,25,14,19,0,0,13.74,62.45,0,282.15,1.66,32,94270,,,,,,
20231225:1500,2023,12,25,15,20,0,0,12.25,69.35,0,280.8,1.86,45,94320,,,,,,
20231225:1600,2023,12,25,16,21,0,0,11.18,74.45,0,279.85,1.86,54,94330,,,,,,
20231225:1700,2023,12,25,17,22,0,0,10.76,71.75,0,279.45,1.79,60,94360,,,,,,
20231225:1800,2023,12,25,18,23,0,0,10.52,71.7,0,278.65,1.79,64,94360,,,,,,
20231225:1900,2023,12,25,19,0,0,0,9.33,77,0,278.85,2.07,67,94330,,,,,,
20231225:2000,2023,12,25,20,1,0,0,8.79,76.95,0,278.65,2.21,65,94310,,,,,,
20231225:2100,2023,12,25,21,2,0,0,8.3,76.85,0,278.3,2.34,61,94280,,,,,,
20231225:2200,2023,12,25,22,3,0,0,7.7,79.7,0,277.9,2.41,56,94270,,,,,,
20231225:2300,2023,12,25,23,4,0,0,7.08,82.65,0,276.75,2.34,52,94200,,,,,,
20231226:0000,2023,12,26,00,5,0,0,6.59,82.6,0,275.95,2.28,49,94180,,,,,,
20231226:0100,2023,12,26,01,6,0,0,6.22,85.7,0,275.1,2.21,44,94180,,,,,,
20231226:0200,2023,12,26,02,7,0,0,5.97,85.65,0,274.6,2.14,38,94180,,,,,,
20231226:0300,2023,12,26,03,8,181.2,64.1,6.42,85.7,873.17,273.85,1.79,31,94230,,,,,,
20231226:0400,2023,12,26,04,9,350.6,75.65,11.28,74.45,925.79,277.7,0.9,16,94290,,,,,,
20231226:0500,2023,12,26,05,10,479,81.4,15.97,52.4,936.38,284.65,0.9,327,94340,,,,,,
20231226:0600,2023,12,26,06,11,548.3,88.25,17.88,45.7,905.11,291.85,1.31,305,94360,,,,,,
20231226:0700,2023,12,26,07,12,557.4,86.05,18.71,42.7,869.17,296.1,1.59,301,94390,,,,,,
20231226:0800,2023,12,26,08,13,501.8,83.2,19.47,41.3,798.34,300.55,1.52,295,94320,,,,,,
20231226:0900,2023,12,26,09,14,389.5,75.05,19.82,39.95,690.15,303.45,1.31,289,94260,,,,,,
20231226:1000,2023,12,26,10,15,233.85,59.6,19.74,41.45,511.22,303.85,1.1,276,94250,,,,,,
20231226:1100,2023,12,26,11,16,68.05,26.05,18.97,47.65,223.61,302.5,0.97,266,94240,,,,,,
20231226:1200,2023,12,26,12,17,0,0,17.54,54.7,0,297.25,0.76,282,94280,,,,,,
20231226:1300,2023,12,26,13,18,0,0,15.79,60.65,0,291.65,0.83,8,94320,,,,,,
20231226:1400,2023,12,26,14,19,0,0,14.1,69.65,0,288.75,1.59,39,94380,,,,,,
20231226:1500,2023,12,26,15,20,0,0,12.67,72.05,0,286.8,2.07,48,94440,,,,,,
20231226:1600,2023,12,26,16,21,0,0,11.3,77.2,0,285.65,2.14,52,94460,,,,,,
20231226:1700,2023,12,26,17,22,0,0,10.19,77.15,0,284.1,2.21,52,94490,,,,,,
20231226:1800,2023,12,26,18,23,0,0,9.29,82.9,0,282.55,2.14,53,94490,,,,,,
20231226:1900,2023,12,26,19,0,0,0,8.46,85.9,0,282.95,2,49,94450,,,,,,
20231226:2000,2023,12,26,20,1,0,0,8.07,85.9,0,281.6,1.93,42,94460,,,,,,
20231226:2100,2023,12,26,21,2,0,0,7.83,85.85,0,280.8,2.07,37,94430,,,,,,
20231226:2200,2023,12,26,22,3,0,0,7.47,85.8,0,279.25,2.07,36,94440,,,,,,
20231226:2300,2023,12,26,23,4,0,0,7.04,89,0,278.5,2.07,33,94390,,,,,,
20231227:0000,2023,12,27,00,5,0,0,6.73,85.75,0,277.3,2.07,27,94390,,,,,,
20231227:0100,2023,12,27,01,6,0,0,6.47,85.7,0,276.45,2.14,18,94430,,,,,,
20231227:0200,2023,12,27,02,7,0,0,6.26,85.7,0,275.2,2.07,14,94510,,,,,,
20231227:0300,2023,12,27,03,8,186.6,52.85,6.8,82.6,1004.39,275,1.79,14,94580,,,,,,
20231227:0400,2023,12,27,04,9,350.9,71.25,11.25,74.45,943.73,278.5,1.1,360,94640,,,,,,
20231227:0500,2023,12,27,05,10,477.2,81.65,15.84,50.5,932.25,284.65,1.31,329,94680,,,,,,
20231227:0600,2023,12,27,06,11,550.4,86.45,17.88,42.45,912.65,292.4,1.79,313,94690,,,,,,
20231227:0700,2023,12,27,07,12,559.55,87.05,18.78,36.8,870.52,294.35,2.34,312,94700,,,,,,
20231227:0800,2023,12,27,08,13,505.35,83.5,19.62,35.6,803.19,298.2,2.55,312,94640,,,,,,
20231227:0900,2023,12,27,09,14,393.85,75.1,19.99,34.45,697.68,300.15,2.41,311,94560,,,,,,
20231227:1000,2023,12,27,10,15,238.05,59.9,19.88,34.45,520.31,300.35,2.28,309,94530,,,,,,
20231227:1100,2023,12,27,11,16,70.55,26.75,18.86,42.7,231.03,298.2,1.93,305,94500,,,,,,
20231227:1200,2023,12,27,12,17,0.05,0.05,16.85,48.9,0,293,2.14,314,94500,,,,,,
20231227:1300,2023,12,27,13,18,0,0,14.91,56.15,0,287.4,2.14,338,94490,,,,,,
20231227:1400,2023,12,27,14,19,0,0,13.61,60.05,0,284.1,2.21,354,94500,,,,,,
20231227:1500,2023,12,27,15,20,0,0,12.34,64.45,0,282.35,2.28,4,94490,,,,,,
20231227:1600,2023,12,27,16,21,0,0,11.26,66.65,0,280.4,2.21,9,94490,,,,,,
20231227:1700,2023,12,27,17,22,0,0,10.34,69.1,0,279.05,2.14,11,94490,,,,,,
20231227:1800,2023,12,27,18,23,0,0,9.52,71.5,0,277.5,2.07,11,94460,,,,,,
20231227:1900,2023,12,27,19,0,0,0,8.91,74.15,0,277.7,2.07,15,94420,,,,,,
20231227:2000,2023,12,27,20,1,0,0,8.41,74.05,0,275.75,2.14,12,94360,,,,,,
20231227:2100,2023,12,27,21,2,0,0,7.95,73.95,0,273.05,2.28,10,94320,,,,,,
20231227:2200,2023,12,27,22,3,0,0,7.49,73.9,0,271.3,2.34,10,94260,,,,,,
20231227:2300,2023,12,27,23,4,0,0,7.01,76.65,0,268.8,2.34,8,94210,,,,,,
20231228:0000,2023,12,28,00,5,0,0,6.54,76.55,0,266.5,2.28,7,94190,,,,,,
20231228:0100,2023,12,28,01,6,0,0,6.09,73.7,0,264.05,2.28,7,94170,,,,,,
20231228:0200,2023,12,28,02,7,0,0,5.68,76.5,0,262.2,2.28,7,94190,,,,,,
20231228:0300,2023,12,28,03,8,193.95,53.55,6.01,76.5,1061.1,260.3,2.07,10,94230,,,,,,
20231228:0400,2023,12,28,04,9,363.75,72.05,10.44,66.55,986.27,262.8,1.31,360,94270,,,,,,
20231228:0500,2023,12,28,05,10,494.1,81.95,15.82,41.9,971.86,269,1.31,326,94290,,,,,,
20231228:0600,2023,12,28,06,11,569.85,86.85,17.99,32.65,949.78,275.6,1.59,307,94290,,,,,,
20231228:0700,2023,12,28,07,12,579.4,87.35,18.68,29.35,905.55,277.3,1.31,302,94250,,,,,,
20231228:0800,2023,12,28,08,13,523.8,83.7,19.48,29.5,836.36,281.6,1.38,295,94190,,,,,,
20231228:0900,2023,12,28,09,14,408.75,75.5,19.8,29.6,727.28,284.85,1.24,285,94120,,,,,,
20231228:1000,2023,12,28,10,15,248.35,60.5,19.6,31.8,546.03,286.2,0.9,271,94110,,,,,,
20231228:1100,2023,12,28,11,16,74.9,27.8,18.69,38.2,246.04,286.05,0.55,229,94110,,,,,,
20231228:1200,2023,12,28,12,17,0.05,0.05,17.17,43.9,0,281.75,0.69,143,94140,,,,,,
20231228:1300,2023,12,28,13,18,0,0,15.14,50.35,0,276.55,1.86,103,94180,,,,,,
20231228:1400,2023,12,28,14,19,0,0,13.15,60.05,0,274.6,2.34,95,94250,,,,,,
20231228:1500,2023,12,28,15,20,0,0,11.78,66.75,0,273.65,2.48,91,94320,,,,,,
20231228:1600,2023,12,28,16,21,0,0,10.88,71.75,0,272.1,2.41,92,94350,,,,,,
20231228:1700,2023,12,28,17,22,0,0,10.11,74.4,0,270.75,2.34,94,94410,,,,,,
20231228:1800,2023,12,28,18,23,0,0,9.34,77,0,270.15,2.28,92,94410,,,,,,
20231228:1900,2023,12,28,19,0,0,0,8.81,82.85,0,271.7,2.41,86,94390,,,,,,
20231228:2000,2023,12,28,20,1,0,0,8.19,82.75,0,271.1,2.28,86,94360,,,,,,
20231228:2100,2023,12,28,21,2,0,0,7.6,82.7,0,269.75,2,91,94350,,,,,,
20231228:2200,2023,12,28,22,3,0,0,7.72,79.7,0,269,1.79,94,94340,,,,,,
20231228:2300,2023,12,28,23,4,0,0,7.67,79.7,0,268.6,1.79,88,94320,,,,,,
20231229:0000,2023,12,29,00,5,0,0,7.44,79.65,0,267.45,1.79,83,94320,,,,,,
20231229:0100,2023,12,29,01,6,0,0,7.32,79.65,0,267,1.79,81,94350,,,,,,
20231229:0200,2023,12,29,02,7,0,0,6.99,79.55,0,266.3,1.86,81,94390,,,,,,
20231229:0300,2023,12,29,03,8,188.05,53.05,7,82.6,1026.15,266.5,1.86,82,94450,,,,,,
20231229:0400,2023,12,29,04,9,355.95,70.7,10.65,74.45,965.96,270.55,1.03,89,94470,,,,,,
20231229:0500,2023,12,29,05,10,483.5,81.8,14.4,60.3,947.45,277.1,0.83,132,94540,,,,,,
20231229:0600,2023,12,29,06,11,556.85,87.25,16,54.35,922.89,285.05,0.9,176,94520,,,,,,
20231229:0700,2023,12,29,07,12,546.75,120.85,16.38,50.6,782.8,287.95,0.83,205,94520,,,,,,
20231229:0800,2023,12,29,08,13,486.95,118.25,17.04,48.9,699.22,294.55,0.83,224,94450,,,,,,
20231229:0900,2023,12,29,09,14,384.6,88.5,17.29,49.05,644.17,297.65,0.55,228,94380,,,,,,
20231229:1000,2023,12,29,10,15,242.85,61.25,17.34,49.05,525.22,297.65,0.41,159,94330,,,,,,
20231229:1100,2023,12,29,11,16,72.95,29.7,17.05,50.75,223.67,293.75,0.69,158,94320,,,,,,
20231229:1200,2023,12,29,12,17,0.15,0.15,15.79,58.45,0,289.9,0.55,200,94330,,,,,,
20231229:1300,2023,12,29,13,18,0,0,14.25,64.85,0,287.2,0.34,38,94400,,,,,,
20231229:1400,2023,12,29,14,19,0,0,12.91,72.05,0,290.65,1.38,55,94420,,,,,,
20231229:1500,2023,12,29,15,20,0,0,11.76,74.55,0,297.25,1.86,61,94430,,,,,,
20231229:1600,2023,12,29,16,21,0,0,10.72,77.2,0,298.8,1.93,63,94430,,,,,,
20231229:1700,2023,12,29,17,22,0,0,9.92,82.95,0,294.15,2,63,94410,,,,,,
20231229:1800,2023,12,29,18,23,0,0,9.32,82.9,0,292.8,1.86,60,94400,,,,,,
20231229:1900,2023,12,29,19,0,0,0,8.9,85.95,0,296.85,1.86,38,94370,,,,,,
20231229:2000,2023,12,29,20,1,0,0,8.8,85.95,0,308.65,1.79,39,94330,,,,,,
20231229:2100,2023,12,29,21,2,0,0,8.62,85.95,0,308.1,1.72,40,94290,,,,,,
20231229:2200,2023,12,29,22,3,0,0,8.49,89.1,0,312.95,1.59,36,94280,,,,,,
20231229:2300,2023,12,29,23,4,0,0,8.48,89.1,0,314.65,1.59,26,94230,,,,,,
20231230:0000,2023,12,30,00,5,0,0,8.48,89.1,0,312.15,1.72,28,94200,,,,,,
20231230:0100,2023,12,30,01,6,0,0,8.22,89.1,0,306.65,1.72,30,94190,,,,,,
20231230:0200,2023,12,30,02,7,0,0,8.03,89.05,0,308.85,1.66,34,94230,,,,,,
20231230:0300,2023,12,30,03,8,141,85.75,8.1,89.1,422.08,305.95,1.38,35,94270,,,,,,
20231230:0400,2023,12,30,04,9,259.7,146.55,10.75,83.05,383.63,309.05,0.62,36,94340,,,,,,
20231230:0500,2023,12,30,05,10,392.2,161.55,13.92,64.75,544,318.15,0.28,326,94370,,,,,,
20231230:0600,2023,12,30,06,11,521.9,124.45,15.48,56.25,780.48,318.15,0.69,276,94400,,,,,,
20231230:0700,2023,12,30,07,12,509.25,156.65,16.58,50.6,647.1,300.75,1.45,292,94390,,,,,,
20231230:0800,2023,12,30,08,13,444.8,130.6,17.14,48.9,594.5,314.3,1.45,296,94310,,,,,,
20231230:0900,2023,12,30,09,14,349.55,109.8,17.28,45.55,519.82,317.75,1.24,306,94260,,,,,,
20231230:1000,2023,12,30,10,15,211.55,81.75,17.23,45.55,373.43,320.1,0.97,317,94210,,,,,,
20231230:1100,2023,12,30,11,16,63.9,36.95,16.78,48.9,137.94,313.3,0.55,312,94180,,,,,,
20231230:1200,2023,12,30,12,17,0.2,0.2,15.78,56.35,0,304.6,0.55,300,94210,,,,,,
20231230:1300,2023,12,30,13,18,0,0,14.39,62.55,0,305.55,0.62,359,94210,,,,,,
20231230:1400,2023,12,30,14,19,0,0,12.99,69.45,0,290.5,1.17,35,94250,,,,,,
20231230:1500,2023,12,30,15,20,0,0,11.53,74.45,0,281.2,1.72,50,94270,,,,,,
20231230:1600,2023,12,30,16,21,0,0,10.29,77.15,0,278.3,2,50,94270,,,,,,
20231230:1700,2023,12,30,17,22,0,0,9.22,79.9,0,275.6,2.07,44,94280,,,,,,
20231230:1800,2023,12,30,18,23,0,0,8.32,82.75,0,272.85,2.07,40,94260,,,,,,
20231230:1900,2023,12,30,19,0,0,0,7.41,89,0,272.5,1.86,51,94240,,,,,,
20231230:2000,2023,12,30,20,1,0,0,6.82,89,0,271.1,1.86,49,94250,,,,,,
20231230:2100,2023,12,30,21,2,0,0,6.31,88.95,0,269.75,1.93,47,94220,,,,,,
20231230:2200,2023,12,30,22,3,0,0,5.82,88.9,0,268.4,1.93,47,94200,,,,,,
20231230:2300,2023,12,30,23,4,0,0,5.4,92.25,0,266.65,1.93,45,94170,,,,,,
20231231:0000,2023,12,31,00,5,0,0,5.05,88.85,0,265.5,1.93,45,94160,,,,,,
20231231:0100,2023,12,31,01,6,0,0,4.71,88.85,0,265.05,1.93,44,94160,,,,,,
20231231:0200,2023,12,31,02,7,0,0,4.39,92.2,0,263.95,1.93,44,94210,,,,,,
20231231:0300,2023,12,31,03,8,187.35,52.6,4.74,88.85,1033.85,263.6,1.66,44,94290,,,,,,
20231231:0400,2023,12,31,04,9,355.1,70.65,9.11,79.9,965.25,267.05,0.76,33,94340,,,,,,
20231231:0500,2023,12,31,05,10,483.65,80.25,13.95,55.9,951.19,273.85,0.62,329,94420,,,,,,
20231231:0600,2023,12,31,06,11,558.45,85.65,15.71,48.65,927.5,281.4,1.03,304,94420,,,,,,
20231231:0700,2023,12,31,07,12,569,86.8,16.72,43.8,883.45,284.5,1.24,304,94380,,,,,,
20231231:0800,2023,12,31,08,13,515.85,83.7,17.54,40.75,815.65,288.35,1.31,302,94300,,,,,,
20231231:0900,2023,12,31,09,14,404.55,75.8,17.9,40.9,710.25,290.5,1.24,302,94240,,,,,,
20231231:1000,2023,12,31,10,15,248.35,60.75,17.86,40.9,536.75,290.85,1.1,304,94210,,,,,,
20231231:1100,2023,12,31,11,16,78.1,29.1,17.26,43.9,248.13,289.5,0.9,300,94180,,,,,,
20231231:1200,2023,12,31,12,17,0.25,0.25,15.97,52.4,0,284.65,0.9,313,94190,,,,,,
20231231:1300,2023,12,31,13,18,0,0,14.15,58.1,0,279.25,1.03,4,94180,,,,,,
20231231:1400,2023,12,31,14,19,0,0,12.61,66.85,0,276.15,1.66,34,94220,,,,,,
20231231:1500,2023,12,31,15,20,0,0,11.24,69.15,0,274.8,2,47,94270,,,,,,
20231231:1600,2023,12,31,16,21,0,0,7.92,79.39,0,317.06,2.47,53,94280,,,,,,
20231231:1700,2023,12,31,17,22,0,0,7.93,79.23,0,324.82,2.46,54,94290,,,,,,
20231231:1800,2023,12,31,18,23,0,0,7.94,79.08,0,332.57,2.44,53,94300,,,,,,
20231231:1900,2023,12,31,19,0,0,0,7.95,78.92,0,340.33,2.43,63,94290,,,,,,
20231231:2000,2023,12,31,20,1,0,0,7.96,78.77,0,348.08,2.42,65,94260,,,,,,
20231231:2100,2023,12,31,21,2,0,0,7.97,78.61,0,355.84,2.41,69,94270,,,,,,
20231231:2200,2023,12,31,22,3,0,0,7.98,78.46,0,363.59,2.39,72,94250,,,,,,
20231231:2300,2023,12,31,23,4,0,0,7.99,78.3,0,371.35,2.38,73,94230,,,,,,
